<?xml version="1.0" encoding="UTF-8"?>
<gpx version="1.1" creator="GPX" xmlns="http://www.topografix.com/GPX/1/1">
 <trk>
  <type>running</type>
  <trkseg>
   <trkpt lat="39.9453670" lon="-75.1872217"><ele>19.8</ele><time>2026-08-23T23:45:46Z</time></trkpt>
   <trkpt lat="39.9453671" lon="-75.1872646"><ele>19.6</ele><time>2026-08-23T23:45:47Z</time></trkpt>
   <trkpt lat="39.9453642" lon="-75.1873006"><ele>19.8</ele><time>2026-08-23T23:45:48Z</time></trkpt>
   <trkpt lat="39.9453650" lon="-75.1873349"><ele>19.8</ele><time>2026-08-23T23:45:49Z</time></trkpt>
   <trkpt lat="39.9453697" lon="-75.1873672"><ele>19.8</ele><time>2026-08-23T23:45:50Z</time></trkpt>
   <trkpt lat="39.9453660" lon="-75.1874006"><ele>19.8</ele><time>2026-08-23T23:45:51Z</time></trkpt>
   <trkpt lat="39.9453655" lon="-75.1874328"><ele>20.0</ele><time>2026-08-23T23:45:52Z</time></trkpt>
   <trkpt lat="39.9453660" lon="-75.1874651"><ele>20.0</ele><time>2026-08-23T23:45:53Z</time></trkpt>
   <trkpt lat="39.9453649" lon="-75.1874974"><ele>19.8</ele><time>2026-08-23T23:45:54Z</time></trkpt>
   <trkpt lat="39.9453598" lon="-75.1875327"><ele>19.8</ele><time>2026-08-23T23:45:55Z</time></trkpt>
   <trkpt lat="39.9453557" lon="-75.1875601"><ele>19.6</ele><time>2026-08-23T23:45:56Z</time></trkpt>
   <trkpt lat="39.9453505" lon="-75.1875927"><ele>19.4</ele><time>2026-08-23T23:45:57Z</time></trkpt>
   <trkpt lat="39.9453493" lon="-75.1876149"><ele>19.2</ele><time>2026-08-23T23:45:58Z</time></trkpt>
   <trkpt lat="39.9453520" lon="-75.1876368"><ele>19.2</ele><time>2026-08-23T23:45:59Z</time></trkpt>
   <trkpt lat="39.9453463" lon="-75.1876588"><ele>19.2</ele><time>2026-08-23T23:46:00Z</time></trkpt>
   <trkpt lat="39.9453481" lon="-75.1876834"><ele>19.2</ele><time>2026-08-23T23:46:01Z</time></trkpt>
   <trkpt lat="39.9453545" lon="-75.1877011"><ele>19.2</ele><time>2026-08-23T23:46:02Z</time></trkpt>
   <trkpt lat="39.9453573" lon="-75.1877100"><ele>19.2</ele><time>2026-08-23T23:46:03Z</time></trkpt>
   <trkpt lat="39.9453610" lon="-75.1877134"><ele>19.0</ele><time>2026-08-23T23:46:04Z</time></trkpt>
   <trkpt lat="39.9453682" lon="-75.1877197"><ele>19.0</ele><time>2026-08-23T23:46:05Z</time></trkpt>
   <trkpt lat="39.9453743" lon="-75.1877107"><ele>18.8</ele><time>2026-08-23T23:46:06Z</time></trkpt>
   <trkpt lat="39.9453795" lon="-75.1877135"><ele>18.8</ele><time>2026-08-23T23:46:07Z</time></trkpt>
   <trkpt lat="39.9453787" lon="-75.1877163"><ele>18.6</ele><time>2026-08-23T23:46:08Z</time></trkpt>
   <trkpt lat="39.9453875" lon="-75.1877168"><ele>18.4</ele><time>2026-08-23T23:46:09Z</time></trkpt>
   <trkpt lat="39.9453971" lon="-75.1877155"><ele>18.2</ele><time>2026-08-23T23:46:10Z</time></trkpt>
   <trkpt lat="39.9454070" lon="-75.1877092"><ele>18.0</ele><time>2026-08-23T23:46:11Z</time></trkpt>
   <trkpt lat="39.9454172" lon="-75.1877031"><ele>17.6</ele><time>2026-08-23T23:46:12Z</time></trkpt>
   <trkpt lat="39.9454297" lon="-75.1877035"><ele>17.2</ele><time>2026-08-23T23:46:13Z</time></trkpt>
   <trkpt lat="39.9454392" lon="-75.1877138"><ele>16.8</ele><time>2026-08-23T23:46:14Z</time></trkpt>
   <trkpt lat="39.9454493" lon="-75.1877264"><ele>16.6</ele><time>2026-08-23T23:46:15Z</time></trkpt>
   <trkpt lat="39.9454529" lon="-75.1877348"><ele>16.6</ele><time>2026-08-23T23:46:16Z</time></trkpt>
   <trkpt lat="39.9454498" lon="-75.1877402"><ele>16.6</ele><time>2026-08-23T23:46:17Z</time></trkpt>
   <trkpt lat="39.9454454" lon="-75.1877409"><ele>16.4</ele><time>2026-08-23T23:46:18Z</time></trkpt>
   <trkpt lat="39.9454390" lon="-75.1877414"><ele>16.4</ele><time>2026-08-23T23:46:19Z</time></trkpt>
   <trkpt lat="39.9454316" lon="-75.1877437"><ele>16.2</ele><time>2026-08-23T23:46:20Z</time></trkpt>
   <trkpt lat="39.9454258" lon="-75.1877481"><ele>16.0</ele><time>2026-08-23T23:46:21Z</time></trkpt>
   <trkpt lat="39.9454176" lon="-75.1877542"><ele>15.6</ele><time>2026-08-23T23:46:22Z</time></trkpt>
   <trkpt lat="39.9454071" lon="-75.1877597"><ele>15.2</ele><time>2026-08-23T23:46:23Z</time></trkpt>
   <trkpt lat="39.9453974" lon="-75.1877595"><ele>14.8</ele><time>2026-08-23T23:46:24Z</time></trkpt>
   <trkpt lat="39.9453943" lon="-75.1877533"><ele>14.4</ele><time>2026-08-23T23:46:25Z</time></trkpt>
   <trkpt lat="39.9453932" lon="-75.1877455"><ele>14.0</ele><time>2026-08-23T23:46:26Z</time></trkpt>
   <trkpt lat="39.9453890" lon="-75.1877399"><ele>13.8</ele><time>2026-08-23T23:46:27Z</time></trkpt>
   <trkpt lat="39.9453831" lon="-75.1877398"><ele>13.8</ele><time>2026-08-23T23:46:28Z</time></trkpt>
   <trkpt lat="39.9453838" lon="-75.1877381"><ele>13.8</ele><time>2026-08-23T23:46:29Z</time></trkpt>
   <trkpt lat="39.9453879" lon="-75.1877367"><ele>13.8</ele><time>2026-08-23T23:46:30Z</time></trkpt>
   <trkpt lat="39.9453849" lon="-75.1877280"><ele>13.8</ele><time>2026-08-23T23:46:31Z</time></trkpt>
   <trkpt lat="39.9453911" lon="-75.1877172"><ele>13.4</ele><time>2026-08-23T23:46:32Z</time></trkpt>
   <trkpt lat="39.9453967" lon="-75.1877150"><ele>13.2</ele><time>2026-08-23T23:46:33Z</time></trkpt>
   <trkpt lat="39.9454023" lon="-75.1877056"><ele>12.6</ele><time>2026-08-23T23:46:34Z</time></trkpt>
   <trkpt lat="39.9454119" lon="-75.1876993"><ele>12.2</ele><time>2026-08-23T23:46:35Z</time></trkpt>
   <trkpt lat="39.9454234" lon="-75.1877043"><ele>11.8</ele><time>2026-08-23T23:46:36Z</time></trkpt>
   <trkpt lat="39.9454361" lon="-75.1877154"><ele>11.6</ele><time>2026-08-23T23:46:37Z</time></trkpt>
   <trkpt lat="39.9454339" lon="-75.1877278"><ele>11.4</ele><time>2026-08-23T23:46:38Z</time></trkpt>
   <trkpt lat="39.9454292" lon="-75.1877329"><ele>11.4</ele><time>2026-08-23T23:46:39Z</time></trkpt>
   <trkpt lat="39.9454336" lon="-75.1877290"><ele>11.6</ele><time>2026-08-23T23:46:40Z</time></trkpt>
   <trkpt lat="39.9454298" lon="-75.1877343"><ele>11.6</ele><time>2026-08-23T23:46:41Z</time></trkpt>
   <trkpt lat="39.9454268" lon="-75.1877383"><ele>11.4</ele><time>2026-08-23T23:46:42Z</time></trkpt>
   <trkpt lat="39.9454275" lon="-75.1877408"><ele>11.2</ele><time>2026-08-23T23:46:43Z</time></trkpt>
   <trkpt lat="39.9454230" lon="-75.1877430"><ele>11.0</ele><time>2026-08-23T23:46:44Z</time></trkpt>
   <trkpt lat="39.9454208" lon="-75.1877500"><ele>10.6</ele><time>2026-08-23T23:46:45Z</time></trkpt>
   <trkpt lat="39.9454247" lon="-75.1877626"><ele>10.2</ele><time>2026-08-23T23:46:46Z</time></trkpt>
   <trkpt lat="39.9454397" lon="-75.1877826"><ele>10.0</ele><time>2026-08-23T23:46:47Z</time></trkpt>
   <trkpt lat="39.9454561" lon="-75.1877855"><ele>9.8</ele><time>2026-08-23T23:46:48Z</time></trkpt>
   <trkpt lat="39.9454713" lon="-75.1877742"><ele>9.6</ele><time>2026-08-23T23:46:49Z</time></trkpt>
   <trkpt lat="39.9454892" lon="-75.1877632"><ele>9.4</ele><time>2026-08-23T23:46:50Z</time></trkpt>
   <trkpt lat="39.9455064" lon="-75.1877430"><ele>9.4</ele><time>2026-08-23T23:46:51Z</time></trkpt>
   <trkpt lat="39.9455214" lon="-75.1877169"><ele>9.4</ele><time>2026-08-23T23:46:52Z</time></trkpt>
   <trkpt lat="39.9455357" lon="-75.1876817"><ele>9.2</ele><time>2026-08-23T23:46:53Z</time></trkpt>
   <trkpt lat="39.9455499" lon="-75.1876445"><ele>9.2</ele><time>2026-08-23T23:46:54Z</time></trkpt>
   <trkpt lat="39.9455637" lon="-75.1876099"><ele>9.0</ele><time>2026-08-23T23:46:55Z</time></trkpt>
   <trkpt lat="39.9455770" lon="-75.1875766"><ele>9.0</ele><time>2026-08-23T23:46:56Z</time></trkpt>
   <trkpt lat="39.9455825" lon="-75.1875385"><ele>9.0</ele><time>2026-08-23T23:46:57Z</time></trkpt>
   <trkpt lat="39.9456039" lon="-75.1875097"><ele>9.0</ele><time>2026-08-23T23:46:58Z</time></trkpt>
   <trkpt lat="39.9456256" lon="-75.1874765"><ele>9.0</ele><time>2026-08-23T23:46:59Z</time></trkpt>
   <trkpt lat="39.9456431" lon="-75.1874506"><ele>9.0</ele><time>2026-08-23T23:47:00Z</time></trkpt>
   <trkpt lat="39.9456600" lon="-75.1874160"><ele>9.0</ele><time>2026-08-23T23:47:01Z</time></trkpt>
   <trkpt lat="39.9456793" lon="-75.1873841"><ele>9.0</ele><time>2026-08-23T23:47:02Z</time></trkpt>
   <trkpt lat="39.9456979" lon="-75.1873662"><ele>8.8</ele><time>2026-08-23T23:47:03Z</time></trkpt>
   <trkpt lat="39.9457201" lon="-75.1873394"><ele>8.8</ele><time>2026-08-23T23:47:04Z</time></trkpt>
   <trkpt lat="39.9457378" lon="-75.1873383"><ele>9.0</ele><time>2026-08-23T23:47:05Z</time></trkpt>
   <trkpt lat="39.9457343" lon="-75.1873429"><ele>9.2</ele><time>2026-08-23T23:47:06Z</time></trkpt>
   <trkpt lat="39.9457189" lon="-75.1873519"><ele>9.2</ele><time>2026-08-23T23:47:07Z</time></trkpt>
   <trkpt lat="39.9456955" lon="-75.1873682"><ele>9.2</ele><time>2026-08-23T23:47:08Z</time></trkpt>
   <trkpt lat="39.9456748" lon="-75.1873842"><ele>9.2</ele><time>2026-08-23T23:47:09Z</time></trkpt>
   <trkpt lat="39.9456577" lon="-75.1873956"><ele>9.4</ele><time>2026-08-23T23:47:10Z</time></trkpt>
   <trkpt lat="39.9456390" lon="-75.1874127"><ele>9.4</ele><time>2026-08-23T23:47:11Z</time></trkpt>
   <trkpt lat="39.9456250" lon="-75.1874237"><ele>9.4</ele><time>2026-08-23T23:47:12Z</time></trkpt>
   <trkpt lat="39.9456093" lon="-75.1874498"><ele>9.4</ele><time>2026-08-23T23:47:13Z</time></trkpt>
   <trkpt lat="39.9455955" lon="-75.1874660"><ele>9.4</ele><time>2026-08-23T23:47:14Z</time></trkpt>
   <trkpt lat="39.9455820" lon="-75.1874719"><ele>9.4</ele><time>2026-08-23T23:47:15Z</time></trkpt>
   <trkpt lat="39.9455712" lon="-75.1874846"><ele>9.4</ele><time>2026-08-23T23:47:16Z</time></trkpt>
   <trkpt lat="39.9455608" lon="-75.1875002"><ele>9.6</ele><time>2026-08-23T23:47:17Z</time></trkpt>
   <trkpt lat="39.9455534" lon="-75.1875166"><ele>9.6</ele><time>2026-08-23T23:47:18Z</time></trkpt>
   <trkpt lat="39.9455432" lon="-75.1875310"><ele>9.6</ele><time>2026-08-23T23:47:19Z</time></trkpt>
   <trkpt lat="39.9455393" lon="-75.1875411"><ele>9.6</ele><time>2026-08-23T23:47:20Z</time></trkpt>
   <trkpt lat="39.9455497" lon="-75.1875407"><ele>9.4</ele><time>2026-08-23T23:47:21Z</time></trkpt>
   <trkpt lat="39.9455473" lon="-75.1875560"><ele>9.4</ele><time>2026-08-23T23:47:22Z</time></trkpt>
   <trkpt lat="39.9455396" lon="-75.1875816"><ele>9.4</ele><time>2026-08-23T23:47:23Z</time></trkpt>
   <trkpt lat="39.9455326" lon="-75.1876014"><ele>9.4</ele><time>2026-08-23T23:47:24Z</time></trkpt>
   <trkpt lat="39.9455270" lon="-75.1876150"><ele>9.4</ele><time>2026-08-23T23:47:25Z</time></trkpt>
   <trkpt lat="39.9455257" lon="-75.1876247"><ele>9.4</ele><time>2026-08-23T23:47:26Z</time></trkpt>
   <trkpt lat="39.9455284" lon="-75.1876285"><ele>9.4</ele><time>2026-08-23T23:47:27Z</time></trkpt>
   <trkpt lat="39.9455305" lon="-75.1876321"><ele>9.4</ele><time>2026-08-23T23:47:28Z</time></trkpt>
   <trkpt lat="39.9455359" lon="-75.1876259"><ele>9.4</ele><time>2026-08-23T23:47:29Z</time></trkpt>
   <trkpt lat="39.9455406" lon="-75.1876227"><ele>9.4</ele><time>2026-08-23T23:47:30Z</time></trkpt>
   <trkpt lat="39.9455430" lon="-75.1876149"><ele>9.4</ele><time>2026-08-23T23:47:31Z</time></trkpt>
   <trkpt lat="39.9455449" lon="-75.1876140"><ele>9.2</ele><time>2026-08-23T23:47:32Z</time></trkpt>
   <trkpt lat="39.9455469" lon="-75.1876232"><ele>9.2</ele><time>2026-08-23T23:47:33Z</time></trkpt>
   <trkpt lat="39.9455479" lon="-75.1876285"><ele>9.2</ele><time>2026-08-23T23:47:34Z</time></trkpt>
   <trkpt lat="39.9455505" lon="-75.1876341"><ele>9.2</ele><time>2026-08-23T23:47:35Z</time></trkpt>
   <trkpt lat="39.9455534" lon="-75.1876376"><ele>9.2</ele><time>2026-08-23T23:47:36Z</time></trkpt>
   <trkpt lat="39.9455554" lon="-75.1876404"><ele>9.2</ele><time>2026-08-23T23:47:37Z</time></trkpt>
   <trkpt lat="39.9455579" lon="-75.1876404"><ele>9.2</ele><time>2026-08-23T23:47:38Z</time></trkpt>
   <trkpt lat="39.9455582" lon="-75.1876450"><ele>9.2</ele><time>2026-08-23T23:47:39Z</time></trkpt>
   <trkpt lat="39.9455603" lon="-75.1876477"><ele>9.2</ele><time>2026-08-23T23:47:40Z</time></trkpt>
   <trkpt lat="39.9455613" lon="-75.1876504"><ele>9.2</ele><time>2026-08-23T23:47:41Z</time></trkpt>
   <trkpt lat="39.9455655" lon="-75.1876513"><ele>9.2</ele><time>2026-08-23T23:47:42Z</time></trkpt>
   <trkpt lat="39.9455670" lon="-75.1876523"><ele>9.2</ele><time>2026-08-23T23:47:43Z</time></trkpt>
   <trkpt lat="39.9455654" lon="-75.1876475"><ele>9.2</ele><time>2026-08-23T23:47:44Z</time></trkpt>
   <trkpt lat="39.9455640" lon="-75.1876502"><ele>9.4</ele><time>2026-08-23T23:47:45Z</time></trkpt>
   <trkpt lat="39.9455634" lon="-75.1876492"><ele>9.2</ele><time>2026-08-23T23:47:46Z</time></trkpt>
   <trkpt lat="39.9455622" lon="-75.1876487"><ele>9.2</ele><time>2026-08-23T23:47:47Z</time></trkpt>
   <trkpt lat="39.9455619" lon="-75.1876497"><ele>9.2</ele><time>2026-08-23T23:47:48Z</time></trkpt>
   <trkpt lat="39.9455612" lon="-75.1876517"><ele>9.2</ele><time>2026-08-23T23:47:49Z</time></trkpt>
   <trkpt lat="39.9455633" lon="-75.1876448"><ele>9.2</ele><time>2026-08-23T23:47:50Z</time></trkpt>
   <trkpt lat="39.9455639" lon="-75.1876249"><ele>9.0</ele><time>2026-08-23T23:47:51Z</time></trkpt>
   <trkpt lat="39.9455596" lon="-75.1876078"><ele>9.0</ele><time>2026-08-23T23:47:52Z</time></trkpt>
   <trkpt lat="39.9455621" lon="-75.1876057"><ele>9.0</ele><time>2026-08-23T23:47:53Z</time></trkpt>
   <trkpt lat="39.9455642" lon="-75.1876015"><ele>9.0</ele><time>2026-08-23T23:47:54Z</time></trkpt>
   <trkpt lat="39.9455656" lon="-75.1875945"><ele>9.0</ele><time>2026-08-23T23:47:55Z</time></trkpt>
   <trkpt lat="39.9455665" lon="-75.1875917"><ele>9.0</ele><time>2026-08-23T23:47:56Z</time></trkpt>
   <trkpt lat="39.9455680" lon="-75.1875885"><ele>9.0</ele><time>2026-08-23T23:47:57Z</time></trkpt>
   <trkpt lat="39.9455688" lon="-75.1875855"><ele>9.0</ele><time>2026-08-23T23:47:58Z</time></trkpt>
   <trkpt lat="39.9455663" lon="-75.1875788"><ele>8.8</ele><time>2026-08-23T23:47:59Z</time></trkpt>
   <trkpt lat="39.9455639" lon="-75.1875771"><ele>8.8</ele><time>2026-08-23T23:48:00Z</time></trkpt>
   <trkpt lat="39.9455618" lon="-75.1875733"><ele>8.8</ele><time>2026-08-23T23:48:01Z</time></trkpt>
   <trkpt lat="39.9455582" lon="-75.1875700"><ele>8.8</ele><time>2026-08-23T23:48:02Z</time></trkpt>
   <trkpt lat="39.9455577" lon="-75.1875710"><ele>8.8</ele><time>2026-08-23T23:48:03Z</time></trkpt>
   <trkpt lat="39.9455570" lon="-75.1875751"><ele>8.8</ele><time>2026-08-23T23:48:04Z</time></trkpt>
   <trkpt lat="39.9455554" lon="-75.1875772"><ele>8.8</ele><time>2026-08-23T23:48:05Z</time></trkpt>
   <trkpt lat="39.9455527" lon="-75.1875802"><ele>8.8</ele><time>2026-08-23T23:48:06Z</time></trkpt>
   <trkpt lat="39.9455527" lon="-75.1875827"><ele>8.8</ele><time>2026-08-23T23:48:07Z</time></trkpt>
   <trkpt lat="39.9455523" lon="-75.1875855"><ele>9.0</ele><time>2026-08-23T23:48:08Z</time></trkpt>
   <trkpt lat="39.9455501" lon="-75.1875895"><ele>9.0</ele><time>2026-08-23T23:48:09Z</time></trkpt>
   <trkpt lat="39.9455473" lon="-75.1875939"><ele>9.0</ele><time>2026-08-23T23:48:10Z</time></trkpt>
   <trkpt lat="39.9455452" lon="-75.1876062"><ele>9.0</ele><time>2026-08-23T23:48:11Z</time></trkpt>
   <trkpt lat="39.9455446" lon="-75.1876098"><ele>9.0</ele><time>2026-08-23T23:48:12Z</time></trkpt>
   <trkpt lat="39.9455422" lon="-75.1876119"><ele>9.0</ele><time>2026-08-23T23:48:13Z</time></trkpt>
   <trkpt lat="39.9455402" lon="-75.1876154"><ele>9.0</ele><time>2026-08-23T23:48:14Z</time></trkpt>
   <trkpt lat="39.9455379" lon="-75.1876116"><ele>9.0</ele><time>2026-08-23T23:48:15Z</time></trkpt>
   <trkpt lat="39.9455368" lon="-75.1876093"><ele>9.0</ele><time>2026-08-23T23:48:16Z</time></trkpt>
   <trkpt lat="39.9455344" lon="-75.1876101"><ele>9.0</ele><time>2026-08-23T23:48:17Z</time></trkpt>
   <trkpt lat="39.9455321" lon="-75.1876129"><ele>9.0</ele><time>2026-08-23T23:48:18Z</time></trkpt>
   <trkpt lat="39.9455302" lon="-75.1876160"><ele>9.0</ele><time>2026-08-23T23:48:19Z</time></trkpt>
   <trkpt lat="39.9455266" lon="-75.1876155"><ele>9.0</ele><time>2026-08-23T23:48:20Z</time></trkpt>
   <trkpt lat="39.9455232" lon="-75.1876163"><ele>9.2</ele><time>2026-08-23T23:48:21Z</time></trkpt>
   <trkpt lat="39.9455216" lon="-75.1876176"><ele>9.2</ele><time>2026-08-23T23:48:22Z</time></trkpt>
   <trkpt lat="39.9455207" lon="-75.1876186"><ele>9.2</ele><time>2026-08-23T23:48:23Z</time></trkpt>
   <trkpt lat="39.9455186" lon="-75.1876179"><ele>9.2</ele><time>2026-08-23T23:48:24Z</time></trkpt>
   <trkpt lat="39.9455182" lon="-75.1876176"><ele>9.2</ele><time>2026-08-23T23:48:25Z</time></trkpt>
   <trkpt lat="39.9455175" lon="-75.1876179"><ele>9.2</ele><time>2026-08-23T23:48:26Z</time></trkpt>
   <trkpt lat="39.9455168" lon="-75.1876188"><ele>9.2</ele><time>2026-08-23T23:48:27Z</time></trkpt>
   <trkpt lat="39.9455162" lon="-75.1876184"><ele>9.0</ele><time>2026-08-23T23:48:28Z</time></trkpt>
   <trkpt lat="39.9455162" lon="-75.1876184"><ele>9.0</ele><time>2026-08-23T23:48:29Z</time></trkpt>
   <trkpt lat="39.9455155" lon="-75.1876142"><ele>9.0</ele><time>2026-08-23T23:48:30Z</time></trkpt>
   <trkpt lat="39.9455173" lon="-75.1875694"><ele>9.0</ele><time>2026-08-23T23:48:31Z</time></trkpt>
   <trkpt lat="39.9455261" lon="-75.1875380"><ele>8.8</ele><time>2026-08-23T23:48:32Z</time></trkpt>
   <trkpt lat="39.9455454" lon="-75.1875043"><ele>8.6</ele><time>2026-08-23T23:48:33Z</time></trkpt>
   <trkpt lat="39.9455681" lon="-75.1874753"><ele>8.6</ele><time>2026-08-23T23:48:34Z</time></trkpt>
   <trkpt lat="39.9455978" lon="-75.1874407"><ele>8.4</ele><time>2026-08-23T23:48:35Z</time></trkpt>
   <trkpt lat="39.9456245" lon="-75.1874113"><ele>8.4</ele><time>2026-08-23T23:48:36Z</time></trkpt>
   <trkpt lat="39.9456486" lon="-75.1873818"><ele>8.4</ele><time>2026-08-23T23:48:37Z</time></trkpt>
   <trkpt lat="39.9456740" lon="-75.1873515"><ele>8.6</ele><time>2026-08-23T23:48:38Z</time></trkpt>
   <trkpt lat="39.9456960" lon="-75.1873225"><ele>8.6</ele><time>2026-08-23T23:48:39Z</time></trkpt>
   <trkpt lat="39.9457278" lon="-75.1872888"><ele>8.8</ele><time>2026-08-23T23:48:40Z</time></trkpt>
   <trkpt lat="39.9457561" lon="-75.1872581"><ele>8.8</ele><time>2026-08-23T23:48:41Z</time></trkpt>
   <trkpt lat="39.9457804" lon="-75.1872336"><ele>8.6</ele><time>2026-08-23T23:48:42Z</time></trkpt>
   <trkpt lat="39.9458079" lon="-75.1871997"><ele>8.6</ele><time>2026-08-23T23:48:43Z</time></trkpt>
   <trkpt lat="39.9458311" lon="-75.1871692"><ele>8.6</ele><time>2026-08-23T23:48:44Z</time></trkpt>
   <trkpt lat="39.9458554" lon="-75.1871441"><ele>8.6</ele><time>2026-08-23T23:48:45Z</time></trkpt>
   <trkpt lat="39.9458818" lon="-75.1871098"><ele>8.8</ele><time>2026-08-23T23:48:46Z</time></trkpt>
   <trkpt lat="39.9459064" lon="-75.1870815"><ele>8.8</ele><time>2026-08-23T23:48:47Z</time></trkpt>
   <trkpt lat="39.9459320" lon="-75.1870501"><ele>8.6</ele><time>2026-08-23T23:48:48Z</time></trkpt>
   <trkpt lat="39.9459586" lon="-75.1870152"><ele>8.6</ele><time>2026-08-23T23:48:49Z</time></trkpt>
   <trkpt lat="39.9459820" lon="-75.1869855"><ele>8.6</ele><time>2026-08-23T23:48:50Z</time></trkpt>
   <trkpt lat="39.9460062" lon="-75.1869541"><ele>8.6</ele><time>2026-08-23T23:48:51Z</time></trkpt>
   <trkpt lat="39.9460265" lon="-75.1869245"><ele>8.6</ele><time>2026-08-23T23:48:52Z</time></trkpt>
   <trkpt lat="39.9460455" lon="-75.1869003"><ele>8.8</ele><time>2026-08-23T23:48:53Z</time></trkpt>
   <trkpt lat="39.9460711" lon="-75.1868732"><ele>9.0</ele><time>2026-08-23T23:48:54Z</time></trkpt>
   <trkpt lat="39.9460919" lon="-75.1868550"><ele>9.0</ele><time>2026-08-23T23:48:55Z</time></trkpt>
   <trkpt lat="39.9461203" lon="-75.1868302"><ele>9.2</ele><time>2026-08-23T23:48:56Z</time></trkpt>
   <trkpt lat="39.9461487" lon="-75.1868145"><ele>9.2</ele><time>2026-08-23T23:48:57Z</time></trkpt>
   <trkpt lat="39.9461770" lon="-75.1868094"><ele>9.4</ele><time>2026-08-23T23:48:58Z</time></trkpt>
   <trkpt lat="39.9462149" lon="-75.1868000"><ele>9.4</ele><time>2026-08-23T23:48:59Z</time></trkpt>
   <trkpt lat="39.9462404" lon="-75.1868015"><ele>9.4</ele><time>2026-08-23T23:49:00Z</time></trkpt>
   <trkpt lat="39.9462637" lon="-75.1868033"><ele>9.4</ele><time>2026-08-23T23:49:01Z</time></trkpt>
   <trkpt lat="39.9462937" lon="-75.1868037"><ele>9.6</ele><time>2026-08-23T23:49:02Z</time></trkpt>
   <trkpt lat="39.9463194" lon="-75.1868078"><ele>9.6</ele><time>2026-08-23T23:49:03Z</time></trkpt>
   <trkpt lat="39.9463481" lon="-75.1868178"><ele>9.6</ele><time>2026-08-23T23:49:04Z</time></trkpt>
   <trkpt lat="39.9463746" lon="-75.1868195"><ele>9.6</ele><time>2026-08-23T23:49:05Z</time></trkpt>
   <trkpt lat="39.9463979" lon="-75.1868188"><ele>9.8</ele><time>2026-08-23T23:49:06Z</time></trkpt>
   <trkpt lat="39.9464290" lon="-75.1868162"><ele>9.8</ele><time>2026-08-23T23:49:07Z</time></trkpt>
   <trkpt lat="39.9464566" lon="-75.1868100"><ele>10.0</ele><time>2026-08-23T23:49:08Z</time></trkpt>
   <trkpt lat="39.9464798" lon="-75.1868066"><ele>10.0</ele><time>2026-08-23T23:49:09Z</time></trkpt>
   <trkpt lat="39.9465157" lon="-75.1867948"><ele>10.0</ele><time>2026-08-23T23:49:10Z</time></trkpt>
   <trkpt lat="39.9465459" lon="-75.1867754"><ele>9.8</ele><time>2026-08-23T23:49:11Z</time></trkpt>
   <trkpt lat="39.9465722" lon="-75.1867556"><ele>9.6</ele><time>2026-08-23T23:49:12Z</time></trkpt>
   <trkpt lat="39.9465987" lon="-75.1867223"><ele>9.4</ele><time>2026-08-23T23:49:13Z</time></trkpt>
   <trkpt lat="39.9466179" lon="-75.1866945"><ele>9.2</ele><time>2026-08-23T23:49:14Z</time></trkpt>
   <trkpt lat="39.9466346" lon="-75.1866694"><ele>9.2</ele><time>2026-08-23T23:49:15Z</time></trkpt>
   <trkpt lat="39.9466497" lon="-75.1866521"><ele>9.2</ele><time>2026-08-23T23:49:16Z</time></trkpt>
   <trkpt lat="39.9466616" lon="-75.1866303"><ele>9.4</ele><time>2026-08-23T23:49:17Z</time></trkpt>
   <trkpt lat="39.9466692" lon="-75.1866186"><ele>9.4</ele><time>2026-08-23T23:49:18Z</time></trkpt>
   <trkpt lat="39.9466871" lon="-75.1865940"><ele>9.6</ele><time>2026-08-23T23:49:19Z</time></trkpt>
   <trkpt lat="39.9467013" lon="-75.1865683"><ele>9.6</ele><time>2026-08-23T23:49:20Z</time></trkpt>
   <trkpt lat="39.9467193" lon="-75.1865412"><ele>9.6</ele><time>2026-08-23T23:49:21Z</time></trkpt>
   <trkpt lat="39.9467762" lon="-75.1865247"><ele>9.4</ele><time>2026-08-23T23:49:22Z</time></trkpt>
   <trkpt lat="39.9468037" lon="-75.1865058"><ele>9.4</ele><time>2026-08-23T23:49:23Z</time></trkpt>
   <trkpt lat="39.9468321" lon="-75.1864759"><ele>9.4</ele><time>2026-08-23T23:49:24Z</time></trkpt>
   <trkpt lat="39.9468630" lon="-75.1864409"><ele>9.4</ele><time>2026-08-23T23:49:25Z</time></trkpt>
   <trkpt lat="39.9468877" lon="-75.1864167"><ele>9.4</ele><time>2026-08-23T23:49:26Z</time></trkpt>
   <trkpt lat="39.9469140" lon="-75.1863820"><ele>9.6</ele><time>2026-08-23T23:49:27Z</time></trkpt>
   <trkpt lat="39.9469389" lon="-75.1863486"><ele>9.8</ele><time>2026-08-23T23:49:28Z</time></trkpt>
   <trkpt lat="39.9469601" lon="-75.1863222"><ele>9.8</ele><time>2026-08-23T23:49:29Z</time></trkpt>
   <trkpt lat="39.9469830" lon="-75.1862917"><ele>9.8</ele><time>2026-08-23T23:49:30Z</time></trkpt>
   <trkpt lat="39.9470039" lon="-75.1862632"><ele>9.8</ele><time>2026-08-23T23:49:31Z</time></trkpt>
   <trkpt lat="39.9470226" lon="-75.1862344"><ele>9.6</ele><time>2026-08-23T23:49:32Z</time></trkpt>
   <trkpt lat="39.9470440" lon="-75.1862014"><ele>9.4</ele><time>2026-08-23T23:49:33Z</time></trkpt>
   <trkpt lat="39.9470639" lon="-75.1861766"><ele>9.4</ele><time>2026-08-23T23:49:34Z</time></trkpt>
   <trkpt lat="39.9470839" lon="-75.1861485"><ele>9.2</ele><time>2026-08-23T23:49:35Z</time></trkpt>
   <trkpt lat="39.9471068" lon="-75.1861215"><ele>9.4</ele><time>2026-08-23T23:49:36Z</time></trkpt>
   <trkpt lat="39.9471277" lon="-75.1860977"><ele>9.4</ele><time>2026-08-23T23:49:37Z</time></trkpt>
   <trkpt lat="39.9471499" lon="-75.1860682"><ele>9.4</ele><time>2026-08-23T23:49:38Z</time></trkpt>
   <trkpt lat="39.9471704" lon="-75.1860361"><ele>9.6</ele><time>2026-08-23T23:49:39Z</time></trkpt>
   <trkpt lat="39.9471895" lon="-75.1860099"><ele>9.6</ele><time>2026-08-23T23:49:40Z</time></trkpt>
   <trkpt lat="39.9472104" lon="-75.1859792"><ele>9.6</ele><time>2026-08-23T23:49:41Z</time></trkpt>
   <trkpt lat="39.9472278" lon="-75.1859522"><ele>9.6</ele><time>2026-08-23T23:49:42Z</time></trkpt>
   <trkpt lat="39.9472456" lon="-75.1859275"><ele>9.6</ele><time>2026-08-23T23:49:43Z</time></trkpt>
   <trkpt lat="39.9472645" lon="-75.1858976"><ele>9.6</ele><time>2026-08-23T23:49:44Z</time></trkpt>
   <trkpt lat="39.9472815" lon="-75.1858766"><ele>9.8</ele><time>2026-08-23T23:49:45Z</time></trkpt>
   <trkpt lat="39.9473014" lon="-75.1858502"><ele>9.8</ele><time>2026-08-23T23:49:46Z</time></trkpt>
   <trkpt lat="39.9473200" lon="-75.1858225"><ele>9.8</ele><time>2026-08-23T23:49:47Z</time></trkpt>
   <trkpt lat="39.9473346" lon="-75.1858017"><ele>10.0</ele><time>2026-08-23T23:49:48Z</time></trkpt>
   <trkpt lat="39.9473531" lon="-75.1857724"><ele>10.0</ele><time>2026-08-23T23:49:49Z</time></trkpt>
   <trkpt lat="39.9473687" lon="-75.1857493"><ele>10.0</ele><time>2026-08-23T23:49:50Z</time></trkpt>
   <trkpt lat="39.9473847" lon="-75.1857186"><ele>10.0</ele><time>2026-08-23T23:49:51Z</time></trkpt>
   <trkpt lat="39.9474029" lon="-75.1856802"><ele>10.0</ele><time>2026-08-23T23:49:52Z</time></trkpt>
   <trkpt lat="39.9474173" lon="-75.1856504"><ele>10.0</ele><time>2026-08-23T23:49:53Z</time></trkpt>
   <trkpt lat="39.9474351" lon="-75.1856114"><ele>10.0</ele><time>2026-08-23T23:49:54Z</time></trkpt>
   <trkpt lat="39.9474505" lon="-75.1855792"><ele>9.8</ele><time>2026-08-23T23:49:55Z</time></trkpt>
   <trkpt lat="39.9474655" lon="-75.1855505"><ele>9.8</ele><time>2026-08-23T23:49:56Z</time></trkpt>
   <trkpt lat="39.9474807" lon="-75.1855129"><ele>9.8</ele><time>2026-08-23T23:49:57Z</time></trkpt>
   <trkpt lat="39.9474973" lon="-75.1854875"><ele>9.8</ele><time>2026-08-23T23:49:58Z</time></trkpt>
   <trkpt lat="39.9475146" lon="-75.1854586"><ele>9.8</ele><time>2026-08-23T23:49:59Z</time></trkpt>
   <trkpt lat="39.9475353" lon="-75.1854269"><ele>9.8</ele><time>2026-08-23T23:50:00Z</time></trkpt>
   <trkpt lat="39.9475512" lon="-75.1854034"><ele>9.6</ele><time>2026-08-23T23:50:01Z</time></trkpt>
   <trkpt lat="39.9475733" lon="-75.1853716"><ele>9.6</ele><time>2026-08-23T23:50:02Z</time></trkpt>
   <trkpt lat="39.9475921" lon="-75.1853482"><ele>9.6</ele><time>2026-08-23T23:50:03Z</time></trkpt>
   <trkpt lat="39.9476119" lon="-75.1853229"><ele>9.6</ele><time>2026-08-23T23:50:04Z</time></trkpt>
   <trkpt lat="39.9476338" lon="-75.1852924"><ele>9.4</ele><time>2026-08-23T23:50:05Z</time></trkpt>
   <trkpt lat="39.9476507" lon="-75.1852716"><ele>9.4</ele><time>2026-08-23T23:50:06Z</time></trkpt>
   <trkpt lat="39.9476720" lon="-75.1852459"><ele>9.4</ele><time>2026-08-23T23:50:07Z</time></trkpt>
   <trkpt lat="39.9476910" lon="-75.1852129"><ele>9.6</ele><time>2026-08-23T23:50:08Z</time></trkpt>
   <trkpt lat="39.9477080" lon="-75.1851894"><ele>9.6</ele><time>2026-08-23T23:50:09Z</time></trkpt>
   <trkpt lat="39.9477297" lon="-75.1851597"><ele>9.6</ele><time>2026-08-23T23:50:10Z</time></trkpt>
   <trkpt lat="39.9477520" lon="-75.1851335"><ele>9.6</ele><time>2026-08-23T23:50:11Z</time></trkpt>
   <trkpt lat="39.9477732" lon="-75.1851086"><ele>9.6</ele><time>2026-08-23T23:50:12Z</time></trkpt>
   <trkpt lat="39.9477952" lon="-75.1850748"><ele>9.6</ele><time>2026-08-23T23:50:13Z</time></trkpt>
   <trkpt lat="39.9478127" lon="-75.1850534"><ele>9.6</ele><time>2026-08-23T23:50:14Z</time></trkpt>
   <trkpt lat="39.9478360" lon="-75.1850230"><ele>9.6</ele><time>2026-08-23T23:50:15Z</time></trkpt>
   <trkpt lat="39.9478591" lon="-75.1849944"><ele>9.8</ele><time>2026-08-23T23:50:16Z</time></trkpt>
   <trkpt lat="39.9478776" lon="-75.1849716"><ele>9.8</ele><time>2026-08-23T23:50:17Z</time></trkpt>
   <trkpt lat="39.9479001" lon="-75.1849387"><ele>9.8</ele><time>2026-08-23T23:50:18Z</time></trkpt>
   <trkpt lat="39.9479172" lon="-75.1849176"><ele>9.8</ele><time>2026-08-23T23:50:19Z</time></trkpt>
   <trkpt lat="39.9479401" lon="-75.1848881"><ele>9.6</ele><time>2026-08-23T23:50:20Z</time></trkpt>
   <trkpt lat="39.9479611" lon="-75.1848580"><ele>9.6</ele><time>2026-08-23T23:50:21Z</time></trkpt>
   <trkpt lat="39.9479798" lon="-75.1848346"><ele>9.6</ele><time>2026-08-23T23:50:22Z</time></trkpt>
   <trkpt lat="39.9480016" lon="-75.1848001"><ele>9.6</ele><time>2026-08-23T23:50:23Z</time></trkpt>
   <trkpt lat="39.9480170" lon="-75.1847763"><ele>9.8</ele><time>2026-08-23T23:50:24Z</time></trkpt>
   <trkpt lat="39.9480364" lon="-75.1847459"><ele>9.8</ele><time>2026-08-23T23:50:25Z</time></trkpt>
   <trkpt lat="39.9480555" lon="-75.1847161"><ele>9.8</ele><time>2026-08-23T23:50:26Z</time></trkpt>
   <trkpt lat="39.9480727" lon="-75.1846900"><ele>10.0</ele><time>2026-08-23T23:50:27Z</time></trkpt>
   <trkpt lat="39.9480941" lon="-75.1846553"><ele>10.0</ele><time>2026-08-23T23:50:28Z</time></trkpt>
   <trkpt lat="39.9481125" lon="-75.1846274"><ele>10.0</ele><time>2026-08-23T23:50:29Z</time></trkpt>
   <trkpt lat="39.9481334" lon="-75.1845984"><ele>10.0</ele><time>2026-08-23T23:50:30Z</time></trkpt>
   <trkpt lat="39.9481534" lon="-75.1845660"><ele>10.2</ele><time>2026-08-23T23:50:31Z</time></trkpt>
   <trkpt lat="39.9481704" lon="-75.1845410"><ele>10.2</ele><time>2026-08-23T23:50:32Z</time></trkpt>
   <trkpt lat="39.9481930" lon="-75.1845059"><ele>10.2</ele><time>2026-08-23T23:50:33Z</time></trkpt>
   <trkpt lat="39.9482125" lon="-75.1844827"><ele>10.2</ele><time>2026-08-23T23:50:34Z</time></trkpt>
   <trkpt lat="39.9482337" lon="-75.1844588"><ele>10.2</ele><time>2026-08-23T23:50:35Z</time></trkpt>
   <trkpt lat="39.9482555" lon="-75.1844282"><ele>10.2</ele><time>2026-08-23T23:50:36Z</time></trkpt>
   <trkpt lat="39.9482739" lon="-75.1844073"><ele>10.2</ele><time>2026-08-23T23:50:37Z</time></trkpt>
   <trkpt lat="39.9482961" lon="-75.1843804"><ele>10.2</ele><time>2026-08-23T23:50:38Z</time></trkpt>
   <trkpt lat="39.9483163" lon="-75.1843557"><ele>10.4</ele><time>2026-08-23T23:50:39Z</time></trkpt>
   <trkpt lat="39.9483349" lon="-75.1843326"><ele>10.4</ele><time>2026-08-23T23:50:40Z</time></trkpt>
   <trkpt lat="39.9483600" lon="-75.1842995"><ele>10.4</ele><time>2026-08-23T23:50:41Z</time></trkpt>
   <trkpt lat="39.9483821" lon="-75.1842781"><ele>10.4</ele><time>2026-08-23T23:50:42Z</time></trkpt>
   <trkpt lat="39.9484055" lon="-75.1842516"><ele>10.4</ele><time>2026-08-23T23:50:43Z</time></trkpt>
   <trkpt lat="39.9484285" lon="-75.1842224"><ele>10.4</ele><time>2026-08-23T23:50:44Z</time></trkpt>
   <trkpt lat="39.9484478" lon="-75.1841981"><ele>10.6</ele><time>2026-08-23T23:50:45Z</time></trkpt>
   <trkpt lat="39.9484705" lon="-75.1841667"><ele>10.6</ele><time>2026-08-23T23:50:46Z</time></trkpt>
   <trkpt lat="39.9484910" lon="-75.1841411"><ele>10.6</ele><time>2026-08-23T23:50:47Z</time></trkpt>
   <trkpt lat="39.9485093" lon="-75.1841156"><ele>10.6</ele><time>2026-08-23T23:50:48Z</time></trkpt>
   <trkpt lat="39.9485335" lon="-75.1840809"><ele>10.6</ele><time>2026-08-23T23:50:49Z</time></trkpt>
   <trkpt lat="39.9485523" lon="-75.1840529"><ele>10.6</ele><time>2026-08-23T23:50:50Z</time></trkpt>
   <trkpt lat="39.9485732" lon="-75.1840260"><ele>10.6</ele><time>2026-08-23T23:50:51Z</time></trkpt>
   <trkpt lat="39.9485946" lon="-75.1839956"><ele>10.8</ele><time>2026-08-23T23:50:52Z</time></trkpt>
   <trkpt lat="39.9486134" lon="-75.1839759"><ele>10.8</ele><time>2026-08-23T23:50:53Z</time></trkpt>
   <trkpt lat="39.9486369" lon="-75.1839465"><ele>10.8</ele><time>2026-08-23T23:50:54Z</time></trkpt>
   <trkpt lat="39.9486593" lon="-75.1839187"><ele>10.8</ele><time>2026-08-23T23:50:55Z</time></trkpt>
   <trkpt lat="39.9486782" lon="-75.1838974"><ele>10.6</ele><time>2026-08-23T23:50:56Z</time></trkpt>
   <trkpt lat="39.9487010" lon="-75.1838645"><ele>10.6</ele><time>2026-08-23T23:50:57Z</time></trkpt>
   <trkpt lat="39.9487186" lon="-75.1838389"><ele>10.4</ele><time>2026-08-23T23:50:58Z</time></trkpt>
   <trkpt lat="39.9487398" lon="-75.1838144"><ele>10.4</ele><time>2026-08-23T23:50:59Z</time></trkpt>
   <trkpt lat="39.9487607" lon="-75.1837838"><ele>10.4</ele><time>2026-08-23T23:51:00Z</time></trkpt>
   <trkpt lat="39.9487839" lon="-75.1837569"><ele>10.4</ele><time>2026-08-23T23:51:01Z</time></trkpt>
   <trkpt lat="39.9488052" lon="-75.1837224"><ele>10.4</ele><time>2026-08-23T23:51:02Z</time></trkpt>
   <trkpt lat="39.9488269" lon="-75.1836962"><ele>10.4</ele><time>2026-08-23T23:51:03Z</time></trkpt>
   <trkpt lat="39.9488468" lon="-75.1836709"><ele>10.4</ele><time>2026-08-23T23:51:04Z</time></trkpt>
   <trkpt lat="39.9488652" lon="-75.1836393"><ele>10.4</ele><time>2026-08-23T23:51:05Z</time></trkpt>
   <trkpt lat="39.9488835" lon="-75.1836170"><ele>10.4</ele><time>2026-08-23T23:51:06Z</time></trkpt>
   <trkpt lat="39.9489040" lon="-75.1835860"><ele>10.4</ele><time>2026-08-23T23:51:07Z</time></trkpt>
   <trkpt lat="39.9489237" lon="-75.1835600"><ele>10.4</ele><time>2026-08-23T23:51:08Z</time></trkpt>
   <trkpt lat="39.9489431" lon="-75.1835435"><ele>10.4</ele><time>2026-08-23T23:51:09Z</time></trkpt>
   <trkpt lat="39.9489666" lon="-75.1835175"><ele>10.4</ele><time>2026-08-23T23:51:10Z</time></trkpt>
   <trkpt lat="39.9489860" lon="-75.1834959"><ele>10.4</ele><time>2026-08-23T23:51:11Z</time></trkpt>
   <trkpt lat="39.9490082" lon="-75.1834741"><ele>10.4</ele><time>2026-08-23T23:51:12Z</time></trkpt>
   <trkpt lat="39.9490342" lon="-75.1834518"><ele>10.2</ele><time>2026-08-23T23:51:13Z</time></trkpt>
   <trkpt lat="39.9490569" lon="-75.1834354"><ele>10.2</ele><time>2026-08-23T23:51:14Z</time></trkpt>
   <trkpt lat="39.9490884" lon="-75.1834153"><ele>10.0</ele><time>2026-08-23T23:51:15Z</time></trkpt>
   <trkpt lat="39.9491131" lon="-75.1833921"><ele>9.8</ele><time>2026-08-23T23:51:16Z</time></trkpt>
   <trkpt lat="39.9491361" lon="-75.1833673"><ele>9.8</ele><time>2026-08-23T23:51:17Z</time></trkpt>
   <trkpt lat="39.9491576" lon="-75.1833353"><ele>9.8</ele><time>2026-08-23T23:51:18Z</time></trkpt>
   <trkpt lat="39.9491765" lon="-75.1833097"><ele>9.6</ele><time>2026-08-23T23:51:19Z</time></trkpt>
   <trkpt lat="39.9492008" lon="-75.1832822"><ele>9.8</ele><time>2026-08-23T23:51:20Z</time></trkpt>
   <trkpt lat="39.9492222" lon="-75.1832567"><ele>9.6</ele><time>2026-08-23T23:51:21Z</time></trkpt>
   <trkpt lat="39.9492423" lon="-75.1832347"><ele>9.6</ele><time>2026-08-23T23:51:22Z</time></trkpt>
   <trkpt lat="39.9492666" lon="-75.1832044"><ele>9.6</ele><time>2026-08-23T23:51:23Z</time></trkpt>
   <trkpt lat="39.9492905" lon="-75.1831782"><ele>9.4</ele><time>2026-08-23T23:51:24Z</time></trkpt>
   <trkpt lat="39.9493125" lon="-75.1831537"><ele>9.4</ele><time>2026-08-23T23:51:25Z</time></trkpt>
   <trkpt lat="39.9493387" lon="-75.1831238"><ele>9.4</ele><time>2026-08-23T23:51:26Z</time></trkpt>
   <trkpt lat="39.9493597" lon="-75.1831033"><ele>9.4</ele><time>2026-08-23T23:51:27Z</time></trkpt>
   <trkpt lat="39.9493832" lon="-75.1830789"><ele>9.6</ele><time>2026-08-23T23:51:28Z</time></trkpt>
   <trkpt lat="39.9494066" lon="-75.1830539"><ele>9.6</ele><time>2026-08-23T23:51:29Z</time></trkpt>
   <trkpt lat="39.9494280" lon="-75.1830317"><ele>9.6</ele><time>2026-08-23T23:51:30Z</time></trkpt>
   <trkpt lat="39.9494518" lon="-75.1830034"><ele>9.4</ele><time>2026-08-23T23:51:31Z</time></trkpt>
   <trkpt lat="39.9494764" lon="-75.1829783"><ele>9.4</ele><time>2026-08-23T23:51:32Z</time></trkpt>
   <trkpt lat="39.9495024" lon="-75.1829612"><ele>9.4</ele><time>2026-08-23T23:51:33Z</time></trkpt>
   <trkpt lat="39.9495286" lon="-75.1829322"><ele>9.4</ele><time>2026-08-23T23:51:34Z</time></trkpt>
   <trkpt lat="39.9495459" lon="-75.1829097"><ele>9.4</ele><time>2026-08-23T23:51:35Z</time></trkpt>
   <trkpt lat="39.9495676" lon="-75.1828817"><ele>9.4</ele><time>2026-08-23T23:51:36Z</time></trkpt>
   <trkpt lat="39.9495905" lon="-75.1828550"><ele>9.4</ele><time>2026-08-23T23:51:37Z</time></trkpt>
   <trkpt lat="39.9496109" lon="-75.1828348"><ele>9.6</ele><time>2026-08-23T23:51:38Z</time></trkpt>
   <trkpt lat="39.9496361" lon="-75.1828097"><ele>9.6</ele><time>2026-08-23T23:51:39Z</time></trkpt>
   <trkpt lat="39.9496588" lon="-75.1827861"><ele>9.6</ele><time>2026-08-23T23:51:40Z</time></trkpt>
   <trkpt lat="39.9496780" lon="-75.1827677"><ele>9.4</ele><time>2026-08-23T23:51:41Z</time></trkpt>
   <trkpt lat="39.9496984" lon="-75.1827344"><ele>9.4</ele><time>2026-08-23T23:51:42Z</time></trkpt>
   <trkpt lat="39.9497178" lon="-75.1827053"><ele>9.4</ele><time>2026-08-23T23:51:43Z</time></trkpt>
   <trkpt lat="39.9497372" lon="-75.1826806"><ele>9.2</ele><time>2026-08-23T23:51:44Z</time></trkpt>
   <trkpt lat="39.9497572" lon="-75.1826426"><ele>9.2</ele><time>2026-08-23T23:51:45Z</time></trkpt>
   <trkpt lat="39.9497725" lon="-75.1826183"><ele>9.4</ele><time>2026-08-23T23:51:46Z</time></trkpt>
   <trkpt lat="39.9497891" lon="-75.1825910"><ele>9.4</ele><time>2026-08-23T23:51:47Z</time></trkpt>
   <trkpt lat="39.9498059" lon="-75.1825533"><ele>9.6</ele><time>2026-08-23T23:51:48Z</time></trkpt>
   <trkpt lat="39.9498195" lon="-75.1825254"><ele>9.6</ele><time>2026-08-23T23:51:49Z</time></trkpt>
   <trkpt lat="39.9498364" lon="-75.1824960"><ele>9.6</ele><time>2026-08-23T23:51:50Z</time></trkpt>
   <trkpt lat="39.9498539" lon="-75.1824608"><ele>9.8</ele><time>2026-08-23T23:51:51Z</time></trkpt>
   <trkpt lat="39.9498665" lon="-75.1824375"><ele>10.0</ele><time>2026-08-23T23:51:52Z</time></trkpt>
   <trkpt lat="39.9498832" lon="-75.1824070"><ele>10.0</ele><time>2026-08-23T23:51:53Z</time></trkpt>
   <trkpt lat="39.9498987" lon="-75.1823695"><ele>10.2</ele><time>2026-08-23T23:51:54Z</time></trkpt>
   <trkpt lat="39.9499118" lon="-75.1823403"><ele>10.4</ele><time>2026-08-23T23:51:55Z</time></trkpt>
   <trkpt lat="39.9499286" lon="-75.1823036"><ele>10.4</ele><time>2026-08-23T23:51:56Z</time></trkpt>
   <trkpt lat="39.9499431" lon="-75.1822690"><ele>10.4</ele><time>2026-08-23T23:51:57Z</time></trkpt>
   <trkpt lat="39.9499571" lon="-75.1822334"><ele>10.2</ele><time>2026-08-23T23:51:58Z</time></trkpt>
   <trkpt lat="39.9499710" lon="-75.1821901"><ele>10.2</ele><time>2026-08-23T23:51:59Z</time></trkpt>
   <trkpt lat="39.9499783" lon="-75.1821643"><ele>10.2</ele><time>2026-08-23T23:52:00Z</time></trkpt>
   <trkpt lat="39.9499903" lon="-75.1821294"><ele>10.4</ele><time>2026-08-23T23:52:01Z</time></trkpt>
   <trkpt lat="39.9500005" lon="-75.1820878"><ele>10.6</ele><time>2026-08-23T23:52:02Z</time></trkpt>
   <trkpt lat="39.9500121" lon="-75.1820596"><ele>10.8</ele><time>2026-08-23T23:52:03Z</time></trkpt>
   <trkpt lat="39.9500312" lon="-75.1820241"><ele>10.8</ele><time>2026-08-23T23:52:04Z</time></trkpt>
   <trkpt lat="39.9500503" lon="-75.1819934"><ele>10.8</ele><time>2026-08-23T23:52:05Z</time></trkpt>
   <trkpt lat="39.9500713" lon="-75.1819745"><ele>10.6</ele><time>2026-08-23T23:52:06Z</time></trkpt>
   <trkpt lat="39.9500924" lon="-75.1819467"><ele>10.4</ele><time>2026-08-23T23:52:07Z</time></trkpt>
   <trkpt lat="39.9501086" lon="-75.1819223"><ele>10.2</ele><time>2026-08-23T23:52:08Z</time></trkpt>
   <trkpt lat="39.9501297" lon="-75.1818975"><ele>10.2</ele><time>2026-08-23T23:52:09Z</time></trkpt>
   <trkpt lat="39.9501551" lon="-75.1818688"><ele>10.2</ele><time>2026-08-23T23:52:10Z</time></trkpt>
   <trkpt lat="39.9501741" lon="-75.1818459"><ele>10.4</ele><time>2026-08-23T23:52:11Z</time></trkpt>
   <trkpt lat="39.9501947" lon="-75.1818226"><ele>10.4</ele><time>2026-08-23T23:52:12Z</time></trkpt>
   <trkpt lat="39.9502175" lon="-75.1817907"><ele>10.4</ele><time>2026-08-23T23:52:13Z</time></trkpt>
   <trkpt lat="39.9502311" lon="-75.1817636"><ele>10.4</ele><time>2026-08-23T23:52:14Z</time></trkpt>
   <trkpt lat="39.9502509" lon="-75.1817301"><ele>10.4</ele><time>2026-08-23T23:52:15Z</time></trkpt>
   <trkpt lat="39.9502736" lon="-75.1816943"><ele>10.6</ele><time>2026-08-23T23:52:16Z</time></trkpt>
   <trkpt lat="39.9502933" lon="-75.1816729"><ele>10.6</ele><time>2026-08-23T23:52:17Z</time></trkpt>
   <trkpt lat="39.9503221" lon="-75.1816579"><ele>10.6</ele><time>2026-08-23T23:52:18Z</time></trkpt>
   <trkpt lat="39.9503471" lon="-75.1816445"><ele>10.4</ele><time>2026-08-23T23:52:19Z</time></trkpt>
   <trkpt lat="39.9503747" lon="-75.1816371"><ele>10.2</ele><time>2026-08-23T23:52:20Z</time></trkpt>
   <trkpt lat="39.9504003" lon="-75.1816222"><ele>10.2</ele><time>2026-08-23T23:52:21Z</time></trkpt>
   <trkpt lat="39.9504234" lon="-75.1815995"><ele>10.0</ele><time>2026-08-23T23:52:22Z</time></trkpt>
   <trkpt lat="39.9504487" lon="-75.1815796"><ele>10.0</ele><time>2026-08-23T23:52:23Z</time></trkpt>
   <trkpt lat="39.9504735" lon="-75.1815550"><ele>10.2</ele><time>2026-08-23T23:52:24Z</time></trkpt>
   <trkpt lat="39.9504926" lon="-75.1815333"><ele>10.2</ele><time>2026-08-23T23:52:25Z</time></trkpt>
   <trkpt lat="39.9505166" lon="-75.1815183"><ele>10.2</ele><time>2026-08-23T23:52:26Z</time></trkpt>
   <trkpt lat="39.9505421" lon="-75.1814936"><ele>10.2</ele><time>2026-08-23T23:52:27Z</time></trkpt>
   <trkpt lat="39.9505645" lon="-75.1814725"><ele>10.2</ele><time>2026-08-23T23:52:28Z</time></trkpt>
   <trkpt lat="39.9505906" lon="-75.1814528"><ele>10.2</ele><time>2026-08-23T23:52:29Z</time></trkpt>
   <trkpt lat="39.9506187" lon="-75.1814260"><ele>10.2</ele><time>2026-08-23T23:52:30Z</time></trkpt>
   <trkpt lat="39.9506449" lon="-75.1814082"><ele>10.2</ele><time>2026-08-23T23:52:31Z</time></trkpt>
   <trkpt lat="39.9506717" lon="-75.1813816"><ele>10.2</ele><time>2026-08-23T23:52:32Z</time></trkpt>
   <trkpt lat="39.9506972" lon="-75.1813600"><ele>10.2</ele><time>2026-08-23T23:52:33Z</time></trkpt>
   <trkpt lat="39.9507212" lon="-75.1813430"><ele>10.2</ele><time>2026-08-23T23:52:34Z</time></trkpt>
   <trkpt lat="39.9507488" lon="-75.1813167"><ele>10.2</ele><time>2026-08-23T23:52:35Z</time></trkpt>
   <trkpt lat="39.9507729" lon="-75.1813034"><ele>10.4</ele><time>2026-08-23T23:52:36Z</time></trkpt>
   <trkpt lat="39.9507981" lon="-75.1812875"><ele>10.4</ele><time>2026-08-23T23:52:37Z</time></trkpt>
   <trkpt lat="39.9508253" lon="-75.1812696"><ele>10.4</ele><time>2026-08-23T23:52:38Z</time></trkpt>
   <trkpt lat="39.9508470" lon="-75.1812536"><ele>10.4</ele><time>2026-08-23T23:52:39Z</time></trkpt>
   <trkpt lat="39.9508734" lon="-75.1812295"><ele>10.4</ele><time>2026-08-23T23:52:40Z</time></trkpt>
   <trkpt lat="39.9508990" lon="-75.1812186"><ele>10.2</ele><time>2026-08-23T23:52:41Z</time></trkpt>
   <trkpt lat="39.9509264" lon="-75.1812118"><ele>10.2</ele><time>2026-08-23T23:52:42Z</time></trkpt>
   <trkpt lat="39.9509573" lon="-75.1812053"><ele>10.2</ele><time>2026-08-23T23:52:43Z</time></trkpt>
   <trkpt lat="39.9509812" lon="-75.1811969"><ele>10.2</ele><time>2026-08-23T23:52:44Z</time></trkpt>
   <trkpt lat="39.9510078" lon="-75.1811879"><ele>10.2</ele><time>2026-08-23T23:52:45Z</time></trkpt>
   <trkpt lat="39.9510319" lon="-75.1811715"><ele>10.0</ele><time>2026-08-23T23:52:46Z</time></trkpt>
   <trkpt lat="39.9510573" lon="-75.1811581"><ele>9.8</ele><time>2026-08-23T23:52:47Z</time></trkpt>
   <trkpt lat="39.9510862" lon="-75.1811460"><ele>9.8</ele><time>2026-08-23T23:52:48Z</time></trkpt>
   <trkpt lat="39.9511159" lon="-75.1811404"><ele>9.8</ele><time>2026-08-23T23:52:49Z</time></trkpt>
   <trkpt lat="39.9511440" lon="-75.1811376"><ele>9.6</ele><time>2026-08-23T23:52:50Z</time></trkpt>
   <trkpt lat="39.9511768" lon="-75.1811326"><ele>9.6</ele><time>2026-08-23T23:52:51Z</time></trkpt>
   <trkpt lat="39.9512045" lon="-75.1811303"><ele>9.6</ele><time>2026-08-23T23:52:52Z</time></trkpt>
   <trkpt lat="39.9512333" lon="-75.1811267"><ele>9.6</ele><time>2026-08-23T23:52:53Z</time></trkpt>
   <trkpt lat="39.9512604" lon="-75.1811139"><ele>9.4</ele><time>2026-08-23T23:52:54Z</time></trkpt>
   <trkpt lat="39.9512853" lon="-75.1811046"><ele>9.4</ele><time>2026-08-23T23:52:55Z</time></trkpt>
   <trkpt lat="39.9513133" lon="-75.1810864"><ele>9.4</ele><time>2026-08-23T23:52:56Z</time></trkpt>
   <trkpt lat="39.9513401" lon="-75.1810760"><ele>9.4</ele><time>2026-08-23T23:52:57Z</time></trkpt>
   <trkpt lat="39.9513677" lon="-75.1810664"><ele>9.4</ele><time>2026-08-23T23:52:58Z</time></trkpt>
   <trkpt lat="39.9513953" lon="-75.1810580"><ele>9.4</ele><time>2026-08-23T23:52:59Z</time></trkpt>
   <trkpt lat="39.9514207" lon="-75.1810489"><ele>9.4</ele><time>2026-08-23T23:53:00Z</time></trkpt>
   <trkpt lat="39.9514428" lon="-75.1810514"><ele>9.6</ele><time>2026-08-23T23:53:01Z</time></trkpt>
   <trkpt lat="39.9514859" lon="-75.1810419"><ele>9.6</ele><time>2026-08-23T23:53:02Z</time></trkpt>
   <trkpt lat="39.9515179" lon="-75.1810327"><ele>9.6</ele><time>2026-08-23T23:53:03Z</time></trkpt>
   <trkpt lat="39.9515541" lon="-75.1810149"><ele>9.4</ele><time>2026-08-23T23:53:04Z</time></trkpt>
   <trkpt lat="39.9515923" lon="-75.1809974"><ele>9.2</ele><time>2026-08-23T23:53:05Z</time></trkpt>
   <trkpt lat="39.9516292" lon="-75.1809858"><ele>9.2</ele><time>2026-08-23T23:53:06Z</time></trkpt>
   <trkpt lat="39.9516661" lon="-75.1809692"><ele>9.2</ele><time>2026-08-23T23:53:07Z</time></trkpt>
   <trkpt lat="39.9516959" lon="-75.1809572"><ele>9.2</ele><time>2026-08-23T23:53:08Z</time></trkpt>
   <trkpt lat="39.9517279" lon="-75.1809504"><ele>9.2</ele><time>2026-08-23T23:53:09Z</time></trkpt>
   <trkpt lat="39.9517593" lon="-75.1809375"><ele>9.2</ele><time>2026-08-23T23:53:10Z</time></trkpt>
   <trkpt lat="39.9517858" lon="-75.1809340"><ele>9.2</ele><time>2026-08-23T23:53:11Z</time></trkpt>
   <trkpt lat="39.9518158" lon="-75.1809330"><ele>8.8</ele><time>2026-08-23T23:53:12Z</time></trkpt>
   <trkpt lat="39.9518432" lon="-75.1809225"><ele>8.8</ele><time>2026-08-23T23:53:13Z</time></trkpt>
   <trkpt lat="39.9518667" lon="-75.1809073"><ele>8.8</ele><time>2026-08-23T23:53:14Z</time></trkpt>
   <trkpt lat="39.9518936" lon="-75.1808814"><ele>8.8</ele><time>2026-08-23T23:53:15Z</time></trkpt>
   <trkpt lat="39.9519172" lon="-75.1808586"><ele>8.6</ele><time>2026-08-23T23:53:16Z</time></trkpt>
   <trkpt lat="39.9519461" lon="-75.1808365"><ele>8.6</ele><time>2026-08-23T23:53:17Z</time></trkpt>
   <trkpt lat="39.9519737" lon="-75.1808130"><ele>8.6</ele><time>2026-08-23T23:53:18Z</time></trkpt>
   <trkpt lat="39.9520003" lon="-75.1807950"><ele>8.6</ele><time>2026-08-23T23:53:19Z</time></trkpt>
   <trkpt lat="39.9520293" lon="-75.1807727"><ele>8.8</ele><time>2026-08-23T23:53:20Z</time></trkpt>
   <trkpt lat="39.9520525" lon="-75.1807513"><ele>8.8</ele><time>2026-08-23T23:53:21Z</time></trkpt>
   <trkpt lat="39.9520815" lon="-75.1807300"><ele>9.0</ele><time>2026-08-23T23:53:22Z</time></trkpt>
   <trkpt lat="39.9521077" lon="-75.1807106"><ele>9.2</ele><time>2026-08-23T23:53:23Z</time></trkpt>
   <trkpt lat="39.9521325" lon="-75.1806940"><ele>9.2</ele><time>2026-08-23T23:53:24Z</time></trkpt>
   <trkpt lat="39.9521608" lon="-75.1806685"><ele>9.2</ele><time>2026-08-23T23:53:25Z</time></trkpt>
   <trkpt lat="39.9521852" lon="-75.1806478"><ele>9.4</ele><time>2026-08-23T23:53:26Z</time></trkpt>
   <trkpt lat="39.9522090" lon="-75.1806345"><ele>9.4</ele><time>2026-08-23T23:53:27Z</time></trkpt>
   <trkpt lat="39.9522330" lon="-75.1806214"><ele>9.4</ele><time>2026-08-23T23:53:28Z</time></trkpt>
   <trkpt lat="39.9522523" lon="-75.1806087"><ele>9.6</ele><time>2026-08-23T23:53:29Z</time></trkpt>
   <trkpt lat="39.9522791" lon="-75.1805872"><ele>9.6</ele><time>2026-08-23T23:53:30Z</time></trkpt>
   <trkpt lat="39.9523027" lon="-75.1805659"><ele>9.6</ele><time>2026-08-23T23:53:31Z</time></trkpt>
   <trkpt lat="39.9523252" lon="-75.1805554"><ele>9.8</ele><time>2026-08-23T23:53:32Z</time></trkpt>
   <trkpt lat="39.9523528" lon="-75.1805469"><ele>9.8</ele><time>2026-08-23T23:53:33Z</time></trkpt>
   <trkpt lat="39.9523802" lon="-75.1805426"><ele>9.6</ele><time>2026-08-23T23:53:34Z</time></trkpt>
   <trkpt lat="39.9524142" lon="-75.1805277"><ele>9.6</ele><time>2026-08-23T23:53:35Z</time></trkpt>
   <trkpt lat="39.9524415" lon="-75.1805147"><ele>9.6</ele><time>2026-08-23T23:53:36Z</time></trkpt>
   <trkpt lat="39.9524732" lon="-75.1805100"><ele>9.6</ele><time>2026-08-23T23:53:37Z</time></trkpt>
   <trkpt lat="39.9525060" lon="-75.1805025"><ele>9.6</ele><time>2026-08-23T23:53:38Z</time></trkpt>
   <trkpt lat="39.9525322" lon="-75.1804991"><ele>9.6</ele><time>2026-08-23T23:53:39Z</time></trkpt>
   <trkpt lat="39.9525638" lon="-75.1804863"><ele>9.6</ele><time>2026-08-23T23:53:40Z</time></trkpt>
   <trkpt lat="39.9525923" lon="-75.1804750"><ele>9.6</ele><time>2026-08-23T23:53:41Z</time></trkpt>
   <trkpt lat="39.9526241" lon="-75.1804705"><ele>9.4</ele><time>2026-08-23T23:53:42Z</time></trkpt>
   <trkpt lat="39.9526550" lon="-75.1804657"><ele>9.4</ele><time>2026-08-23T23:53:43Z</time></trkpt>
   <trkpt lat="39.9526809" lon="-75.1804649"><ele>9.4</ele><time>2026-08-23T23:53:44Z</time></trkpt>
   <trkpt lat="39.9527118" lon="-75.1804533"><ele>9.4</ele><time>2026-08-23T23:53:45Z</time></trkpt>
   <trkpt lat="39.9527383" lon="-75.1804445"><ele>9.2</ele><time>2026-08-23T23:53:46Z</time></trkpt>
   <trkpt lat="39.9527694" lon="-75.1804473"><ele>9.2</ele><time>2026-08-23T23:53:47Z</time></trkpt>
   <trkpt lat="39.9528041" lon="-75.1804389"><ele>9.2</ele><time>2026-08-23T23:53:48Z</time></trkpt>
   <trkpt lat="39.9528318" lon="-75.1804355"><ele>9.0</ele><time>2026-08-23T23:53:49Z</time></trkpt>
   <trkpt lat="39.9528602" lon="-75.1804295"><ele>9.0</ele><time>2026-08-23T23:53:50Z</time></trkpt>
   <trkpt lat="39.9528886" lon="-75.1804234"><ele>9.0</ele><time>2026-08-23T23:53:51Z</time></trkpt>
   <trkpt lat="39.9529194" lon="-75.1804184"><ele>8.8</ele><time>2026-08-23T23:53:52Z</time></trkpt>
   <trkpt lat="39.9529428" lon="-75.1804157"><ele>8.8</ele><time>2026-08-23T23:53:53Z</time></trkpt>
   <trkpt lat="39.9529683" lon="-75.1804032"><ele>8.6</ele><time>2026-08-23T23:53:54Z</time></trkpt>
   <trkpt lat="39.9529808" lon="-75.1803889"><ele>8.6</ele><time>2026-08-23T23:53:55Z</time></trkpt>
   <trkpt lat="39.9530044" lon="-75.1803510"><ele>8.6</ele><time>2026-08-23T23:53:56Z</time></trkpt>
   <trkpt lat="39.9530208" lon="-75.1802971"><ele>8.4</ele><time>2026-08-23T23:53:57Z</time></trkpt>
   <trkpt lat="39.9530310" lon="-75.1802680"><ele>8.6</ele><time>2026-08-23T23:53:58Z</time></trkpt>
   <trkpt lat="39.9530464" lon="-75.1802349"><ele>8.6</ele><time>2026-08-23T23:53:59Z</time></trkpt>
   <trkpt lat="39.9530708" lon="-75.1802122"><ele>8.8</ele><time>2026-08-23T23:54:00Z</time></trkpt>
   <trkpt lat="39.9530978" lon="-75.1802001"><ele>8.8</ele><time>2026-08-23T23:54:01Z</time></trkpt>
   <trkpt lat="39.9531315" lon="-75.1801887"><ele>8.8</ele><time>2026-08-23T23:54:02Z</time></trkpt>
   <trkpt lat="39.9531578" lon="-75.1801799"><ele>8.8</ele><time>2026-08-23T23:54:03Z</time></trkpt>
   <trkpt lat="39.9531880" lon="-75.1801727"><ele>8.8</ele><time>2026-08-23T23:54:04Z</time></trkpt>
   <trkpt lat="39.9532178" lon="-75.1801651"><ele>8.8</ele><time>2026-08-23T23:54:05Z</time></trkpt>
   <trkpt lat="39.9532457" lon="-75.1801533"><ele>8.8</ele><time>2026-08-23T23:54:06Z</time></trkpt>
   <trkpt lat="39.9532774" lon="-75.1801385"><ele>8.8</ele><time>2026-08-23T23:54:07Z</time></trkpt>
   <trkpt lat="39.9533082" lon="-75.1801232"><ele>8.8</ele><time>2026-08-23T23:54:08Z</time></trkpt>
   <trkpt lat="39.9533392" lon="-75.1801131"><ele>9.0</ele><time>2026-08-23T23:54:09Z</time></trkpt>
   <trkpt lat="39.9533713" lon="-75.1801083"><ele>9.0</ele><time>2026-08-23T23:54:10Z</time></trkpt>
   <trkpt lat="39.9533978" lon="-75.1801012"><ele>9.0</ele><time>2026-08-23T23:54:11Z</time></trkpt>
   <trkpt lat="39.9534335" lon="-75.1800894"><ele>9.0</ele><time>2026-08-23T23:54:12Z</time></trkpt>
   <trkpt lat="39.9534629" lon="-75.1800819"><ele>9.0</ele><time>2026-08-23T23:54:13Z</time></trkpt>
   <trkpt lat="39.9534913" lon="-75.1800728"><ele>9.0</ele><time>2026-08-23T23:54:14Z</time></trkpt>
   <trkpt lat="39.9535216" lon="-75.1800602"><ele>8.8</ele><time>2026-08-23T23:54:15Z</time></trkpt>
   <trkpt lat="39.9535452" lon="-75.1800530"><ele>8.8</ele><time>2026-08-23T23:54:16Z</time></trkpt>
   <trkpt lat="39.9535776" lon="-75.1800461"><ele>8.8</ele><time>2026-08-23T23:54:17Z</time></trkpt>
   <trkpt lat="39.9536065" lon="-75.1800424"><ele>8.8</ele><time>2026-08-23T23:54:18Z</time></trkpt>
   <trkpt lat="39.9536342" lon="-75.1800384"><ele>8.6</ele><time>2026-08-23T23:54:19Z</time></trkpt>
   <trkpt lat="39.9536708" lon="-75.1800265"><ele>8.6</ele><time>2026-08-23T23:54:20Z</time></trkpt>
   <trkpt lat="39.9536989" lon="-75.1800151"><ele>8.8</ele><time>2026-08-23T23:54:21Z</time></trkpt>
   <trkpt lat="39.9537350" lon="-75.1799942"><ele>8.6</ele><time>2026-08-23T23:54:22Z</time></trkpt>
   <trkpt lat="39.9537655" lon="-75.1799829"><ele>8.6</ele><time>2026-08-23T23:54:23Z</time></trkpt>
   <trkpt lat="39.9537991" lon="-75.1799671"><ele>8.6</ele><time>2026-08-23T23:54:24Z</time></trkpt>
   <trkpt lat="39.9538350" lon="-75.1799474"><ele>8.6</ele><time>2026-08-23T23:54:25Z</time></trkpt>
   <trkpt lat="39.9538638" lon="-75.1799357"><ele>8.6</ele><time>2026-08-23T23:54:26Z</time></trkpt>
   <trkpt lat="39.9538999" lon="-75.1799067"><ele>8.6</ele><time>2026-08-23T23:54:27Z</time></trkpt>
   <trkpt lat="39.9539256" lon="-75.1798900"><ele>8.6</ele><time>2026-08-23T23:54:28Z</time></trkpt>
   <trkpt lat="39.9539538" lon="-75.1798667"><ele>8.6</ele><time>2026-08-23T23:54:29Z</time></trkpt>
   <trkpt lat="39.9539822" lon="-75.1798462"><ele>8.6</ele><time>2026-08-23T23:54:30Z</time></trkpt>
   <trkpt lat="39.9540070" lon="-75.1798323"><ele>8.8</ele><time>2026-08-23T23:54:31Z</time></trkpt>
   <trkpt lat="39.9540349" lon="-75.1798117"><ele>8.8</ele><time>2026-08-23T23:54:32Z</time></trkpt>
   <trkpt lat="39.9540618" lon="-75.1797983"><ele>9.0</ele><time>2026-08-23T23:54:33Z</time></trkpt>
   <trkpt lat="39.9540946" lon="-75.1797705"><ele>9.0</ele><time>2026-08-23T23:54:34Z</time></trkpt>
   <trkpt lat="39.9541188" lon="-75.1797410"><ele>9.0</ele><time>2026-08-23T23:54:35Z</time></trkpt>
   <trkpt lat="39.9541474" lon="-75.1797254"><ele>9.0</ele><time>2026-08-23T23:54:36Z</time></trkpt>
   <trkpt lat="39.9541805" lon="-75.1797027"><ele>9.0</ele><time>2026-08-23T23:54:37Z</time></trkpt>
   <trkpt lat="39.9542102" lon="-75.1796913"><ele>9.0</ele><time>2026-08-23T23:54:38Z</time></trkpt>
   <trkpt lat="39.9542417" lon="-75.1796810"><ele>9.0</ele><time>2026-08-23T23:54:39Z</time></trkpt>
   <trkpt lat="39.9542727" lon="-75.1796671"><ele>9.2</ele><time>2026-08-23T23:54:40Z</time></trkpt>
   <trkpt lat="39.9543002" lon="-75.1796537"><ele>9.0</ele><time>2026-08-23T23:54:41Z</time></trkpt>
   <trkpt lat="39.9543278" lon="-75.1796403"><ele>9.2</ele><time>2026-08-23T23:54:42Z</time></trkpt>
   <trkpt lat="39.9543543" lon="-75.1796268"><ele>9.2</ele><time>2026-08-23T23:54:43Z</time></trkpt>
   <trkpt lat="39.9543778" lon="-75.1796139"><ele>9.2</ele><time>2026-08-23T23:54:44Z</time></trkpt>
   <trkpt lat="39.9543969" lon="-75.1795990"><ele>9.2</ele><time>2026-08-23T23:54:45Z</time></trkpt>
   <trkpt lat="39.9544204" lon="-75.1795847"><ele>9.2</ele><time>2026-08-23T23:54:46Z</time></trkpt>
   <trkpt lat="39.9544398" lon="-75.1795673"><ele>9.0</ele><time>2026-08-23T23:54:47Z</time></trkpt>
   <trkpt lat="39.9544747" lon="-75.1794946"><ele>9.0</ele><time>2026-08-23T23:54:48Z</time></trkpt>
   <trkpt lat="39.9545109" lon="-75.1794864"><ele>8.8</ele><time>2026-08-23T23:54:49Z</time></trkpt>
   <trkpt lat="39.9545633" lon="-75.1795005"><ele>8.8</ele><time>2026-08-23T23:54:50Z</time></trkpt>
   <trkpt lat="39.9545930" lon="-75.1794988"><ele>8.8</ele><time>2026-08-23T23:54:51Z</time></trkpt>
   <trkpt lat="39.9546232" lon="-75.1794983"><ele>8.8</ele><time>2026-08-23T23:54:52Z</time></trkpt>
   <trkpt lat="39.9546493" lon="-75.1794895"><ele>8.6</ele><time>2026-08-23T23:54:53Z</time></trkpt>
   <trkpt lat="39.9546794" lon="-75.1794854"><ele>8.8</ele><time>2026-08-23T23:54:54Z</time></trkpt>
   <trkpt lat="39.9547184" lon="-75.1794768"><ele>8.8</ele><time>2026-08-23T23:54:55Z</time></trkpt>
   <trkpt lat="39.9547482" lon="-75.1794698"><ele>8.8</ele><time>2026-08-23T23:54:56Z</time></trkpt>
   <trkpt lat="39.9547884" lon="-75.1794668"><ele>8.8</ele><time>2026-08-23T23:54:57Z</time></trkpt>
   <trkpt lat="39.9548238" lon="-75.1794626"><ele>8.8</ele><time>2026-08-23T23:54:58Z</time></trkpt>
   <trkpt lat="39.9548543" lon="-75.1794496"><ele>8.8</ele><time>2026-08-23T23:54:59Z</time></trkpt>
   <trkpt lat="39.9548834" lon="-75.1794310"><ele>8.8</ele><time>2026-08-23T23:55:00Z</time></trkpt>
   <trkpt lat="39.9549132" lon="-75.1794154"><ele>8.8</ele><time>2026-08-23T23:55:01Z</time></trkpt>
   <trkpt lat="39.9549475" lon="-75.1794053"><ele>8.8</ele><time>2026-08-23T23:55:02Z</time></trkpt>
   <trkpt lat="39.9549793" lon="-75.1793925"><ele>8.8</ele><time>2026-08-23T23:55:03Z</time></trkpt>
   <trkpt lat="39.9550103" lon="-75.1793833"><ele>8.8</ele><time>2026-08-23T23:55:04Z</time></trkpt>
   <trkpt lat="39.9550458" lon="-75.1793673"><ele>8.8</ele><time>2026-08-23T23:55:05Z</time></trkpt>
   <trkpt lat="39.9550761" lon="-75.1793567"><ele>8.8</ele><time>2026-08-23T23:55:06Z</time></trkpt>
   <trkpt lat="39.9551086" lon="-75.1793431"><ele>8.8</ele><time>2026-08-23T23:55:07Z</time></trkpt>
   <trkpt lat="39.9551423" lon="-75.1793293"><ele>8.8</ele><time>2026-08-23T23:55:08Z</time></trkpt>
   <trkpt lat="39.9551698" lon="-75.1793185"><ele>8.8</ele><time>2026-08-23T23:55:09Z</time></trkpt>
   <trkpt lat="39.9552051" lon="-75.1793016"><ele>8.6</ele><time>2026-08-23T23:55:10Z</time></trkpt>
   <trkpt lat="39.9552333" lon="-75.1792905"><ele>8.6</ele><time>2026-08-23T23:55:11Z</time></trkpt>
   <trkpt lat="39.9552646" lon="-75.1792764"><ele>8.6</ele><time>2026-08-23T23:55:12Z</time></trkpt>
   <trkpt lat="39.9552930" lon="-75.1792681"><ele>8.8</ele><time>2026-08-23T23:55:13Z</time></trkpt>
   <trkpt lat="39.9553180" lon="-75.1792575"><ele>8.8</ele><time>2026-08-23T23:55:14Z</time></trkpt>
   <trkpt lat="39.9553426" lon="-75.1792475"><ele>9.0</ele><time>2026-08-23T23:55:15Z</time></trkpt>
   <trkpt lat="39.9553666" lon="-75.1792390"><ele>9.0</ele><time>2026-08-23T23:55:16Z</time></trkpt>
   <trkpt lat="39.9553859" lon="-75.1792280"><ele>9.0</ele><time>2026-08-23T23:55:17Z</time></trkpt>
   <trkpt lat="39.9554073" lon="-75.1792198"><ele>9.0</ele><time>2026-08-23T23:55:18Z</time></trkpt>
   <trkpt lat="39.9554540" lon="-75.1792140"><ele>9.0</ele><time>2026-08-23T23:55:19Z</time></trkpt>
   <trkpt lat="39.9554893" lon="-75.1791937"><ele>9.0</ele><time>2026-08-23T23:55:20Z</time></trkpt>
   <trkpt lat="39.9555211" lon="-75.1791833"><ele>9.0</ele><time>2026-08-23T23:55:21Z</time></trkpt>
   <trkpt lat="39.9555547" lon="-75.1791677"><ele>9.0</ele><time>2026-08-23T23:55:22Z</time></trkpt>
   <trkpt lat="39.9555824" lon="-75.1791595"><ele>9.0</ele><time>2026-08-23T23:55:23Z</time></trkpt>
   <trkpt lat="39.9556133" lon="-75.1791609"><ele>9.0</ele><time>2026-08-23T23:55:24Z</time></trkpt>
   <trkpt lat="39.9556445" lon="-75.1791445"><ele>9.0</ele><time>2026-08-23T23:55:25Z</time></trkpt>
   <trkpt lat="39.9556734" lon="-75.1791293"><ele>9.0</ele><time>2026-08-23T23:55:26Z</time></trkpt>
   <trkpt lat="39.9557057" lon="-75.1791036"><ele>9.0</ele><time>2026-08-23T23:55:27Z</time></trkpt>
   <trkpt lat="39.9557334" lon="-75.1790861"><ele>9.0</ele><time>2026-08-23T23:55:28Z</time></trkpt>
   <trkpt lat="39.9557640" lon="-75.1790627"><ele>8.8</ele><time>2026-08-23T23:55:29Z</time></trkpt>
   <trkpt lat="39.9557896" lon="-75.1790453"><ele>9.0</ele><time>2026-08-23T23:55:30Z</time></trkpt>
   <trkpt lat="39.9558206" lon="-75.1790284"><ele>9.0</ele><time>2026-08-23T23:55:31Z</time></trkpt>
   <trkpt lat="39.9558517" lon="-75.1790128"><ele>9.2</ele><time>2026-08-23T23:55:32Z</time></trkpt>
   <trkpt lat="39.9558816" lon="-75.1789977"><ele>9.2</ele><time>2026-08-23T23:55:33Z</time></trkpt>
   <trkpt lat="39.9559106" lon="-75.1789840"><ele>9.4</ele><time>2026-08-23T23:55:34Z</time></trkpt>
   <trkpt lat="39.9559401" lon="-75.1789712"><ele>9.4</ele><time>2026-08-23T23:55:35Z</time></trkpt>
   <trkpt lat="39.9559713" lon="-75.1789574"><ele>9.4</ele><time>2026-08-23T23:55:36Z</time></trkpt>
   <trkpt lat="39.9559989" lon="-75.1789459"><ele>9.4</ele><time>2026-08-23T23:55:37Z</time></trkpt>
   <trkpt lat="39.9560251" lon="-75.1789089"><ele>9.2</ele><time>2026-08-23T23:55:38Z</time></trkpt>
   <trkpt lat="39.9560626" lon="-75.1788871"><ele>9.2</ele><time>2026-08-23T23:55:39Z</time></trkpt>
   <trkpt lat="39.9560935" lon="-75.1788705"><ele>9.2</ele><time>2026-08-23T23:55:40Z</time></trkpt>
   <trkpt lat="39.9561405" lon="-75.1788711"><ele>9.2</ele><time>2026-08-23T23:55:41Z</time></trkpt>
   <trkpt lat="39.9561802" lon="-75.1788703"><ele>9.2</ele><time>2026-08-23T23:55:42Z</time></trkpt>
   <trkpt lat="39.9562111" lon="-75.1788656"><ele>9.2</ele><time>2026-08-23T23:55:43Z</time></trkpt>
   <trkpt lat="39.9562455" lon="-75.1788601"><ele>9.0</ele><time>2026-08-23T23:55:44Z</time></trkpt>
   <trkpt lat="39.9562788" lon="-75.1788564"><ele>9.0</ele><time>2026-08-23T23:55:45Z</time></trkpt>
   <trkpt lat="39.9563117" lon="-75.1788454"><ele>8.8</ele><time>2026-08-23T23:55:46Z</time></trkpt>
   <trkpt lat="39.9563456" lon="-75.1788373"><ele>9.0</ele><time>2026-08-23T23:55:47Z</time></trkpt>
   <trkpt lat="39.9563703" lon="-75.1788342"><ele>9.0</ele><time>2026-08-23T23:55:48Z</time></trkpt>
   <trkpt lat="39.9564028" lon="-75.1788211"><ele>9.0</ele><time>2026-08-23T23:55:49Z</time></trkpt>
   <trkpt lat="39.9564290" lon="-75.1788140"><ele>9.2</ele><time>2026-08-23T23:55:50Z</time></trkpt>
   <trkpt lat="39.9564589" lon="-75.1788048"><ele>9.0</ele><time>2026-08-23T23:55:51Z</time></trkpt>
   <trkpt lat="39.9564890" lon="-75.1787959"><ele>9.0</ele><time>2026-08-23T23:55:52Z</time></trkpt>
   <trkpt lat="39.9565192" lon="-75.1787889"><ele>9.0</ele><time>2026-08-23T23:55:53Z</time></trkpt>
   <trkpt lat="39.9565493" lon="-75.1787798"><ele>9.0</ele><time>2026-08-23T23:55:54Z</time></trkpt>
   <trkpt lat="39.9565726" lon="-75.1787764"><ele>9.0</ele><time>2026-08-23T23:55:55Z</time></trkpt>
   <trkpt lat="39.9566055" lon="-75.1787685"><ele>9.2</ele><time>2026-08-23T23:55:56Z</time></trkpt>
   <trkpt lat="39.9566334" lon="-75.1787627"><ele>9.2</ele><time>2026-08-23T23:55:57Z</time></trkpt>
   <trkpt lat="39.9566594" lon="-75.1787557"><ele>9.2</ele><time>2026-08-23T23:55:58Z</time></trkpt>
   <trkpt lat="39.9566913" lon="-75.1787445"><ele>9.4</ele><time>2026-08-23T23:55:59Z</time></trkpt>
   <trkpt lat="39.9567162" lon="-75.1787375"><ele>9.4</ele><time>2026-08-23T23:56:00Z</time></trkpt>
   <trkpt lat="39.9567462" lon="-75.1787326"><ele>9.4</ele><time>2026-08-23T23:56:01Z</time></trkpt>
   <trkpt lat="39.9567756" lon="-75.1787199"><ele>9.6</ele><time>2026-08-23T23:56:02Z</time></trkpt>
   <trkpt lat="39.9568051" lon="-75.1787111"><ele>9.6</ele><time>2026-08-23T23:56:03Z</time></trkpt>
   <trkpt lat="39.9568394" lon="-75.1786984"><ele>9.6</ele><time>2026-08-23T23:56:04Z</time></trkpt>
   <trkpt lat="39.9568696" lon="-75.1786908"><ele>9.6</ele><time>2026-08-23T23:56:05Z</time></trkpt>
   <trkpt lat="39.9569015" lon="-75.1786824"><ele>9.6</ele><time>2026-08-23T23:56:06Z</time></trkpt>
   <trkpt lat="39.9569306" lon="-75.1786747"><ele>9.6</ele><time>2026-08-23T23:56:07Z</time></trkpt>
   <trkpt lat="39.9569544" lon="-75.1786685"><ele>9.4</ele><time>2026-08-23T23:56:08Z</time></trkpt>
   <trkpt lat="39.9569881" lon="-75.1786570"><ele>9.2</ele><time>2026-08-23T23:56:09Z</time></trkpt>
   <trkpt lat="39.9570129" lon="-75.1786500"><ele>9.2</ele><time>2026-08-23T23:56:10Z</time></trkpt>
   <trkpt lat="39.9570406" lon="-75.1786472"><ele>9.2</ele><time>2026-08-23T23:56:11Z</time></trkpt>
   <trkpt lat="39.9570752" lon="-75.1786400"><ele>9.2</ele><time>2026-08-23T23:56:12Z</time></trkpt>
   <trkpt lat="39.9571000" lon="-75.1786381"><ele>9.2</ele><time>2026-08-23T23:56:13Z</time></trkpt>
   <trkpt lat="39.9571328" lon="-75.1786354"><ele>9.2</ele><time>2026-08-23T23:56:14Z</time></trkpt>
   <trkpt lat="39.9571591" lon="-75.1786369"><ele>9.2</ele><time>2026-08-23T23:56:15Z</time></trkpt>
   <trkpt lat="39.9571885" lon="-75.1786381"><ele>9.2</ele><time>2026-08-23T23:56:16Z</time></trkpt>
   <trkpt lat="39.9572226" lon="-75.1786343"><ele>9.0</ele><time>2026-08-23T23:56:17Z</time></trkpt>
   <trkpt lat="39.9572497" lon="-75.1786363"><ele>9.0</ele><time>2026-08-23T23:56:18Z</time></trkpt>
   <trkpt lat="39.9572810" lon="-75.1786379"><ele>9.0</ele><time>2026-08-23T23:56:19Z</time></trkpt>
   <trkpt lat="39.9573137" lon="-75.1786371"><ele>9.2</ele><time>2026-08-23T23:56:20Z</time></trkpt>
   <trkpt lat="39.9573397" lon="-75.1786375"><ele>9.2</ele><time>2026-08-23T23:56:21Z</time></trkpt>
   <trkpt lat="39.9573722" lon="-75.1786320"><ele>9.2</ele><time>2026-08-23T23:56:22Z</time></trkpt>
   <trkpt lat="39.9574030" lon="-75.1786270"><ele>9.2</ele><time>2026-08-23T23:56:23Z</time></trkpt>
   <trkpt lat="39.9574315" lon="-75.1786235"><ele>9.2</ele><time>2026-08-23T23:56:24Z</time></trkpt>
   <trkpt lat="39.9574631" lon="-75.1786138"><ele>9.0</ele><time>2026-08-23T23:56:25Z</time></trkpt>
   <trkpt lat="39.9574908" lon="-75.1786147"><ele>9.0</ele><time>2026-08-23T23:56:26Z</time></trkpt>
   <trkpt lat="39.9575241" lon="-75.1786203"><ele>9.0</ele><time>2026-08-23T23:56:27Z</time></trkpt>
   <trkpt lat="39.9575545" lon="-75.1786291"><ele>9.0</ele><time>2026-08-23T23:56:28Z</time></trkpt>
   <trkpt lat="39.9575824" lon="-75.1786351"><ele>9.2</ele><time>2026-08-23T23:56:29Z</time></trkpt>
   <trkpt lat="39.9576169" lon="-75.1786382"><ele>9.4</ele><time>2026-08-23T23:56:30Z</time></trkpt>
   <trkpt lat="39.9576465" lon="-75.1786304"><ele>9.4</ele><time>2026-08-23T23:56:31Z</time></trkpt>
   <trkpt lat="39.9576763" lon="-75.1786198"><ele>9.6</ele><time>2026-08-23T23:56:32Z</time></trkpt>
   <trkpt lat="39.9577101" lon="-75.1786072"><ele>9.6</ele><time>2026-08-23T23:56:33Z</time></trkpt>
   <trkpt lat="39.9577346" lon="-75.1785971"><ele>9.6</ele><time>2026-08-23T23:56:34Z</time></trkpt>
   <trkpt lat="39.9577661" lon="-75.1785909"><ele>9.4</ele><time>2026-08-23T23:56:35Z</time></trkpt>
   <trkpt lat="39.9577993" lon="-75.1785922"><ele>9.4</ele><time>2026-08-23T23:56:36Z</time></trkpt>
   <trkpt lat="39.9578262" lon="-75.1785961"><ele>9.4</ele><time>2026-08-23T23:56:37Z</time></trkpt>
   <trkpt lat="39.9578618" lon="-75.1785935"><ele>9.2</ele><time>2026-08-23T23:56:38Z</time></trkpt>
   <trkpt lat="39.9578889" lon="-75.1785976"><ele>9.2</ele><time>2026-08-23T23:56:39Z</time></trkpt>
   <trkpt lat="39.9579168" lon="-75.1786019"><ele>9.2</ele><time>2026-08-23T23:56:40Z</time></trkpt>
   <trkpt lat="39.9579503" lon="-75.1786064"><ele>9.2</ele><time>2026-08-23T23:56:41Z</time></trkpt>
   <trkpt lat="39.9579780" lon="-75.1786094"><ele>9.2</ele><time>2026-08-23T23:56:42Z</time></trkpt>
   <trkpt lat="39.9580156" lon="-75.1786151"><ele>9.2</ele><time>2026-08-23T23:56:43Z</time></trkpt>
   <trkpt lat="39.9580437" lon="-75.1786203"><ele>9.0</ele><time>2026-08-23T23:56:44Z</time></trkpt>
   <trkpt lat="39.9580713" lon="-75.1786276"><ele>9.0</ele><time>2026-08-23T23:56:45Z</time></trkpt>
   <trkpt lat="39.9581044" lon="-75.1786348"><ele>8.8</ele><time>2026-08-23T23:56:46Z</time></trkpt>
   <trkpt lat="39.9581285" lon="-75.1786349"><ele>8.8</ele><time>2026-08-23T23:56:47Z</time></trkpt>
   <trkpt lat="39.9581567" lon="-75.1786439"><ele>8.8</ele><time>2026-08-23T23:56:48Z</time></trkpt>
   <trkpt lat="39.9581846" lon="-75.1786529"><ele>8.8</ele><time>2026-08-23T23:56:49Z</time></trkpt>
   <trkpt lat="39.9582079" lon="-75.1786583"><ele>8.8</ele><time>2026-08-23T23:56:50Z</time></trkpt>
   <trkpt lat="39.9582371" lon="-75.1786617"><ele>8.8</ele><time>2026-08-23T23:56:51Z</time></trkpt>
   <trkpt lat="39.9582636" lon="-75.1786706"><ele>8.8</ele><time>2026-08-23T23:56:52Z</time></trkpt>
   <trkpt lat="39.9582868" lon="-75.1786736"><ele>8.6</ele><time>2026-08-23T23:56:53Z</time></trkpt>
   <trkpt lat="39.9583173" lon="-75.1786811"><ele>8.6</ele><time>2026-08-23T23:56:54Z</time></trkpt>
   <trkpt lat="39.9583464" lon="-75.1786938"><ele>8.4</ele><time>2026-08-23T23:56:55Z</time></trkpt>
   <trkpt lat="39.9583711" lon="-75.1787095"><ele>8.2</ele><time>2026-08-23T23:56:56Z</time></trkpt>
   <trkpt lat="39.9583978" lon="-75.1787170"><ele>8.2</ele><time>2026-08-23T23:56:57Z</time></trkpt>
   <trkpt lat="39.9584224" lon="-75.1787265"><ele>8.2</ele><time>2026-08-23T23:56:58Z</time></trkpt>
   <trkpt lat="39.9584468" lon="-75.1787405"><ele>8.2</ele><time>2026-08-23T23:56:59Z</time></trkpt>
   <trkpt lat="39.9584776" lon="-75.1787518"><ele>8.2</ele><time>2026-08-23T23:57:00Z</time></trkpt>
   <trkpt lat="39.9584999" lon="-75.1787572"><ele>8.2</ele><time>2026-08-23T23:57:01Z</time></trkpt>
   <trkpt lat="39.9585286" lon="-75.1787669"><ele>8.4</ele><time>2026-08-23T23:57:02Z</time></trkpt>
   <trkpt lat="39.9585572" lon="-75.1787725"><ele>8.4</ele><time>2026-08-23T23:57:03Z</time></trkpt>
   <trkpt lat="39.9585814" lon="-75.1787798"><ele>8.4</ele><time>2026-08-23T23:57:04Z</time></trkpt>
   <trkpt lat="39.9586184" lon="-75.1787883"><ele>8.4</ele><time>2026-08-23T23:57:05Z</time></trkpt>
   <trkpt lat="39.9586471" lon="-75.1787995"><ele>8.2</ele><time>2026-08-23T23:57:06Z</time></trkpt>
   <trkpt lat="39.9586744" lon="-75.1788109"><ele>8.4</ele><time>2026-08-23T23:57:07Z</time></trkpt>
   <trkpt lat="39.9587074" lon="-75.1788177"><ele>8.4</ele><time>2026-08-23T23:57:08Z</time></trkpt>
   <trkpt lat="39.9587313" lon="-75.1788236"><ele>8.2</ele><time>2026-08-23T23:57:09Z</time></trkpt>
   <trkpt lat="39.9587604" lon="-75.1788308"><ele>8.2</ele><time>2026-08-23T23:57:10Z</time></trkpt>
   <trkpt lat="39.9587900" lon="-75.1788418"><ele>8.2</ele><time>2026-08-23T23:57:11Z</time></trkpt>
   <trkpt lat="39.9588120" lon="-75.1788485"><ele>8.2</ele><time>2026-08-23T23:57:12Z</time></trkpt>
   <trkpt lat="39.9588463" lon="-75.1788554"><ele>8.0</ele><time>2026-08-23T23:57:13Z</time></trkpt>
   <trkpt lat="39.9588733" lon="-75.1788612"><ele>8.0</ele><time>2026-08-23T23:57:14Z</time></trkpt>
   <trkpt lat="39.9588980" lon="-75.1788690"><ele>8.0</ele><time>2026-08-23T23:57:15Z</time></trkpt>
   <trkpt lat="39.9589332" lon="-75.1788751"><ele>8.0</ele><time>2026-08-23T23:57:16Z</time></trkpt>
   <trkpt lat="39.9589553" lon="-75.1788811"><ele>8.0</ele><time>2026-08-23T23:57:17Z</time></trkpt>
   <trkpt lat="39.9589810" lon="-75.1788900"><ele>8.2</ele><time>2026-08-23T23:57:18Z</time></trkpt>
   <trkpt lat="39.9590134" lon="-75.1789003"><ele>8.2</ele><time>2026-08-23T23:57:19Z</time></trkpt>
   <trkpt lat="39.9590375" lon="-75.1789064"><ele>8.2</ele><time>2026-08-23T23:57:20Z</time></trkpt>
   <trkpt lat="39.9590679" lon="-75.1789176"><ele>8.2</ele><time>2026-08-23T23:57:21Z</time></trkpt>
   <trkpt lat="39.9590971" lon="-75.1789287"><ele>8.2</ele><time>2026-08-23T23:57:22Z</time></trkpt>
   <trkpt lat="39.9591196" lon="-75.1789379"><ele>8.0</ele><time>2026-08-23T23:57:23Z</time></trkpt>
   <trkpt lat="39.9591545" lon="-75.1789477"><ele>8.0</ele><time>2026-08-23T23:57:24Z</time></trkpt>
   <trkpt lat="39.9591761" lon="-75.1789603"><ele>8.0</ele><time>2026-08-23T23:57:25Z</time></trkpt>
   <trkpt lat="39.9591995" lon="-75.1789752"><ele>8.0</ele><time>2026-08-23T23:57:26Z</time></trkpt>
   <trkpt lat="39.9592341" lon="-75.1789894"><ele>8.0</ele><time>2026-08-23T23:57:27Z</time></trkpt>
   <trkpt lat="39.9592624" lon="-75.1789992"><ele>8.0</ele><time>2026-08-23T23:57:28Z</time></trkpt>
   <trkpt lat="39.9593057" lon="-75.1790057"><ele>8.0</ele><time>2026-08-23T23:57:29Z</time></trkpt>
   <trkpt lat="39.9593366" lon="-75.1790103"><ele>8.0</ele><time>2026-08-23T23:57:30Z</time></trkpt>
   <trkpt lat="39.9593778" lon="-75.1790175"><ele>8.0</ele><time>2026-08-23T23:57:31Z</time></trkpt>
   <trkpt lat="39.9594111" lon="-75.1790315"><ele>7.8</ele><time>2026-08-23T23:57:32Z</time></trkpt>
   <trkpt lat="39.9594410" lon="-75.1790437"><ele>7.8</ele><time>2026-08-23T23:57:33Z</time></trkpt>
   <trkpt lat="39.9594782" lon="-75.1790574"><ele>7.8</ele><time>2026-08-23T23:57:34Z</time></trkpt>
   <trkpt lat="39.9595013" lon="-75.1790628"><ele>8.0</ele><time>2026-08-23T23:57:35Z</time></trkpt>
   <trkpt lat="39.9595405" lon="-75.1790730"><ele>8.0</ele><time>2026-08-23T23:57:36Z</time></trkpt>
   <trkpt lat="39.9595740" lon="-75.1790770"><ele>8.2</ele><time>2026-08-23T23:57:37Z</time></trkpt>
   <trkpt lat="39.9596082" lon="-75.1790864"><ele>8.2</ele><time>2026-08-23T23:57:38Z</time></trkpt>
   <trkpt lat="39.9596424" lon="-75.1790918"><ele>8.2</ele><time>2026-08-23T23:57:39Z</time></trkpt>
   <trkpt lat="39.9596693" lon="-75.1790989"><ele>8.2</ele><time>2026-08-23T23:57:40Z</time></trkpt>
   <trkpt lat="39.9597062" lon="-75.1791051"><ele>8.0</ele><time>2026-08-23T23:57:41Z</time></trkpt>
   <trkpt lat="39.9597373" lon="-75.1791058"><ele>8.0</ele><time>2026-08-23T23:57:42Z</time></trkpt>
   <trkpt lat="39.9597699" lon="-75.1791155"><ele>8.0</ele><time>2026-08-23T23:57:43Z</time></trkpt>
   <trkpt lat="39.9598028" lon="-75.1791258"><ele>8.0</ele><time>2026-08-23T23:57:44Z</time></trkpt>
   <trkpt lat="39.9598310" lon="-75.1791278"><ele>8.2</ele><time>2026-08-23T23:57:45Z</time></trkpt>
   <trkpt lat="39.9598625" lon="-75.1791373"><ele>8.2</ele><time>2026-08-23T23:57:46Z</time></trkpt>
   <trkpt lat="39.9598902" lon="-75.1791503"><ele>8.4</ele><time>2026-08-23T23:57:47Z</time></trkpt>
   <trkpt lat="39.9599180" lon="-75.1791608"><ele>8.4</ele><time>2026-08-23T23:57:48Z</time></trkpt>
   <trkpt lat="39.9599444" lon="-75.1791733"><ele>8.2</ele><time>2026-08-23T23:57:49Z</time></trkpt>
   <trkpt lat="39.9599703" lon="-75.1791844"><ele>8.2</ele><time>2026-08-23T23:57:50Z</time></trkpt>
   <trkpt lat="39.9599961" lon="-75.1791953"><ele>8.0</ele><time>2026-08-23T23:57:51Z</time></trkpt>
   <trkpt lat="39.9600222" lon="-75.1792051"><ele>8.0</ele><time>2026-08-23T23:57:52Z</time></trkpt>
   <trkpt lat="39.9600435" lon="-75.1792186"><ele>8.0</ele><time>2026-08-23T23:57:53Z</time></trkpt>
   <trkpt lat="39.9600625" lon="-75.1792290"><ele>8.2</ele><time>2026-08-23T23:57:54Z</time></trkpt>
   <trkpt lat="39.9600734" lon="-75.1792340"><ele>8.2</ele><time>2026-08-23T23:57:55Z</time></trkpt>
   <trkpt lat="39.9601134" lon="-75.1792581"><ele>8.4</ele><time>2026-08-23T23:57:56Z</time></trkpt>
   <trkpt lat="39.9601309" lon="-75.1792765"><ele>8.4</ele><time>2026-08-23T23:57:57Z</time></trkpt>
   <trkpt lat="39.9601547" lon="-75.1792923"><ele>8.4</ele><time>2026-08-23T23:57:58Z</time></trkpt>
   <trkpt lat="39.9601800" lon="-75.1793083"><ele>8.2</ele><time>2026-08-23T23:57:59Z</time></trkpt>
   <trkpt lat="39.9602123" lon="-75.1793292"><ele>8.0</ele><time>2026-08-23T23:58:00Z</time></trkpt>
   <trkpt lat="39.9602390" lon="-75.1793469"><ele>8.0</ele><time>2026-08-23T23:58:01Z</time></trkpt>
   <trkpt lat="39.9602651" lon="-75.1793619"><ele>8.0</ele><time>2026-08-23T23:58:02Z</time></trkpt>
   <trkpt lat="39.9602981" lon="-75.1793728"><ele>8.0</ele><time>2026-08-23T23:58:03Z</time></trkpt>
   <trkpt lat="39.9603262" lon="-75.1793862"><ele>8.2</ele><time>2026-08-23T23:58:04Z</time></trkpt>
   <trkpt lat="39.9603579" lon="-75.1794020"><ele>8.2</ele><time>2026-08-23T23:58:05Z</time></trkpt>
   <trkpt lat="39.9603914" lon="-75.1794183"><ele>8.2</ele><time>2026-08-23T23:58:06Z</time></trkpt>
   <trkpt lat="39.9604235" lon="-75.1794297"><ele>8.2</ele><time>2026-08-23T23:58:07Z</time></trkpt>
   <trkpt lat="39.9604599" lon="-75.1794444"><ele>8.2</ele><time>2026-08-23T23:58:08Z</time></trkpt>
   <trkpt lat="39.9604891" lon="-75.1794577"><ele>8.2</ele><time>2026-08-23T23:58:09Z</time></trkpt>
   <trkpt lat="39.9605137" lon="-75.1794681"><ele>8.2</ele><time>2026-08-23T23:58:10Z</time></trkpt>
   <trkpt lat="39.9605442" lon="-75.1794784"><ele>8.2</ele><time>2026-08-23T23:58:11Z</time></trkpt>
   <trkpt lat="39.9605668" lon="-75.1794940"><ele>8.4</ele><time>2026-08-23T23:58:12Z</time></trkpt>
   <trkpt lat="39.9606005" lon="-75.1795066"><ele>8.2</ele><time>2026-08-23T23:58:13Z</time></trkpt>
   <trkpt lat="39.9606354" lon="-75.1795173"><ele>8.2</ele><time>2026-08-23T23:58:14Z</time></trkpt>
   <trkpt lat="39.9606644" lon="-75.1795300"><ele>8.2</ele><time>2026-08-23T23:58:15Z</time></trkpt>
   <trkpt lat="39.9606960" lon="-75.1795423"><ele>8.2</ele><time>2026-08-23T23:58:16Z</time></trkpt>
   <trkpt lat="39.9607275" lon="-75.1795527"><ele>8.4</ele><time>2026-08-23T23:58:17Z</time></trkpt>
   <trkpt lat="39.9607582" lon="-75.1795685"><ele>8.4</ele><time>2026-08-23T23:58:18Z</time></trkpt>
   <trkpt lat="39.9607892" lon="-75.1795793"><ele>8.4</ele><time>2026-08-23T23:58:19Z</time></trkpt>
   <trkpt lat="39.9608127" lon="-75.1795906"><ele>8.4</ele><time>2026-08-23T23:58:20Z</time></trkpt>
   <trkpt lat="39.9608427" lon="-75.1795998"><ele>8.4</ele><time>2026-08-23T23:58:21Z</time></trkpt>
   <trkpt lat="39.9608664" lon="-75.1796068"><ele>8.6</ele><time>2026-08-23T23:58:22Z</time></trkpt>
   <trkpt lat="39.9608923" lon="-75.1796154"><ele>8.6</ele><time>2026-08-23T23:58:23Z</time></trkpt>
   <trkpt lat="39.9609209" lon="-75.1796274"><ele>8.8</ele><time>2026-08-23T23:58:24Z</time></trkpt>
   <trkpt lat="39.9609484" lon="-75.1796374"><ele>8.8</ele><time>2026-08-23T23:58:25Z</time></trkpt>
   <trkpt lat="39.9609751" lon="-75.1796461"><ele>8.8</ele><time>2026-08-23T23:58:26Z</time></trkpt>
   <trkpt lat="39.9610007" lon="-75.1796557"><ele>8.8</ele><time>2026-08-23T23:58:27Z</time></trkpt>
   <trkpt lat="39.9610268" lon="-75.1796651"><ele>9.0</ele><time>2026-08-23T23:58:28Z</time></trkpt>
   <trkpt lat="39.9610581" lon="-75.1796774"><ele>9.2</ele><time>2026-08-23T23:58:29Z</time></trkpt>
   <trkpt lat="39.9610820" lon="-75.1796875"><ele>9.6</ele><time>2026-08-23T23:58:30Z</time></trkpt>
   <trkpt lat="39.9611075" lon="-75.1797021"><ele>9.6</ele><time>2026-08-23T23:58:31Z</time></trkpt>
   <trkpt lat="39.9611325" lon="-75.1797150"><ele>9.6</ele><time>2026-08-23T23:58:32Z</time></trkpt>
   <trkpt lat="39.9611580" lon="-75.1797300"><ele>9.6</ele><time>2026-08-23T23:58:33Z</time></trkpt>
   <trkpt lat="39.9611851" lon="-75.1797466"><ele>9.6</ele><time>2026-08-23T23:58:34Z</time></trkpt>
   <trkpt lat="39.9612120" lon="-75.1797625"><ele>9.6</ele><time>2026-08-23T23:58:35Z</time></trkpt>
   <trkpt lat="39.9612316" lon="-75.1797751"><ele>9.8</ele><time>2026-08-23T23:58:36Z</time></trkpt>
   <trkpt lat="39.9612547" lon="-75.1797977"><ele>10.0</ele><time>2026-08-23T23:58:37Z</time></trkpt>
   <trkpt lat="39.9612614" lon="-75.1798231"><ele>10.0</ele><time>2026-08-23T23:58:38Z</time></trkpt>
   <trkpt lat="39.9612444" lon="-75.1798397"><ele>10.0</ele><time>2026-08-23T23:58:39Z</time></trkpt>
   <trkpt lat="39.9612196" lon="-75.1798628"><ele>10.0</ele><time>2026-08-23T23:58:40Z</time></trkpt>
   <trkpt lat="39.9611962" lon="-75.1798806"><ele>9.8</ele><time>2026-08-23T23:58:41Z</time></trkpt>
   <trkpt lat="39.9611738" lon="-75.1798899"><ele>9.6</ele><time>2026-08-23T23:58:42Z</time></trkpt>
   <trkpt lat="39.9611507" lon="-75.1798771"><ele>9.4</ele><time>2026-08-23T23:58:43Z</time></trkpt>
   <trkpt lat="39.9611317" lon="-75.1798549"><ele>9.2</ele><time>2026-08-23T23:58:44Z</time></trkpt>
   <trkpt lat="39.9611135" lon="-75.1798358"><ele>9.0</ele><time>2026-08-23T23:58:45Z</time></trkpt>
   <trkpt lat="39.9610881" lon="-75.1798139"><ele>8.8</ele><time>2026-08-23T23:58:46Z</time></trkpt>
   <trkpt lat="39.9610652" lon="-75.1797930"><ele>8.8</ele><time>2026-08-23T23:58:47Z</time></trkpt>
   <trkpt lat="39.9610411" lon="-75.1797712"><ele>8.8</ele><time>2026-08-23T23:58:48Z</time></trkpt>
   <trkpt lat="39.9610146" lon="-75.1797509"><ele>8.8</ele><time>2026-08-23T23:58:49Z</time></trkpt>
   <trkpt lat="39.9609877" lon="-75.1797345"><ele>8.8</ele><time>2026-08-23T23:58:50Z</time></trkpt>
   <trkpt lat="39.9609607" lon="-75.1797124"><ele>8.8</ele><time>2026-08-23T23:58:51Z</time></trkpt>
   <trkpt lat="39.9609319" lon="-75.1796900"><ele>8.8</ele><time>2026-08-23T23:58:52Z</time></trkpt>
   <trkpt lat="39.9609087" lon="-75.1796737"><ele>8.6</ele><time>2026-08-23T23:58:53Z</time></trkpt>
   <trkpt lat="39.9608764" lon="-75.1796489"><ele>8.4</ele><time>2026-08-23T23:58:54Z</time></trkpt>
   <trkpt lat="39.9608474" lon="-75.1796259"><ele>8.4</ele><time>2026-08-23T23:58:55Z</time></trkpt>
   <trkpt lat="39.9608191" lon="-75.1796061"><ele>8.4</ele><time>2026-08-23T23:58:56Z</time></trkpt>
   <trkpt lat="39.9607896" lon="-75.1795856"><ele>8.4</ele><time>2026-08-23T23:58:57Z</time></trkpt>
   <trkpt lat="39.9607614" lon="-75.1795693"><ele>8.4</ele><time>2026-08-23T23:58:58Z</time></trkpt>
   <trkpt lat="39.9607344" lon="-75.1795489"><ele>8.4</ele><time>2026-08-23T23:58:59Z</time></trkpt>
   <trkpt lat="39.9607087" lon="-75.1795206"><ele>8.2</ele><time>2026-08-23T23:59:00Z</time></trkpt>
   <trkpt lat="39.9606872" lon="-75.1794972"><ele>8.0</ele><time>2026-08-23T23:59:01Z</time></trkpt>
   <trkpt lat="39.9606587" lon="-75.1794753"><ele>8.0</ele><time>2026-08-23T23:59:02Z</time></trkpt>
   <trkpt lat="39.9606311" lon="-75.1794583"><ele>8.0</ele><time>2026-08-23T23:59:03Z</time></trkpt>
   <trkpt lat="39.9606050" lon="-75.1794391"><ele>8.0</ele><time>2026-08-23T23:59:04Z</time></trkpt>
   <trkpt lat="39.9605753" lon="-75.1794170"><ele>8.0</ele><time>2026-08-23T23:59:05Z</time></trkpt>
   <trkpt lat="39.9605491" lon="-75.1793995"><ele>8.0</ele><time>2026-08-23T23:59:06Z</time></trkpt>
   <trkpt lat="39.9605178" lon="-75.1793821"><ele>8.2</ele><time>2026-08-23T23:59:07Z</time></trkpt>
   <trkpt lat="39.9604855" lon="-75.1793661"><ele>8.2</ele><time>2026-08-23T23:59:08Z</time></trkpt>
   <trkpt lat="39.9604540" lon="-75.1793520"><ele>8.2</ele><time>2026-08-23T23:59:09Z</time></trkpt>
   <trkpt lat="39.9604180" lon="-75.1793412"><ele>8.0</ele><time>2026-08-23T23:59:10Z</time></trkpt>
   <trkpt lat="39.9603882" lon="-75.1793262"><ele>8.0</ele><time>2026-08-23T23:59:11Z</time></trkpt>
   <trkpt lat="39.9603554" lon="-75.1793131"><ele>8.0</ele><time>2026-08-23T23:59:12Z</time></trkpt>
   <trkpt lat="39.9603269" lon="-75.1792994"><ele>7.8</ele><time>2026-08-23T23:59:13Z</time></trkpt>
   <trkpt lat="39.9602956" lon="-75.1792828"><ele>7.8</ele><time>2026-08-23T23:59:14Z</time></trkpt>
   <trkpt lat="39.9602670" lon="-75.1792640"><ele>7.8</ele><time>2026-08-23T23:59:15Z</time></trkpt>
   <trkpt lat="39.9602382" lon="-75.1792512"><ele>7.8</ele><time>2026-08-23T23:59:16Z</time></trkpt>
   <trkpt lat="39.9602076" lon="-75.1792352"><ele>7.8</ele><time>2026-08-23T23:59:17Z</time></trkpt>
   <trkpt lat="39.9601758" lon="-75.1792152"><ele>7.8</ele><time>2026-08-23T23:59:18Z</time></trkpt>
   <trkpt lat="39.9601465" lon="-75.1791944"><ele>8.0</ele><time>2026-08-23T23:59:19Z</time></trkpt>
   <trkpt lat="39.9601162" lon="-75.1791816"><ele>8.0</ele><time>2026-08-23T23:59:20Z</time></trkpt>
   <trkpt lat="39.9600879" lon="-75.1791709"><ele>8.2</ele><time>2026-08-23T23:59:21Z</time></trkpt>
   <trkpt lat="39.9600602" lon="-75.1791634"><ele>8.2</ele><time>2026-08-23T23:59:22Z</time></trkpt>
   <trkpt lat="39.9600398" lon="-75.1791552"><ele>8.4</ele><time>2026-08-23T23:59:23Z</time></trkpt>
   <trkpt lat="39.9600242" lon="-75.1791476"><ele>8.4</ele><time>2026-08-23T23:59:24Z</time></trkpt>
   <trkpt lat="39.9600055" lon="-75.1791409"><ele>8.4</ele><time>2026-08-23T23:59:25Z</time></trkpt>
   <trkpt lat="39.9599909" lon="-75.1791329"><ele>8.4</ele><time>2026-08-23T23:59:26Z</time></trkpt>
   <trkpt lat="39.9599450" lon="-75.1791059"><ele>8.2</ele><time>2026-08-23T23:59:27Z</time></trkpt>
   <trkpt lat="39.9598883" lon="-75.1790899"><ele>8.2</ele><time>2026-08-23T23:59:28Z</time></trkpt>
   <trkpt lat="39.9598551" lon="-75.1790907"><ele>8.2</ele><time>2026-08-23T23:59:29Z</time></trkpt>
   <trkpt lat="39.9598167" lon="-75.1790841"><ele>8.0</ele><time>2026-08-23T23:59:30Z</time></trkpt>
   <trkpt lat="39.9597793" lon="-75.1790916"><ele>8.0</ele><time>2026-08-23T23:59:31Z</time></trkpt>
   <trkpt lat="39.9597462" lon="-75.1790878"><ele>8.0</ele><time>2026-08-23T23:59:32Z</time></trkpt>
   <trkpt lat="39.9597078" lon="-75.1790803"><ele>8.0</ele><time>2026-08-23T23:59:33Z</time></trkpt>
   <trkpt lat="39.9596736" lon="-75.1790704"><ele>8.0</ele><time>2026-08-23T23:59:34Z</time></trkpt>
   <trkpt lat="39.9596339" lon="-75.1790618"><ele>8.0</ele><time>2026-08-23T23:59:35Z</time></trkpt>
   <trkpt lat="39.9595968" lon="-75.1790563"><ele>8.0</ele><time>2026-08-23T23:59:36Z</time></trkpt>
   <trkpt lat="39.9595637" lon="-75.1790426"><ele>7.8</ele><time>2026-08-23T23:59:37Z</time></trkpt>
   <trkpt lat="39.9595289" lon="-75.1790316"><ele>7.8</ele><time>2026-08-23T23:59:38Z</time></trkpt>
   <trkpt lat="39.9595002" lon="-75.1790243"><ele>7.8</ele><time>2026-08-23T23:59:39Z</time></trkpt>
   <trkpt lat="39.9594678" lon="-75.1790135"><ele>7.8</ele><time>2026-08-23T23:59:40Z</time></trkpt>
   <trkpt lat="39.9594357" lon="-75.1790050"><ele>7.8</ele><time>2026-08-23T23:59:41Z</time></trkpt>
   <trkpt lat="39.9594078" lon="-75.1789921"><ele>7.8</ele><time>2026-08-23T23:59:42Z</time></trkpt>
   <trkpt lat="39.9593749" lon="-75.1789776"><ele>8.0</ele><time>2026-08-23T23:59:43Z</time></trkpt>
   <trkpt lat="39.9593476" lon="-75.1789673"><ele>8.0</ele><time>2026-08-23T23:59:44Z</time></trkpt>
   <trkpt lat="39.9593158" lon="-75.1789507"><ele>8.0</ele><time>2026-08-23T23:59:45Z</time></trkpt>
   <trkpt lat="39.9592845" lon="-75.1789383"><ele>7.8</ele><time>2026-08-23T23:59:46Z</time></trkpt>
   <trkpt lat="39.9592516" lon="-75.1789287"><ele>7.8</ele><time>2026-08-23T23:59:47Z</time></trkpt>
   <trkpt lat="39.9592183" lon="-75.1789232"><ele>7.8</ele><time>2026-08-23T23:59:48Z</time></trkpt>
   <trkpt lat="39.9591921" lon="-75.1789156"><ele>7.8</ele><time>2026-08-23T23:59:49Z</time></trkpt>
   <trkpt lat="39.9591562" lon="-75.1789097"><ele>7.8</ele><time>2026-08-23T23:59:50Z</time></trkpt>
   <trkpt lat="39.9591217" lon="-75.1789000"><ele>7.8</ele><time>2026-08-23T23:59:51Z</time></trkpt>
   <trkpt lat="39.9590924" lon="-75.1788862"><ele>7.8</ele><time>2026-08-23T23:59:52Z</time></trkpt>
   <trkpt lat="39.9590601" lon="-75.1788715"><ele>7.8</ele><time>2026-08-23T23:59:53Z</time></trkpt>
   <trkpt lat="39.9590365" lon="-75.1788598"><ele>8.0</ele><time>2026-08-23T23:59:54Z</time></trkpt>
   <trkpt lat="39.9590047" lon="-75.1788562"><ele>8.0</ele><time>2026-08-23T23:59:55Z</time></trkpt>
   <trkpt lat="39.9589798" lon="-75.1788504"><ele>8.0</ele><time>2026-08-23T23:59:56Z</time></trkpt>
   <trkpt lat="39.9589557" lon="-75.1788429"><ele>8.0</ele><time>2026-08-23T23:59:57Z</time></trkpt>
   <trkpt lat="39.9589262" lon="-75.1788345"><ele>8.0</ele><time>2026-08-23T23:59:58Z</time></trkpt>
   <trkpt lat="39.9589041" lon="-75.1788233"><ele>8.0</ele><time>2026-08-23T23:59:59Z</time></trkpt>
   <trkpt lat="39.9588737" lon="-75.1788085"><ele>8.0</ele><time>2026-08-24T00:00:00Z</time></trkpt>
   <trkpt lat="39.9588477" lon="-75.1787907"><ele>7.8</ele><time>2026-08-24T00:00:01Z</time></trkpt>
   <trkpt lat="39.9588269" lon="-75.1787740"><ele>7.8</ele><time>2026-08-24T00:00:02Z</time></trkpt>
   <trkpt lat="39.9587954" lon="-75.1787635"><ele>7.8</ele><time>2026-08-24T00:00:03Z</time></trkpt>
   <trkpt lat="39.9587683" lon="-75.1787552"><ele>7.8</ele><time>2026-08-24T00:00:04Z</time></trkpt>
   <trkpt lat="39.9587399" lon="-75.1787432"><ele>7.8</ele><time>2026-08-24T00:00:05Z</time></trkpt>
   <trkpt lat="39.9587093" lon="-75.1787294"><ele>8.0</ele><time>2026-08-24T00:00:06Z</time></trkpt>
   <trkpt lat="39.9586795" lon="-75.1787163"><ele>8.0</ele><time>2026-08-24T00:00:07Z</time></trkpt>
   <trkpt lat="39.9586437" lon="-75.1787099"><ele>8.0</ele><time>2026-08-24T00:00:08Z</time></trkpt>
   <trkpt lat="39.9586139" lon="-75.1787034"><ele>8.0</ele><time>2026-08-24T00:00:09Z</time></trkpt>
   <trkpt lat="39.9585798" lon="-75.1786974"><ele>7.8</ele><time>2026-08-24T00:00:10Z</time></trkpt>
   <trkpt lat="39.9585517" lon="-75.1786890"><ele>7.8</ele><time>2026-08-24T00:00:11Z</time></trkpt>
   <trkpt lat="39.9585212" lon="-75.1786709"><ele>8.0</ele><time>2026-08-24T00:00:12Z</time></trkpt>
   <trkpt lat="39.9584883" lon="-75.1786534"><ele>8.0</ele><time>2026-08-24T00:00:13Z</time></trkpt>
   <trkpt lat="39.9584551" lon="-75.1786467"><ele>8.0</ele><time>2026-08-24T00:00:14Z</time></trkpt>
   <trkpt lat="39.9584192" lon="-75.1786462"><ele>8.0</ele><time>2026-08-24T00:00:15Z</time></trkpt>
   <trkpt lat="39.9583866" lon="-75.1786420"><ele>8.0</ele><time>2026-08-24T00:00:16Z</time></trkpt>
   <trkpt lat="39.9583572" lon="-75.1786290"><ele>8.0</ele><time>2026-08-24T00:00:17Z</time></trkpt>
   <trkpt lat="39.9583252" lon="-75.1786174"><ele>8.0</ele><time>2026-08-24T00:00:18Z</time></trkpt>
   <trkpt lat="39.9583005" lon="-75.1786116"><ele>8.0</ele><time>2026-08-24T00:00:19Z</time></trkpt>
   <trkpt lat="39.9582666" lon="-75.1785985"><ele>8.0</ele><time>2026-08-24T00:00:20Z</time></trkpt>
   <trkpt lat="39.9582325" lon="-75.1785866"><ele>8.0</ele><time>2026-08-24T00:00:21Z</time></trkpt>
   <trkpt lat="39.9582028" lon="-75.1785748"><ele>8.2</ele><time>2026-08-24T00:00:22Z</time></trkpt>
   <trkpt lat="39.9581702" lon="-75.1785680"><ele>8.2</ele><time>2026-08-24T00:00:23Z</time></trkpt>
   <trkpt lat="39.9581423" lon="-75.1785595"><ele>8.2</ele><time>2026-08-24T00:00:24Z</time></trkpt>
   <trkpt lat="39.9581100" lon="-75.1785464"><ele>8.2</ele><time>2026-08-24T00:00:25Z</time></trkpt>
   <trkpt lat="39.9580823" lon="-75.1785381"><ele>8.2</ele><time>2026-08-24T00:00:26Z</time></trkpt>
   <trkpt lat="39.9580545" lon="-75.1785308"><ele>8.2</ele><time>2026-08-24T00:00:27Z</time></trkpt>
   <trkpt lat="39.9580262" lon="-75.1785237"><ele>8.2</ele><time>2026-08-24T00:00:28Z</time></trkpt>
   <trkpt lat="39.9579972" lon="-75.1785156"><ele>8.2</ele><time>2026-08-24T00:00:29Z</time></trkpt>
   <trkpt lat="39.9579648" lon="-75.1785147"><ele>8.4</ele><time>2026-08-24T00:00:30Z</time></trkpt>
   <trkpt lat="39.9579345" lon="-75.1785182"><ele>8.4</ele><time>2026-08-24T00:00:31Z</time></trkpt>
   <trkpt lat="39.9579031" lon="-75.1785206"><ele>8.2</ele><time>2026-08-24T00:00:32Z</time></trkpt>
   <trkpt lat="39.9578678" lon="-75.1785197"><ele>8.4</ele><time>2026-08-24T00:00:33Z</time></trkpt>
   <trkpt lat="39.9578336" lon="-75.1785163"><ele>8.4</ele><time>2026-08-24T00:00:34Z</time></trkpt>
   <trkpt lat="39.9578030" lon="-75.1785162"><ele>8.4</ele><time>2026-08-24T00:00:35Z</time></trkpt>
   <trkpt lat="39.9577709" lon="-75.1785143"><ele>8.6</ele><time>2026-08-24T00:00:36Z</time></trkpt>
   <trkpt lat="39.9577322" lon="-75.1785156"><ele>8.6</ele><time>2026-08-24T00:00:37Z</time></trkpt>
   <trkpt lat="39.9576949" lon="-75.1785165"><ele>8.6</ele><time>2026-08-24T00:00:38Z</time></trkpt>
   <trkpt lat="39.9576641" lon="-75.1785149"><ele>8.6</ele><time>2026-08-24T00:00:39Z</time></trkpt>
   <trkpt lat="39.9576292" lon="-75.1785163"><ele>8.6</ele><time>2026-08-24T00:00:40Z</time></trkpt>
   <trkpt lat="39.9575980" lon="-75.1785150"><ele>8.6</ele><time>2026-08-24T00:00:41Z</time></trkpt>
   <trkpt lat="39.9575693" lon="-75.1785121"><ele>8.6</ele><time>2026-08-24T00:00:42Z</time></trkpt>
   <trkpt lat="39.9575408" lon="-75.1785109"><ele>8.6</ele><time>2026-08-24T00:00:43Z</time></trkpt>
   <trkpt lat="39.9575130" lon="-75.1785100"><ele>8.4</ele><time>2026-08-24T00:00:44Z</time></trkpt>
   <trkpt lat="39.9574807" lon="-75.1785124"><ele>8.4</ele><time>2026-08-24T00:00:45Z</time></trkpt>
   <trkpt lat="39.9574510" lon="-75.1785142"><ele>8.2</ele><time>2026-08-24T00:00:46Z</time></trkpt>
   <trkpt lat="39.9574295" lon="-75.1785136"><ele>8.2</ele><time>2026-08-24T00:00:47Z</time></trkpt>
   <trkpt lat="39.9574029" lon="-75.1785170"><ele>8.2</ele><time>2026-08-24T00:00:48Z</time></trkpt>
   <trkpt lat="39.9573825" lon="-75.1785140"><ele>8.4</ele><time>2026-08-24T00:00:49Z</time></trkpt>
   <trkpt lat="39.9573604" lon="-75.1785068"><ele>8.2</ele><time>2026-08-24T00:00:50Z</time></trkpt>
   <trkpt lat="39.9573358" lon="-75.1785069"><ele>8.2</ele><time>2026-08-24T00:00:51Z</time></trkpt>
   <trkpt lat="39.9573166" lon="-75.1784992"><ele>8.2</ele><time>2026-08-24T00:00:52Z</time></trkpt>
   <trkpt lat="39.9572874" lon="-75.1785011"><ele>8.2</ele><time>2026-08-24T00:00:53Z</time></trkpt>
   <trkpt lat="39.9572540" lon="-75.1784974"><ele>8.2</ele><time>2026-08-24T00:00:54Z</time></trkpt>
   <trkpt lat="39.9572157" lon="-75.1785007"><ele>8.2</ele><time>2026-08-24T00:00:55Z</time></trkpt>
   <trkpt lat="39.9571769" lon="-75.1785026"><ele>8.2</ele><time>2026-08-24T00:00:56Z</time></trkpt>
   <trkpt lat="39.9571448" lon="-75.1784999"><ele>8.4</ele><time>2026-08-24T00:00:57Z</time></trkpt>
   <trkpt lat="39.9571130" lon="-75.1784996"><ele>8.2</ele><time>2026-08-24T00:00:58Z</time></trkpt>
   <trkpt lat="39.9570848" lon="-75.1785016"><ele>8.4</ele><time>2026-08-24T00:00:59Z</time></trkpt>
   <trkpt lat="39.9570539" lon="-75.1785049"><ele>8.4</ele><time>2026-08-24T00:01:00Z</time></trkpt>
   <trkpt lat="39.9570096" lon="-75.1785117"><ele>8.4</ele><time>2026-08-24T00:01:01Z</time></trkpt>
   <trkpt lat="39.9569751" lon="-75.1785111"><ele>8.4</ele><time>2026-08-24T00:01:02Z</time></trkpt>
   <trkpt lat="39.9569275" lon="-75.1785179"><ele>8.4</ele><time>2026-08-24T00:01:03Z</time></trkpt>
   <trkpt lat="39.9568801" lon="-75.1785257"><ele>8.6</ele><time>2026-08-24T00:01:04Z</time></trkpt>
   <trkpt lat="39.9568375" lon="-75.1785307"><ele>8.8</ele><time>2026-08-24T00:01:05Z</time></trkpt>
   <trkpt lat="39.9567910" lon="-75.1785377"><ele>8.8</ele><time>2026-08-24T00:01:06Z</time></trkpt>
   <trkpt lat="39.9567571" lon="-75.1785469"><ele>8.8</ele><time>2026-08-24T00:01:07Z</time></trkpt>
   <trkpt lat="39.9567226" lon="-75.1785572"><ele>8.8</ele><time>2026-08-24T00:01:08Z</time></trkpt>
   <trkpt lat="39.9566830" lon="-75.1785643"><ele>8.8</ele><time>2026-08-24T00:01:09Z</time></trkpt>
   <trkpt lat="39.9566497" lon="-75.1785686"><ele>8.8</ele><time>2026-08-24T00:01:10Z</time></trkpt>
   <trkpt lat="39.9566128" lon="-75.1785760"><ele>8.8</ele><time>2026-08-24T00:01:11Z</time></trkpt>
   <trkpt lat="39.9565838" lon="-75.1785851"><ele>8.8</ele><time>2026-08-24T00:01:12Z</time></trkpt>
   <trkpt lat="39.9565562" lon="-75.1785900"><ele>8.8</ele><time>2026-08-24T00:01:13Z</time></trkpt>
   <trkpt lat="39.9565270" lon="-75.1785929"><ele>8.8</ele><time>2026-08-24T00:01:14Z</time></trkpt>
   <trkpt lat="39.9565095" lon="-75.1785919"><ele>8.6</ele><time>2026-08-24T00:01:15Z</time></trkpt>
   <trkpt lat="39.9564785" lon="-75.1785928"><ele>8.6</ele><time>2026-08-24T00:01:16Z</time></trkpt>
   <trkpt lat="39.9564562" lon="-75.1785994"><ele>8.6</ele><time>2026-08-24T00:01:17Z</time></trkpt>
   <trkpt lat="39.9564370" lon="-75.1786001"><ele>8.6</ele><time>2026-08-24T00:01:18Z</time></trkpt>
   <trkpt lat="39.9564136" lon="-75.1786043"><ele>8.6</ele><time>2026-08-24T00:01:19Z</time></trkpt>
   <trkpt lat="39.9563971" lon="-75.1786097"><ele>8.6</ele><time>2026-08-24T00:01:20Z</time></trkpt>
   <trkpt lat="39.9563864" lon="-75.1786153"><ele>8.6</ele><time>2026-08-24T00:01:21Z</time></trkpt>
   <trkpt lat="39.9563701" lon="-75.1786272"><ele>8.4</ele><time>2026-08-24T00:01:22Z</time></trkpt>
   <trkpt lat="39.9563533" lon="-75.1786338"><ele>8.4</ele><time>2026-08-24T00:01:23Z</time></trkpt>
   <trkpt lat="39.9563322" lon="-75.1786364"><ele>8.4</ele><time>2026-08-24T00:01:24Z</time></trkpt>
   <trkpt lat="39.9563168" lon="-75.1786456"><ele>8.4</ele><time>2026-08-24T00:01:25Z</time></trkpt>
   <trkpt lat="39.9563226" lon="-75.1786464"><ele>8.4</ele><time>2026-08-24T00:01:26Z</time></trkpt>
   <trkpt lat="39.9563303" lon="-75.1786519"><ele>8.4</ele><time>2026-08-24T00:01:27Z</time></trkpt>
   <trkpt lat="39.9563460" lon="-75.1786524"><ele>8.6</ele><time>2026-08-24T00:01:28Z</time></trkpt>
   <trkpt lat="39.9563409" lon="-75.1786435"><ele>8.6</ele><time>2026-08-24T00:01:29Z</time></trkpt>
   <trkpt lat="39.9563331" lon="-75.1786381"><ele>8.6</ele><time>2026-08-24T00:01:30Z</time></trkpt>
   <trkpt lat="39.9562986" lon="-75.1786658"><ele>8.8</ele><time>2026-08-24T00:01:31Z</time></trkpt>
   <trkpt lat="39.9562816" lon="-75.1786759"><ele>8.8</ele><time>2026-08-24T00:01:32Z</time></trkpt>
   <trkpt lat="39.9562574" lon="-75.1786895"><ele>8.8</ele><time>2026-08-24T00:01:33Z</time></trkpt>
   <trkpt lat="39.9562151" lon="-75.1787041"><ele>9.0</ele><time>2026-08-24T00:01:34Z</time></trkpt>
   <trkpt lat="39.9561847" lon="-75.1787308"><ele>9.0</ele><time>2026-08-24T00:01:35Z</time></trkpt>
   <trkpt lat="39.9561541" lon="-75.1787482"><ele>9.0</ele><time>2026-08-24T00:01:36Z</time></trkpt>
   <trkpt lat="39.9560935" lon="-75.1787918"><ele>9.2</ele><time>2026-08-24T00:01:37Z</time></trkpt>
   <trkpt lat="39.9560407" lon="-75.1788384"><ele>9.2</ele><time>2026-08-24T00:01:38Z</time></trkpt>
   <trkpt lat="39.9559957" lon="-75.1788565"><ele>9.0</ele><time>2026-08-24T00:01:39Z</time></trkpt>
   <trkpt lat="39.9559394" lon="-75.1788919"><ele>8.8</ele><time>2026-08-24T00:01:40Z</time></trkpt>
   <trkpt lat="39.9559034" lon="-75.1788688"><ele>8.8</ele><time>2026-08-24T00:01:41Z</time></trkpt>
   <trkpt lat="39.9558379" lon="-75.1788965"><ele>8.6</ele><time>2026-08-24T00:01:42Z</time></trkpt>
   <trkpt lat="39.9557983" lon="-75.1789156"><ele>8.6</ele><time>2026-08-24T00:01:43Z</time></trkpt>
   <trkpt lat="39.9557471" lon="-75.1789293"><ele>8.6</ele><time>2026-08-24T00:01:44Z</time></trkpt>
   <trkpt lat="39.9557102" lon="-75.1789441"><ele>8.6</ele><time>2026-08-24T00:01:45Z</time></trkpt>
   <trkpt lat="39.9556825" lon="-75.1789546"><ele>8.6</ele><time>2026-08-24T00:01:46Z</time></trkpt>
   <trkpt lat="39.9556545" lon="-75.1789656"><ele>8.6</ele><time>2026-08-24T00:01:47Z</time></trkpt>
   <trkpt lat="39.9556309" lon="-75.1789758"><ele>8.6</ele><time>2026-08-24T00:01:48Z</time></trkpt>
   <trkpt lat="39.9556084" lon="-75.1789887"><ele>8.6</ele><time>2026-08-24T00:01:49Z</time></trkpt>
   <trkpt lat="39.9555900" lon="-75.1790072"><ele>8.6</ele><time>2026-08-24T00:01:50Z</time></trkpt>
   <trkpt lat="39.9555702" lon="-75.1790184"><ele>8.6</ele><time>2026-08-24T00:01:51Z</time></trkpt>
   <trkpt lat="39.9555478" lon="-75.1790341"><ele>8.6</ele><time>2026-08-24T00:01:52Z</time></trkpt>
   <trkpt lat="39.9555214" lon="-75.1790516"><ele>8.4</ele><time>2026-08-24T00:01:53Z</time></trkpt>
   <trkpt lat="39.9554926" lon="-75.1790673"><ele>8.4</ele><time>2026-08-24T00:01:54Z</time></trkpt>
   <trkpt lat="39.9554592" lon="-75.1790846"><ele>8.4</ele><time>2026-08-24T00:01:55Z</time></trkpt>
   <trkpt lat="39.9554177" lon="-75.1791028"><ele>8.4</ele><time>2026-08-24T00:01:56Z</time></trkpt>
   <trkpt lat="39.9553781" lon="-75.1791017"><ele>8.6</ele><time>2026-08-24T00:01:57Z</time></trkpt>
   <trkpt lat="39.9553514" lon="-75.1790755"><ele>8.4</ele><time>2026-08-24T00:01:58Z</time></trkpt>
   <trkpt lat="39.9553179" lon="-75.1790833"><ele>8.4</ele><time>2026-08-24T00:01:59Z</time></trkpt>
   <trkpt lat="39.9552757" lon="-75.1790990"><ele>8.4</ele><time>2026-08-24T00:02:00Z</time></trkpt>
   <trkpt lat="39.9552345" lon="-75.1791117"><ele>8.2</ele><time>2026-08-24T00:02:01Z</time></trkpt>
   <trkpt lat="39.9551927" lon="-75.1791242"><ele>8.2</ele><time>2026-08-24T00:02:02Z</time></trkpt>
   <trkpt lat="39.9551512" lon="-75.1791300"><ele>8.4</ele><time>2026-08-24T00:02:03Z</time></trkpt>
   <trkpt lat="39.9551220" lon="-75.1791383"><ele>8.6</ele><time>2026-08-24T00:02:04Z</time></trkpt>
   <trkpt lat="39.9550766" lon="-75.1791466"><ele>8.6</ele><time>2026-08-24T00:02:05Z</time></trkpt>
   <trkpt lat="39.9550285" lon="-75.1791525"><ele>8.4</ele><time>2026-08-24T00:02:06Z</time></trkpt>
   <trkpt lat="39.9549780" lon="-75.1791614"><ele>8.4</ele><time>2026-08-24T00:02:07Z</time></trkpt>
   <trkpt lat="39.9549389" lon="-75.1791677"><ele>8.4</ele><time>2026-08-24T00:02:08Z</time></trkpt>
   <trkpt lat="39.9548993" lon="-75.1791735"><ele>8.4</ele><time>2026-08-24T00:02:09Z</time></trkpt>
   <trkpt lat="39.9548561" lon="-75.1791771"><ele>8.6</ele><time>2026-08-24T00:02:10Z</time></trkpt>
   <trkpt lat="39.9548187" lon="-75.1791819"><ele>8.6</ele><time>2026-08-24T00:02:11Z</time></trkpt>
   <trkpt lat="39.9547807" lon="-75.1791917"><ele>8.8</ele><time>2026-08-24T00:02:12Z</time></trkpt>
   <trkpt lat="39.9547436" lon="-75.1792006"><ele>8.8</ele><time>2026-08-24T00:02:13Z</time></trkpt>
   <trkpt lat="39.9546990" lon="-75.1792122"><ele>8.8</ele><time>2026-08-24T00:02:14Z</time></trkpt>
   <trkpt lat="39.9546679" lon="-75.1792193"><ele>8.8</ele><time>2026-08-24T00:02:15Z</time></trkpt>
   <trkpt lat="39.9546351" lon="-75.1792130"><ele>8.8</ele><time>2026-08-24T00:02:16Z</time></trkpt>
   <trkpt lat="39.9545933" lon="-75.1792174"><ele>8.8</ele><time>2026-08-24T00:02:17Z</time></trkpt>
   <trkpt lat="39.9545528" lon="-75.1792212"><ele>8.8</ele><time>2026-08-24T00:02:18Z</time></trkpt>
   <trkpt lat="39.9545120" lon="-75.1792206"><ele>8.8</ele><time>2026-08-24T00:02:19Z</time></trkpt>
   <trkpt lat="39.9544810" lon="-75.1792181"><ele>9.0</ele><time>2026-08-24T00:02:20Z</time></trkpt>
   <trkpt lat="39.9544590" lon="-75.1792125"><ele>9.0</ele><time>2026-08-24T00:02:21Z</time></trkpt>
   <trkpt lat="39.9544425" lon="-75.1792144"><ele>9.2</ele><time>2026-08-24T00:02:22Z</time></trkpt>
   <trkpt lat="39.9544143" lon="-75.1792201"><ele>9.2</ele><time>2026-08-24T00:02:23Z</time></trkpt>
   <trkpt lat="39.9543983" lon="-75.1792224"><ele>9.2</ele><time>2026-08-24T00:02:24Z</time></trkpt>
   <trkpt lat="39.9543770" lon="-75.1792235"><ele>9.2</ele><time>2026-08-24T00:02:25Z</time></trkpt>
   <trkpt lat="39.9543561" lon="-75.1792234"><ele>9.2</ele><time>2026-08-24T00:02:26Z</time></trkpt>
   <trkpt lat="39.9543369" lon="-75.1792248"><ele>9.2</ele><time>2026-08-24T00:02:27Z</time></trkpt>
   <trkpt lat="39.9543172" lon="-75.1792276"><ele>9.2</ele><time>2026-08-24T00:02:28Z</time></trkpt>
   <trkpt lat="39.9542986" lon="-75.1792265"><ele>9.2</ele><time>2026-08-24T00:02:29Z</time></trkpt>
   <trkpt lat="39.9542768" lon="-75.1792595"><ele>9.2</ele><time>2026-08-24T00:02:30Z</time></trkpt>
   <trkpt lat="39.9542278" lon="-75.1793009"><ele>9.2</ele><time>2026-08-24T00:02:31Z</time></trkpt>
   <trkpt lat="39.9541714" lon="-75.1793115"><ele>9.2</ele><time>2026-08-24T00:02:32Z</time></trkpt>
   <trkpt lat="39.9541435" lon="-75.1793366"><ele>9.2</ele><time>2026-08-24T00:02:33Z</time></trkpt>
   <trkpt lat="39.9541081" lon="-75.1793607"><ele>9.0</ele><time>2026-08-24T00:02:34Z</time></trkpt>
   <trkpt lat="39.9540838" lon="-75.1793831"><ele>9.0</ele><time>2026-08-24T00:02:35Z</time></trkpt>
   <trkpt lat="39.9540573" lon="-75.1794029"><ele>8.8</ele><time>2026-08-24T00:02:36Z</time></trkpt>
   <trkpt lat="39.9540257" lon="-75.1794191"><ele>8.8</ele><time>2026-08-24T00:02:37Z</time></trkpt>
   <trkpt lat="39.9539888" lon="-75.1794307"><ele>8.8</ele><time>2026-08-24T00:02:38Z</time></trkpt>
   <trkpt lat="39.9539518" lon="-75.1794450"><ele>9.0</ele><time>2026-08-24T00:02:39Z</time></trkpt>
   <trkpt lat="39.9539135" lon="-75.1794659"><ele>9.0</ele><time>2026-08-24T00:02:40Z</time></trkpt>
   <trkpt lat="39.9538754" lon="-75.1794784"><ele>8.8</ele><time>2026-08-24T00:02:41Z</time></trkpt>
   <trkpt lat="39.9538466" lon="-75.1795025"><ele>8.8</ele><time>2026-08-24T00:02:42Z</time></trkpt>
   <trkpt lat="39.9538129" lon="-75.1795192"><ele>8.8</ele><time>2026-08-24T00:02:43Z</time></trkpt>
   <trkpt lat="39.9537876" lon="-75.1795351"><ele>8.8</ele><time>2026-08-24T00:02:44Z</time></trkpt>
   <trkpt lat="39.9537433" lon="-75.1795508"><ele>8.8</ele><time>2026-08-24T00:02:45Z</time></trkpt>
   <trkpt lat="39.9537024" lon="-75.1795708"><ele>8.8</ele><time>2026-08-24T00:02:46Z</time></trkpt>
   <trkpt lat="39.9536560" lon="-75.1795890"><ele>8.8</ele><time>2026-08-24T00:02:47Z</time></trkpt>
   <trkpt lat="39.9536253" lon="-75.1796050"><ele>8.8</ele><time>2026-08-24T00:02:48Z</time></trkpt>
   <trkpt lat="39.9535929" lon="-75.1796220"><ele>8.8</ele><time>2026-08-24T00:02:49Z</time></trkpt>
   <trkpt lat="39.9535584" lon="-75.1796388"><ele>9.0</ele><time>2026-08-24T00:02:50Z</time></trkpt>
   <trkpt lat="39.9535297" lon="-75.1796502"><ele>9.0</ele><time>2026-08-24T00:02:51Z</time></trkpt>
   <trkpt lat="39.9534961" lon="-75.1796679"><ele>9.2</ele><time>2026-08-24T00:02:52Z</time></trkpt>
   <trkpt lat="39.9534639" lon="-75.1796865"><ele>9.2</ele><time>2026-08-24T00:02:53Z</time></trkpt>
   <trkpt lat="39.9534289" lon="-75.1797082"><ele>9.2</ele><time>2026-08-24T00:02:54Z</time></trkpt>
   <trkpt lat="39.9533963" lon="-75.1797190"><ele>9.4</ele><time>2026-08-24T00:02:55Z</time></trkpt>
   <trkpt lat="39.9533598" lon="-75.1797248"><ele>9.4</ele><time>2026-08-24T00:02:56Z</time></trkpt>
   <trkpt lat="39.9533294" lon="-75.1797350"><ele>9.4</ele><time>2026-08-24T00:02:57Z</time></trkpt>
   <trkpt lat="39.9532978" lon="-75.1797504"><ele>9.4</ele><time>2026-08-24T00:02:58Z</time></trkpt>
   <trkpt lat="39.9532650" lon="-75.1797644"><ele>9.4</ele><time>2026-08-24T00:02:59Z</time></trkpt>
   <trkpt lat="39.9532380" lon="-75.1797738"><ele>9.4</ele><time>2026-08-24T00:03:00Z</time></trkpt>
   <trkpt lat="39.9532105" lon="-75.1797920"><ele>9.6</ele><time>2026-08-24T00:03:01Z</time></trkpt>
   <trkpt lat="39.9531825" lon="-75.1798037"><ele>9.6</ele><time>2026-08-24T00:03:02Z</time></trkpt>
   <trkpt lat="39.9531517" lon="-75.1798122"><ele>9.8</ele><time>2026-08-24T00:03:03Z</time></trkpt>
   <trkpt lat="39.9531218" lon="-75.1798190"><ele>9.8</ele><time>2026-08-24T00:03:04Z</time></trkpt>
   <trkpt lat="39.9530877" lon="-75.1798243"><ele>9.8</ele><time>2026-08-24T00:03:05Z</time></trkpt>
   <trkpt lat="39.9530497" lon="-75.1798314"><ele>9.8</ele><time>2026-08-24T00:03:06Z</time></trkpt>
   <trkpt lat="39.9530203" lon="-75.1798382"><ele>9.8</ele><time>2026-08-24T00:03:07Z</time></trkpt>
   <trkpt lat="39.9529890" lon="-75.1798465"><ele>9.8</ele><time>2026-08-24T00:03:08Z</time></trkpt>
   <trkpt lat="39.9529590" lon="-75.1798647"><ele>9.8</ele><time>2026-08-24T00:03:09Z</time></trkpt>
   <trkpt lat="39.9529420" lon="-75.1798825"><ele>9.8</ele><time>2026-08-24T00:03:10Z</time></trkpt>
   <trkpt lat="39.9529268" lon="-75.1799038"><ele>9.6</ele><time>2026-08-24T00:03:11Z</time></trkpt>
   <trkpt lat="39.9529143" lon="-75.1799331"><ele>9.6</ele><time>2026-08-24T00:03:12Z</time></trkpt>
   <trkpt lat="39.9529107" lon="-75.1799665"><ele>9.6</ele><time>2026-08-24T00:03:13Z</time></trkpt>
   <trkpt lat="39.9528908" lon="-75.1800039"><ele>9.4</ele><time>2026-08-24T00:03:14Z</time></trkpt>
   <trkpt lat="39.9528674" lon="-75.1800344"><ele>9.4</ele><time>2026-08-24T00:03:15Z</time></trkpt>
   <trkpt lat="39.9528508" lon="-75.1800676"><ele>9.4</ele><time>2026-08-24T00:03:16Z</time></trkpt>
   <trkpt lat="39.9528257" lon="-75.1800840"><ele>9.4</ele><time>2026-08-24T00:03:17Z</time></trkpt>
   <trkpt lat="39.9528117" lon="-75.1801019"><ele>9.6</ele><time>2026-08-24T00:03:18Z</time></trkpt>
   <trkpt lat="39.9528042" lon="-75.1801199"><ele>9.6</ele><time>2026-08-24T00:03:19Z</time></trkpt>
   <trkpt lat="39.9527667" lon="-75.1801350"><ele>9.6</ele><time>2026-08-24T00:03:20Z</time></trkpt>
   <trkpt lat="39.9527514" lon="-75.1801414"><ele>9.6</ele><time>2026-08-24T00:03:21Z</time></trkpt>
   <trkpt lat="39.9527348" lon="-75.1801427"><ele>9.4</ele><time>2026-08-24T00:03:22Z</time></trkpt>
   <trkpt lat="39.9527022" lon="-75.1801706"><ele>9.4</ele><time>2026-08-24T00:03:23Z</time></trkpt>
   <trkpt lat="39.9526886" lon="-75.1801784"><ele>9.4</ele><time>2026-08-24T00:03:24Z</time></trkpt>
   <trkpt lat="39.9526677" lon="-75.1801852"><ele>9.6</ele><time>2026-08-24T00:03:25Z</time></trkpt>
   <trkpt lat="39.9526546" lon="-75.1801910"><ele>9.6</ele><time>2026-08-24T00:03:26Z</time></trkpt>
   <trkpt lat="39.9526446" lon="-75.1801958"><ele>9.8</ele><time>2026-08-24T00:03:27Z</time></trkpt>
   <trkpt lat="39.9526261" lon="-75.1802033"><ele>9.8</ele><time>2026-08-24T00:03:28Z</time></trkpt>
   <trkpt lat="39.9526103" lon="-75.1802126"><ele>9.8</ele><time>2026-08-24T00:03:29Z</time></trkpt>
   <trkpt lat="39.9525888" lon="-75.1802206"><ele>10.0</ele><time>2026-08-24T00:03:30Z</time></trkpt>
   <trkpt lat="39.9525640" lon="-75.1802346"><ele>10.0</ele><time>2026-08-24T00:03:31Z</time></trkpt>
   <trkpt lat="39.9525340" lon="-75.1802468"><ele>10.0</ele><time>2026-08-24T00:03:32Z</time></trkpt>
   <trkpt lat="39.9525032" lon="-75.1802622"><ele>10.0</ele><time>2026-08-24T00:03:33Z</time></trkpt>
   <trkpt lat="39.9524694" lon="-75.1802801"><ele>10.0</ele><time>2026-08-24T00:03:34Z</time></trkpt>
   <trkpt lat="39.9524388" lon="-75.1802957"><ele>10.0</ele><time>2026-08-24T00:03:35Z</time></trkpt>
   <trkpt lat="39.9524110" lon="-75.1803152"><ele>10.0</ele><time>2026-08-24T00:03:36Z</time></trkpt>
   <trkpt lat="39.9523790" lon="-75.1803367"><ele>10.2</ele><time>2026-08-24T00:03:37Z</time></trkpt>
   <trkpt lat="39.9523429" lon="-75.1803589"><ele>10.2</ele><time>2026-08-24T00:03:38Z</time></trkpt>
   <trkpt lat="39.9523012" lon="-75.1803854"><ele>10.2</ele><time>2026-08-24T00:03:39Z</time></trkpt>
   <trkpt lat="39.9522638" lon="-75.1804070"><ele>10.4</ele><time>2026-08-24T00:03:40Z</time></trkpt>
   <trkpt lat="39.9522334" lon="-75.1804236"><ele>10.4</ele><time>2026-08-24T00:03:41Z</time></trkpt>
   <trkpt lat="39.9522011" lon="-75.1804365"><ele>10.4</ele><time>2026-08-24T00:03:42Z</time></trkpt>
   <trkpt lat="39.9521683" lon="-75.1804561"><ele>10.6</ele><time>2026-08-24T00:03:43Z</time></trkpt>
   <trkpt lat="39.9521405" lon="-75.1804875"><ele>10.4</ele><time>2026-08-24T00:03:44Z</time></trkpt>
   <trkpt lat="39.9521068" lon="-75.1805282"><ele>10.4</ele><time>2026-08-24T00:03:45Z</time></trkpt>
   <trkpt lat="39.9520691" lon="-75.1805727"><ele>10.4</ele><time>2026-08-24T00:03:46Z</time></trkpt>
   <trkpt lat="39.9520416" lon="-75.1806017"><ele>10.4</ele><time>2026-08-24T00:03:47Z</time></trkpt>
   <trkpt lat="39.9520134" lon="-75.1806325"><ele>10.2</ele><time>2026-08-24T00:03:48Z</time></trkpt>
   <trkpt lat="39.9519866" lon="-75.1806575"><ele>10.2</ele><time>2026-08-24T00:03:49Z</time></trkpt>
   <trkpt lat="39.9519496" lon="-75.1806875"><ele>10.2</ele><time>2026-08-24T00:03:50Z</time></trkpt>
   <trkpt lat="39.9519204" lon="-75.1807120"><ele>10.2</ele><time>2026-08-24T00:03:51Z</time></trkpt>
   <trkpt lat="39.9518914" lon="-75.1807350"><ele>10.0</ele><time>2026-08-24T00:03:52Z</time></trkpt>
   <trkpt lat="39.9518621" lon="-75.1807632"><ele>9.8</ele><time>2026-08-24T00:03:53Z</time></trkpt>
   <trkpt lat="39.9518360" lon="-75.1807833"><ele>9.8</ele><time>2026-08-24T00:03:54Z</time></trkpt>
   <trkpt lat="39.9518038" lon="-75.1808037"><ele>9.8</ele><time>2026-08-24T00:03:55Z</time></trkpt>
   <trkpt lat="39.9517772" lon="-75.1808174"><ele>9.8</ele><time>2026-08-24T00:03:56Z</time></trkpt>
   <trkpt lat="39.9517479" lon="-75.1808266"><ele>9.8</ele><time>2026-08-24T00:03:57Z</time></trkpt>
   <trkpt lat="39.9517168" lon="-75.1808372"><ele>9.8</ele><time>2026-08-24T00:03:58Z</time></trkpt>
   <trkpt lat="39.9516899" lon="-75.1808450"><ele>9.8</ele><time>2026-08-24T00:03:59Z</time></trkpt>
   <trkpt lat="39.9516577" lon="-75.1808607"><ele>10.0</ele><time>2026-08-24T00:04:00Z</time></trkpt>
   <trkpt lat="39.9516356" lon="-75.1808783"><ele>10.0</ele><time>2026-08-24T00:04:01Z</time></trkpt>
   <trkpt lat="39.9516014" lon="-75.1808954"><ele>10.2</ele><time>2026-08-24T00:04:02Z</time></trkpt>
   <trkpt lat="39.9515755" lon="-75.1809069"><ele>10.2</ele><time>2026-08-24T00:04:03Z</time></trkpt>
   <trkpt lat="39.9515497" lon="-75.1809117"><ele>10.2</ele><time>2026-08-24T00:04:04Z</time></trkpt>
   <trkpt lat="39.9515163" lon="-75.1809240"><ele>10.2</ele><time>2026-08-24T00:04:05Z</time></trkpt>
   <trkpt lat="39.9514935" lon="-75.1809277"><ele>10.2</ele><time>2026-08-24T00:04:06Z</time></trkpt>
   <trkpt lat="39.9514614" lon="-75.1809351"><ele>10.2</ele><time>2026-08-24T00:04:07Z</time></trkpt>
   <trkpt lat="39.9514356" lon="-75.1809428"><ele>10.4</ele><time>2026-08-24T00:04:08Z</time></trkpt>
   <trkpt lat="39.9514110" lon="-75.1809487"><ele>10.4</ele><time>2026-08-24T00:04:09Z</time></trkpt>
   <trkpt lat="39.9513839" lon="-75.1809566"><ele>10.6</ele><time>2026-08-24T00:04:10Z</time></trkpt>
   <trkpt lat="39.9513507" lon="-75.1809642"><ele>10.6</ele><time>2026-08-24T00:04:11Z</time></trkpt>
   <trkpt lat="39.9513135" lon="-75.1809720"><ele>10.6</ele><time>2026-08-24T00:04:12Z</time></trkpt>
   <trkpt lat="39.9512849" lon="-75.1809751"><ele>10.6</ele><time>2026-08-24T00:04:13Z</time></trkpt>
   <trkpt lat="39.9512653" lon="-75.1809753"><ele>10.6</ele><time>2026-08-24T00:04:14Z</time></trkpt>
   <trkpt lat="39.9512318" lon="-75.1809788"><ele>10.6</ele><time>2026-08-24T00:04:15Z</time></trkpt>
   <trkpt lat="39.9512040" lon="-75.1809824"><ele>10.6</ele><time>2026-08-24T00:04:16Z</time></trkpt>
   <trkpt lat="39.9511712" lon="-75.1809902"><ele>10.6</ele><time>2026-08-24T00:04:17Z</time></trkpt>
   <trkpt lat="39.9511413" lon="-75.1810003"><ele>10.6</ele><time>2026-08-24T00:04:18Z</time></trkpt>
   <trkpt lat="39.9511122" lon="-75.1810119"><ele>10.6</ele><time>2026-08-24T00:04:19Z</time></trkpt>
   <trkpt lat="39.9510791" lon="-75.1810299"><ele>10.6</ele><time>2026-08-24T00:04:20Z</time></trkpt>
   <trkpt lat="39.9510437" lon="-75.1810468"><ele>10.6</ele><time>2026-08-24T00:04:21Z</time></trkpt>
   <trkpt lat="39.9510157" lon="-75.1810574"><ele>10.6</ele><time>2026-08-24T00:04:22Z</time></trkpt>
   <trkpt lat="39.9509801" lon="-75.1810721"><ele>10.6</ele><time>2026-08-24T00:04:23Z</time></trkpt>
   <trkpt lat="39.9509487" lon="-75.1810850"><ele>10.8</ele><time>2026-08-24T00:04:24Z</time></trkpt>
   <trkpt lat="39.9509139" lon="-75.1811019"><ele>10.8</ele><time>2026-08-24T00:04:25Z</time></trkpt>
   <trkpt lat="39.9508847" lon="-75.1811178"><ele>10.8</ele><time>2026-08-24T00:04:26Z</time></trkpt>
   <trkpt lat="39.9508597" lon="-75.1811320"><ele>10.8</ele><time>2026-08-24T00:04:27Z</time></trkpt>
   <trkpt lat="39.9508281" lon="-75.1811513"><ele>10.8</ele><time>2026-08-24T00:04:28Z</time></trkpt>
   <trkpt lat="39.9508022" lon="-75.1811666"><ele>10.8</ele><time>2026-08-24T00:04:29Z</time></trkpt>
   <trkpt lat="39.9507720" lon="-75.1811819"><ele>11.0</ele><time>2026-08-24T00:04:30Z</time></trkpt>
   <trkpt lat="39.9507394" lon="-75.1811984"><ele>10.8</ele><time>2026-08-24T00:04:31Z</time></trkpt>
   <trkpt lat="39.9507088" lon="-75.1812156"><ele>11.0</ele><time>2026-08-24T00:04:32Z</time></trkpt>
   <trkpt lat="39.9506789" lon="-75.1812373"><ele>11.0</ele><time>2026-08-24T00:04:33Z</time></trkpt>
   <trkpt lat="39.9506501" lon="-75.1812632"><ele>11.0</ele><time>2026-08-24T00:04:34Z</time></trkpt>
   <trkpt lat="39.9506239" lon="-75.1812849"><ele>11.0</ele><time>2026-08-24T00:04:35Z</time></trkpt>
   <trkpt lat="39.9505917" lon="-75.1813155"><ele>11.0</ele><time>2026-08-24T00:04:36Z</time></trkpt>
   <trkpt lat="39.9505658" lon="-75.1813378"><ele>11.0</ele><time>2026-08-24T00:04:37Z</time></trkpt>
   <trkpt lat="39.9505378" lon="-75.1813623"><ele>11.0</ele><time>2026-08-24T00:04:38Z</time></trkpt>
   <trkpt lat="39.9505137" lon="-75.1813832"><ele>11.0</ele><time>2026-08-24T00:04:39Z</time></trkpt>
   <trkpt lat="39.9504846" lon="-75.1814023"><ele>11.0</ele><time>2026-08-24T00:04:40Z</time></trkpt>
   <trkpt lat="39.9504573" lon="-75.1814273"><ele>11.0</ele><time>2026-08-24T00:04:41Z</time></trkpt>
   <trkpt lat="39.9504339" lon="-75.1814515"><ele>11.0</ele><time>2026-08-24T00:04:42Z</time></trkpt>
   <trkpt lat="39.9504073" lon="-75.1814854"><ele>11.0</ele><time>2026-08-24T00:04:43Z</time></trkpt>
   <trkpt lat="39.9503835" lon="-75.1815284"><ele>11.0</ele><time>2026-08-24T00:04:44Z</time></trkpt>
   <trkpt lat="39.9503650" lon="-75.1815663"><ele>11.0</ele><time>2026-08-24T00:04:45Z</time></trkpt>
   <trkpt lat="39.9503451" lon="-75.1816009"><ele>11.2</ele><time>2026-08-24T00:04:46Z</time></trkpt>
   <trkpt lat="39.9503234" lon="-75.1816354"><ele>11.2</ele><time>2026-08-24T00:04:47Z</time></trkpt>
   <trkpt lat="39.9502960" lon="-75.1816688"><ele>11.2</ele><time>2026-08-24T00:04:48Z</time></trkpt>
   <trkpt lat="39.9502665" lon="-75.1816994"><ele>11.2</ele><time>2026-08-24T00:04:49Z</time></trkpt>
   <trkpt lat="39.9502364" lon="-75.1817207"><ele>11.2</ele><time>2026-08-24T00:04:50Z</time></trkpt>
   <trkpt lat="39.9502043" lon="-75.1817456"><ele>11.4</ele><time>2026-08-24T00:04:51Z</time></trkpt>
   <trkpt lat="39.9501783" lon="-75.1817715"><ele>11.4</ele><time>2026-08-24T00:04:52Z</time></trkpt>
   <trkpt lat="39.9501575" lon="-75.1817964"><ele>11.4</ele><time>2026-08-24T00:04:53Z</time></trkpt>
   <trkpt lat="39.9501355" lon="-75.1818274"><ele>11.4</ele><time>2026-08-24T00:04:54Z</time></trkpt>
   <trkpt lat="39.9501109" lon="-75.1818496"><ele>11.4</ele><time>2026-08-24T00:04:55Z</time></trkpt>
   <trkpt lat="39.9500873" lon="-75.1818810"><ele>11.4</ele><time>2026-08-24T00:04:56Z</time></trkpt>
   <trkpt lat="39.9500727" lon="-75.1819057"><ele>11.4</ele><time>2026-08-24T00:04:57Z</time></trkpt>
   <trkpt lat="39.9500535" lon="-75.1819327"><ele>11.4</ele><time>2026-08-24T00:04:58Z</time></trkpt>
   <trkpt lat="39.9500333" lon="-75.1819630"><ele>11.4</ele><time>2026-08-24T00:04:59Z</time></trkpt>
   <trkpt lat="39.9500170" lon="-75.1819910"><ele>11.4</ele><time>2026-08-24T00:05:00Z</time></trkpt>
   <trkpt lat="39.9500022" lon="-75.1820324"><ele>11.6</ele><time>2026-08-24T00:05:01Z</time></trkpt>
   <trkpt lat="39.9499891" lon="-75.1820738"><ele>11.6</ele><time>2026-08-24T00:05:02Z</time></trkpt>
   <trkpt lat="39.9499769" lon="-75.1821082"><ele>11.6</ele><time>2026-08-24T00:05:03Z</time></trkpt>
   <trkpt lat="39.9499647" lon="-75.1821526"><ele>11.6</ele><time>2026-08-24T00:05:04Z</time></trkpt>
   <trkpt lat="39.9499553" lon="-75.1821943"><ele>11.6</ele><time>2026-08-24T00:05:05Z</time></trkpt>
   <trkpt lat="39.9499458" lon="-75.1822422"><ele>11.4</ele><time>2026-08-24T00:05:06Z</time></trkpt>
   <trkpt lat="39.9499360" lon="-75.1822842"><ele>11.6</ele><time>2026-08-24T00:05:07Z</time></trkpt>
   <trkpt lat="39.9499223" lon="-75.1823138"><ele>11.6</ele><time>2026-08-24T00:05:08Z</time></trkpt>
   <trkpt lat="39.9499066" lon="-75.1823507"><ele>11.6</ele><time>2026-08-24T00:05:09Z</time></trkpt>
   <trkpt lat="39.9498899" lon="-75.1823759"><ele>11.4</ele><time>2026-08-24T00:05:10Z</time></trkpt>
   <trkpt lat="39.9498722" lon="-75.1824176"><ele>11.4</ele><time>2026-08-24T00:05:11Z</time></trkpt>
   <trkpt lat="39.9498553" lon="-75.1824473"><ele>11.2</ele><time>2026-08-24T00:05:12Z</time></trkpt>
   <trkpt lat="39.9498364" lon="-75.1824789"><ele>11.0</ele><time>2026-08-24T00:05:13Z</time></trkpt>
   <trkpt lat="39.9498187" lon="-75.1825138"><ele>11.0</ele><time>2026-08-24T00:05:14Z</time></trkpt>
   <trkpt lat="39.9498044" lon="-75.1825431"><ele>11.0</ele><time>2026-08-24T00:05:15Z</time></trkpt>
   <trkpt lat="39.9497827" lon="-75.1825816"><ele>11.0</ele><time>2026-08-24T00:05:16Z</time></trkpt>
   <trkpt lat="39.9497660" lon="-75.1826097"><ele>11.0</ele><time>2026-08-24T00:05:17Z</time></trkpt>
   <trkpt lat="39.9497464" lon="-75.1826328"><ele>10.8</ele><time>2026-08-24T00:05:18Z</time></trkpt>
   <trkpt lat="39.9497203" lon="-75.1826618"><ele>10.8</ele><time>2026-08-24T00:05:19Z</time></trkpt>
   <trkpt lat="39.9497041" lon="-75.1826833"><ele>10.8</ele><time>2026-08-24T00:05:20Z</time></trkpt>
   <trkpt lat="39.9496814" lon="-75.1827065"><ele>10.8</ele><time>2026-08-24T00:05:21Z</time></trkpt>
   <trkpt lat="39.9496581" lon="-75.1827323"><ele>10.8</ele><time>2026-08-24T00:05:22Z</time></trkpt>
   <trkpt lat="39.9496358" lon="-75.1827508"><ele>10.6</ele><time>2026-08-24T00:05:23Z</time></trkpt>
   <trkpt lat="39.9496101" lon="-75.1827825"><ele>10.6</ele><time>2026-08-24T00:05:24Z</time></trkpt>
   <trkpt lat="39.9495875" lon="-75.1828089"><ele>10.8</ele><time>2026-08-24T00:05:25Z</time></trkpt>
   <trkpt lat="39.9495619" lon="-75.1828385"><ele>10.8</ele><time>2026-08-24T00:05:26Z</time></trkpt>
   <trkpt lat="39.9495372" lon="-75.1828660"><ele>10.8</ele><time>2026-08-24T00:05:27Z</time></trkpt>
   <trkpt lat="39.9495195" lon="-75.1828906"><ele>11.0</ele><time>2026-08-24T00:05:28Z</time></trkpt>
   <trkpt lat="39.9494946" lon="-75.1829240"><ele>10.8</ele><time>2026-08-24T00:05:29Z</time></trkpt>
   <trkpt lat="39.9494737" lon="-75.1829519"><ele>10.8</ele><time>2026-08-24T00:05:30Z</time></trkpt>
   <trkpt lat="39.9494525" lon="-75.1829768"><ele>10.8</ele><time>2026-08-24T00:05:31Z</time></trkpt>
   <trkpt lat="39.9494273" lon="-75.1830032"><ele>10.8</ele><time>2026-08-24T00:05:32Z</time></trkpt>
   <trkpt lat="39.9494055" lon="-75.1830221"><ele>10.8</ele><time>2026-08-24T00:05:33Z</time></trkpt>
   <trkpt lat="39.9493799" lon="-75.1830480"><ele>10.8</ele><time>2026-08-24T00:05:34Z</time></trkpt>
   <trkpt lat="39.9493577" lon="-75.1830707"><ele>10.6</ele><time>2026-08-24T00:05:35Z</time></trkpt>
   <trkpt lat="39.9493349" lon="-75.1830958"><ele>10.6</ele><time>2026-08-24T00:05:36Z</time></trkpt>
   <trkpt lat="39.9493093" lon="-75.1831254"><ele>10.6</ele><time>2026-08-24T00:05:37Z</time></trkpt>
   <trkpt lat="39.9492858" lon="-75.1831490"><ele>10.6</ele><time>2026-08-24T00:05:38Z</time></trkpt>
   <trkpt lat="39.9492590" lon="-75.1831796"><ele>10.6</ele><time>2026-08-24T00:05:39Z</time></trkpt>
   <trkpt lat="39.9492359" lon="-75.1832042"><ele>10.6</ele><time>2026-08-24T00:05:40Z</time></trkpt>
   <trkpt lat="39.9492123" lon="-75.1832290"><ele>10.6</ele><time>2026-08-24T00:05:41Z</time></trkpt>
   <trkpt lat="39.9491885" lon="-75.1832554"><ele>10.6</ele><time>2026-08-24T00:05:42Z</time></trkpt>
   <trkpt lat="39.9491670" lon="-75.1832770"><ele>10.6</ele><time>2026-08-24T00:05:43Z</time></trkpt>
   <trkpt lat="39.9491397" lon="-75.1833051"><ele>10.6</ele><time>2026-08-24T00:05:44Z</time></trkpt>
   <trkpt lat="39.9491187" lon="-75.1833263"><ele>10.8</ele><time>2026-08-24T00:05:45Z</time></trkpt>
   <trkpt lat="39.9490957" lon="-75.1833511"><ele>10.8</ele><time>2026-08-24T00:05:46Z</time></trkpt>
   <trkpt lat="39.9490697" lon="-75.1833786"><ele>10.8</ele><time>2026-08-24T00:05:47Z</time></trkpt>
   <trkpt lat="39.9490461" lon="-75.1833977"><ele>10.8</ele><time>2026-08-24T00:05:48Z</time></trkpt>
   <trkpt lat="39.9490198" lon="-75.1834228"><ele>11.0</ele><time>2026-08-24T00:05:49Z</time></trkpt>
   <trkpt lat="39.9489989" lon="-75.1834430"><ele>11.0</ele><time>2026-08-24T00:05:50Z</time></trkpt>
   <trkpt lat="39.9489704" lon="-75.1834705"><ele>11.0</ele><time>2026-08-24T00:05:51Z</time></trkpt>
   <trkpt lat="39.9489476" lon="-75.1834936"><ele>11.0</ele><time>2026-08-24T00:05:52Z</time></trkpt>
   <trkpt lat="39.9489246" lon="-75.1835185"><ele>11.2</ele><time>2026-08-24T00:05:53Z</time></trkpt>
   <trkpt lat="39.9489004" lon="-75.1835445"><ele>11.2</ele><time>2026-08-24T00:05:54Z</time></trkpt>
   <trkpt lat="39.9488792" lon="-75.1835680"><ele>11.2</ele><time>2026-08-24T00:05:55Z</time></trkpt>
   <trkpt lat="39.9488521" lon="-75.1836071"><ele>11.2</ele><time>2026-08-24T00:05:56Z</time></trkpt>
   <trkpt lat="39.9488316" lon="-75.1836354"><ele>11.2</ele><time>2026-08-24T00:05:57Z</time></trkpt>
   <trkpt lat="39.9488097" lon="-75.1836649"><ele>11.2</ele><time>2026-08-24T00:05:58Z</time></trkpt>
   <trkpt lat="39.9487856" lon="-75.1836956"><ele>11.2</ele><time>2026-08-24T00:05:59Z</time></trkpt>
   <trkpt lat="39.9487643" lon="-75.1837245"><ele>11.2</ele><time>2026-08-24T00:06:00Z</time></trkpt>
   <trkpt lat="39.9487382" lon="-75.1837652"><ele>11.2</ele><time>2026-08-24T00:06:01Z</time></trkpt>
   <trkpt lat="39.9487189" lon="-75.1837946"><ele>11.4</ele><time>2026-08-24T00:06:02Z</time></trkpt>
   <trkpt lat="39.9486993" lon="-75.1838208"><ele>11.4</ele><time>2026-08-24T00:06:03Z</time></trkpt>
   <trkpt lat="39.9486753" lon="-75.1838512"><ele>11.4</ele><time>2026-08-24T00:06:04Z</time></trkpt>
   <trkpt lat="39.9486580" lon="-75.1838731"><ele>11.4</ele><time>2026-08-24T00:06:05Z</time></trkpt>
   <trkpt lat="39.9486323" lon="-75.1839088"><ele>11.4</ele><time>2026-08-24T00:06:06Z</time></trkpt>
   <trkpt lat="39.9486106" lon="-75.1839356"><ele>11.2</ele><time>2026-08-24T00:06:07Z</time></trkpt>
   <trkpt lat="39.9485883" lon="-75.1839558"><ele>11.4</ele><time>2026-08-24T00:06:08Z</time></trkpt>
   <trkpt lat="39.9485598" lon="-75.1839825"><ele>11.2</ele><time>2026-08-24T00:06:09Z</time></trkpt>
   <trkpt lat="39.9485432" lon="-75.1840053"><ele>11.4</ele><time>2026-08-24T00:06:10Z</time></trkpt>
   <trkpt lat="39.9485191" lon="-75.1840401"><ele>11.4</ele><time>2026-08-24T00:06:11Z</time></trkpt>
   <trkpt lat="39.9484968" lon="-75.1840712"><ele>11.4</ele><time>2026-08-24T00:06:12Z</time></trkpt>
   <trkpt lat="39.9484709" lon="-75.1840991"><ele>11.4</ele><time>2026-08-24T00:06:13Z</time></trkpt>
   <trkpt lat="39.9484463" lon="-75.1841304"><ele>11.4</ele><time>2026-08-24T00:06:14Z</time></trkpt>
   <trkpt lat="39.9484286" lon="-75.1841544"><ele>11.4</ele><time>2026-08-24T00:06:15Z</time></trkpt>
   <trkpt lat="39.9484057" lon="-75.1841972"><ele>11.4</ele><time>2026-08-24T00:06:16Z</time></trkpt>
   <trkpt lat="39.9483857" lon="-75.1842276"><ele>11.4</ele><time>2026-08-24T00:06:17Z</time></trkpt>
   <trkpt lat="39.9483622" lon="-75.1842519"><ele>11.4</ele><time>2026-08-24T00:06:18Z</time></trkpt>
   <trkpt lat="39.9483362" lon="-75.1842820"><ele>11.4</ele><time>2026-08-24T00:06:19Z</time></trkpt>
   <trkpt lat="39.9483179" lon="-75.1843083"><ele>11.6</ele><time>2026-08-24T00:06:20Z</time></trkpt>
   <trkpt lat="39.9482948" lon="-75.1843469"><ele>11.4</ele><time>2026-08-24T00:06:21Z</time></trkpt>
   <trkpt lat="39.9482729" lon="-75.1843734"><ele>11.4</ele><time>2026-08-24T00:06:22Z</time></trkpt>
   <trkpt lat="39.9482482" lon="-75.1844004"><ele>11.4</ele><time>2026-08-24T00:06:23Z</time></trkpt>
   <trkpt lat="39.9482231" lon="-75.1844339"><ele>11.2</ele><time>2026-08-24T00:06:24Z</time></trkpt>
   <trkpt lat="39.9481995" lon="-75.1844574"><ele>11.2</ele><time>2026-08-24T00:06:25Z</time></trkpt>
   <trkpt lat="39.9481721" lon="-75.1844919"><ele>11.2</ele><time>2026-08-24T00:06:26Z</time></trkpt>
   <trkpt lat="39.9481535" lon="-75.1845210"><ele>11.2</ele><time>2026-08-24T00:06:27Z</time></trkpt>
   <trkpt lat="39.9481295" lon="-75.1845613"><ele>11.0</ele><time>2026-08-24T00:06:28Z</time></trkpt>
   <trkpt lat="39.9481078" lon="-75.1845937"><ele>11.0</ele><time>2026-08-24T00:06:29Z</time></trkpt>
   <trkpt lat="39.9480843" lon="-75.1846269"><ele>11.0</ele><time>2026-08-24T00:06:30Z</time></trkpt>
   <trkpt lat="39.9480600" lon="-75.1846636"><ele>11.0</ele><time>2026-08-24T00:06:31Z</time></trkpt>
   <trkpt lat="39.9480407" lon="-75.1846903"><ele>11.0</ele><time>2026-08-24T00:06:32Z</time></trkpt>
   <trkpt lat="39.9480160" lon="-75.1847313"><ele>11.0</ele><time>2026-08-24T00:06:33Z</time></trkpt>
   <trkpt lat="39.9479992" lon="-75.1847630"><ele>11.0</ele><time>2026-08-24T00:06:34Z</time></trkpt>
   <trkpt lat="39.9479728" lon="-75.1847983"><ele>10.8</ele><time>2026-08-24T00:06:35Z</time></trkpt>
   <trkpt lat="39.9479514" lon="-75.1848307"><ele>10.8</ele><time>2026-08-24T00:06:36Z</time></trkpt>
   <trkpt lat="39.9479307" lon="-75.1848631"><ele>10.8</ele><time>2026-08-24T00:06:37Z</time></trkpt>
   <trkpt lat="39.9479061" lon="-75.1848961"><ele>10.8</ele><time>2026-08-24T00:06:38Z</time></trkpt>
   <trkpt lat="39.9478840" lon="-75.1849222"><ele>10.8</ele><time>2026-08-24T00:06:39Z</time></trkpt>
   <trkpt lat="39.9478534" lon="-75.1849578"><ele>10.8</ele><time>2026-08-24T00:06:40Z</time></trkpt>
   <trkpt lat="39.9478328" lon="-75.1849837"><ele>11.0</ele><time>2026-08-24T00:06:41Z</time></trkpt>
   <trkpt lat="39.9478011" lon="-75.1850193"><ele>11.0</ele><time>2026-08-24T00:06:42Z</time></trkpt>
   <trkpt lat="39.9477805" lon="-75.1850420"><ele>11.0</ele><time>2026-08-24T00:06:43Z</time></trkpt>
   <trkpt lat="39.9477520" lon="-75.1850636"><ele>11.0</ele><time>2026-08-24T00:06:44Z</time></trkpt>
   <trkpt lat="39.9477249" lon="-75.1850912"><ele>11.0</ele><time>2026-08-24T00:06:45Z</time></trkpt>
   <trkpt lat="39.9477014" lon="-75.1851216"><ele>10.8</ele><time>2026-08-24T00:06:46Z</time></trkpt>
   <trkpt lat="39.9476801" lon="-75.1851611"><ele>10.8</ele><time>2026-08-24T00:06:47Z</time></trkpt>
   <trkpt lat="39.9476585" lon="-75.1851928"><ele>10.8</ele><time>2026-08-24T00:06:48Z</time></trkpt>
   <trkpt lat="39.9476335" lon="-75.1852366"><ele>10.8</ele><time>2026-08-24T00:06:49Z</time></trkpt>
   <trkpt lat="39.9476160" lon="-75.1852709"><ele>11.0</ele><time>2026-08-24T00:06:50Z</time></trkpt>
   <trkpt lat="39.9475952" lon="-75.1853062"><ele>11.0</ele><time>2026-08-24T00:06:51Z</time></trkpt>
   <trkpt lat="39.9475701" lon="-75.1853389"><ele>11.0</ele><time>2026-08-24T00:06:52Z</time></trkpt>
   <trkpt lat="39.9475477" lon="-75.1853702"><ele>11.0</ele><time>2026-08-24T00:06:53Z</time></trkpt>
   <trkpt lat="39.9475235" lon="-75.1854055"><ele>11.0</ele><time>2026-08-24T00:06:54Z</time></trkpt>
   <trkpt lat="39.9475044" lon="-75.1854336"><ele>11.0</ele><time>2026-08-24T00:06:55Z</time></trkpt>
   <trkpt lat="39.9474831" lon="-75.1854762"><ele>11.0</ele><time>2026-08-24T00:06:56Z</time></trkpt>
   <trkpt lat="39.9474679" lon="-75.1855110"><ele>11.0</ele><time>2026-08-24T00:06:57Z</time></trkpt>
   <trkpt lat="39.9474505" lon="-75.1855458"><ele>11.2</ele><time>2026-08-24T00:06:58Z</time></trkpt>
   <trkpt lat="39.9474320" lon="-75.1855813"><ele>11.2</ele><time>2026-08-24T00:06:59Z</time></trkpt>
   <trkpt lat="39.9474148" lon="-75.1856101"><ele>11.2</ele><time>2026-08-24T00:07:00Z</time></trkpt>
   <trkpt lat="39.9473934" lon="-75.1856512"><ele>11.4</ele><time>2026-08-24T00:07:01Z</time></trkpt>
   <trkpt lat="39.9473816" lon="-75.1856776"><ele>11.4</ele><time>2026-08-24T00:07:02Z</time></trkpt>
   <trkpt lat="39.9473640" lon="-75.1857154"><ele>11.4</ele><time>2026-08-24T00:07:03Z</time></trkpt>
   <trkpt lat="39.9473463" lon="-75.1857471"><ele>11.4</ele><time>2026-08-24T00:07:04Z</time></trkpt>
   <trkpt lat="39.9473278" lon="-75.1857713"><ele>11.6</ele><time>2026-08-24T00:07:05Z</time></trkpt>
   <trkpt lat="39.9473018" lon="-75.1858073"><ele>11.6</ele><time>2026-08-24T00:07:06Z</time></trkpt>
   <trkpt lat="39.9472832" lon="-75.1858353"><ele>11.6</ele><time>2026-08-24T00:07:07Z</time></trkpt>
   <trkpt lat="39.9472563" lon="-75.1858750"><ele>11.4</ele><time>2026-08-24T00:07:08Z</time></trkpt>
   <trkpt lat="39.9472381" lon="-75.1858974"><ele>11.4</ele><time>2026-08-24T00:07:09Z</time></trkpt>
   <trkpt lat="39.9472141" lon="-75.1859222"><ele>11.4</ele><time>2026-08-24T00:07:10Z</time></trkpt>
   <trkpt lat="39.9471871" lon="-75.1859517"><ele>11.4</ele><time>2026-08-24T00:07:11Z</time></trkpt>
   <trkpt lat="39.9471659" lon="-75.1859776"><ele>11.2</ele><time>2026-08-24T00:07:12Z</time></trkpt>
   <trkpt lat="39.9471407" lon="-75.1860189"><ele>11.2</ele><time>2026-08-24T00:07:13Z</time></trkpt>
   <trkpt lat="39.9471245" lon="-75.1860483"><ele>11.2</ele><time>2026-08-24T00:07:14Z</time></trkpt>
   <trkpt lat="39.9471003" lon="-75.1860873"><ele>11.2</ele><time>2026-08-24T00:07:15Z</time></trkpt>
   <trkpt lat="39.9470771" lon="-75.1861149"><ele>11.2</ele><time>2026-08-24T00:07:16Z</time></trkpt>
   <trkpt lat="39.9470549" lon="-75.1861372"><ele>11.0</ele><time>2026-08-24T00:07:17Z</time></trkpt>
   <trkpt lat="39.9470278" lon="-75.1861675"><ele>11.0</ele><time>2026-08-24T00:07:18Z</time></trkpt>
   <trkpt lat="39.9470037" lon="-75.1861955"><ele>11.0</ele><time>2026-08-24T00:07:19Z</time></trkpt>
   <trkpt lat="39.9469785" lon="-75.1862265"><ele>10.8</ele><time>2026-08-24T00:07:20Z</time></trkpt>
   <trkpt lat="39.9469565" lon="-75.1862534"><ele>11.0</ele><time>2026-08-24T00:07:21Z</time></trkpt>
   <trkpt lat="39.9469336" lon="-75.1862761"><ele>11.0</ele><time>2026-08-24T00:07:22Z</time></trkpt>
   <trkpt lat="39.9469046" lon="-75.1863040"><ele>11.0</ele><time>2026-08-24T00:07:23Z</time></trkpt>
   <trkpt lat="39.9468824" lon="-75.1863185"><ele>11.0</ele><time>2026-08-24T00:07:24Z</time></trkpt>
   <trkpt lat="39.9468516" lon="-75.1863499"><ele>11.0</ele><time>2026-08-24T00:07:25Z</time></trkpt>
   <trkpt lat="39.9468313" lon="-75.1863705"><ele>11.0</ele><time>2026-08-24T00:07:26Z</time></trkpt>
   <trkpt lat="39.9468076" lon="-75.1863874"><ele>11.2</ele><time>2026-08-24T00:07:27Z</time></trkpt>
   <trkpt lat="39.9467809" lon="-75.1864064"><ele>11.2</ele><time>2026-08-24T00:07:28Z</time></trkpt>
   <trkpt lat="39.9467559" lon="-75.1864179"><ele>11.2</ele><time>2026-08-24T00:07:29Z</time></trkpt>
   <trkpt lat="39.9467222" lon="-75.1864457"><ele>11.2</ele><time>2026-08-24T00:07:30Z</time></trkpt>
   <trkpt lat="39.9467020" lon="-75.1864609"><ele>11.2</ele><time>2026-08-24T00:07:31Z</time></trkpt>
   <trkpt lat="39.9466810" lon="-75.1864871"><ele>11.0</ele><time>2026-08-24T00:07:32Z</time></trkpt>
   <trkpt lat="39.9466813" lon="-75.1864839"><ele>11.0</ele><time>2026-08-24T00:07:33Z</time></trkpt>
   <trkpt lat="39.9466530" lon="-75.1865038"><ele>11.0</ele><time>2026-08-24T00:07:34Z</time></trkpt>
   <trkpt lat="39.9466207" lon="-75.1865288"><ele>11.2</ele><time>2026-08-24T00:07:35Z</time></trkpt>
   <trkpt lat="39.9465881" lon="-75.1865563"><ele>11.2</ele><time>2026-08-24T00:07:36Z</time></trkpt>
   <trkpt lat="39.9465491" lon="-75.1865942"><ele>11.2</ele><time>2026-08-24T00:07:37Z</time></trkpt>
   <trkpt lat="39.9465219" lon="-75.1866203"><ele>11.2</ele><time>2026-08-24T00:07:38Z</time></trkpt>
   <trkpt lat="39.9464929" lon="-75.1866343"><ele>11.0</ele><time>2026-08-24T00:07:39Z</time></trkpt>
   <trkpt lat="39.9464576" lon="-75.1866502"><ele>11.0</ele><time>2026-08-24T00:07:40Z</time></trkpt>
   <trkpt lat="39.9464294" lon="-75.1866645"><ele>11.0</ele><time>2026-08-24T00:07:41Z</time></trkpt>
   <trkpt lat="39.9464089" lon="-75.1866813"><ele>11.0</ele><time>2026-08-24T00:07:42Z</time></trkpt>
   <trkpt lat="39.9463826" lon="-75.1866908"><ele>11.2</ele><time>2026-08-24T00:07:43Z</time></trkpt>
   <trkpt lat="39.9463601" lon="-75.1866924"><ele>11.2</ele><time>2026-08-24T00:07:44Z</time></trkpt>
   <trkpt lat="39.9463338" lon="-75.1866955"><ele>11.2</ele><time>2026-08-24T00:07:45Z</time></trkpt>
   <trkpt lat="39.9463105" lon="-75.1866968"><ele>11.4</ele><time>2026-08-24T00:07:46Z</time></trkpt>
   <trkpt lat="39.9462799" lon="-75.1866980"><ele>11.4</ele><time>2026-08-24T00:07:47Z</time></trkpt>
   <trkpt lat="39.9462499" lon="-75.1866961"><ele>11.4</ele><time>2026-08-24T00:07:48Z</time></trkpt>
   <trkpt lat="39.9462192" lon="-75.1866965"><ele>11.4</ele><time>2026-08-24T00:07:49Z</time></trkpt>
   <trkpt lat="39.9461845" lon="-75.1867060"><ele>11.2</ele><time>2026-08-24T00:07:50Z</time></trkpt>
   <trkpt lat="39.9461512" lon="-75.1867158"><ele>11.2</ele><time>2026-08-24T00:07:51Z</time></trkpt>
   <trkpt lat="39.9461203" lon="-75.1867409"><ele>11.2</ele><time>2026-08-24T00:07:52Z</time></trkpt>
   <trkpt lat="39.9460924" lon="-75.1867646"><ele>11.0</ele><time>2026-08-24T00:07:53Z</time></trkpt>
   <trkpt lat="39.9460716" lon="-75.1867947"><ele>11.0</ele><time>2026-08-24T00:07:54Z</time></trkpt>
   <trkpt lat="39.9460453" lon="-75.1868310"><ele>11.0</ele><time>2026-08-24T00:07:55Z</time></trkpt>
   <trkpt lat="39.9460210" lon="-75.1868575"><ele>11.0</ele><time>2026-08-24T00:07:56Z</time></trkpt>
   <trkpt lat="39.9459958" lon="-75.1868953"><ele>11.2</ele><time>2026-08-24T00:07:57Z</time></trkpt>
   <trkpt lat="39.9459725" lon="-75.1869281"><ele>11.2</ele><time>2026-08-24T00:07:58Z</time></trkpt>
   <trkpt lat="39.9459471" lon="-75.1869551"><ele>11.0</ele><time>2026-08-24T00:07:59Z</time></trkpt>
   <trkpt lat="39.9459239" lon="-75.1869844"><ele>11.0</ele><time>2026-08-24T00:08:00Z</time></trkpt>
   <trkpt lat="39.9458981" lon="-75.1870093"><ele>11.0</ele><time>2026-08-24T00:08:01Z</time></trkpt>
   <trkpt lat="39.9458687" lon="-75.1870442"><ele>11.0</ele><time>2026-08-24T00:08:02Z</time></trkpt>
   <trkpt lat="39.9458467" lon="-75.1870666"><ele>11.2</ele><time>2026-08-24T00:08:03Z</time></trkpt>
   <trkpt lat="39.9458219" lon="-75.1870980"><ele>11.2</ele><time>2026-08-24T00:08:04Z</time></trkpt>
   <trkpt lat="39.9457948" lon="-75.1871280"><ele>11.2</ele><time>2026-08-24T00:08:05Z</time></trkpt>
   <trkpt lat="39.9457677" lon="-75.1871542"><ele>11.2</ele><time>2026-08-24T00:08:06Z</time></trkpt>
   <trkpt lat="39.9457416" lon="-75.1871851"><ele>11.2</ele><time>2026-08-24T00:08:07Z</time></trkpt>
   <trkpt lat="39.9457163" lon="-75.1872115"><ele>11.2</ele><time>2026-08-24T00:08:08Z</time></trkpt>
   <trkpt lat="39.9456878" lon="-75.1872447"><ele>11.2</ele><time>2026-08-24T00:08:09Z</time></trkpt>
   <trkpt lat="39.9456668" lon="-75.1872805"><ele>11.4</ele><time>2026-08-24T00:08:10Z</time></trkpt>
   <trkpt lat="39.9456492" lon="-75.1873090"><ele>11.4</ele><time>2026-08-24T00:08:11Z</time></trkpt>
   <trkpt lat="39.9456259" lon="-75.1873464"><ele>11.4</ele><time>2026-08-24T00:08:12Z</time></trkpt>
   <trkpt lat="39.9456057" lon="-75.1873758"><ele>11.4</ele><time>2026-08-24T00:08:13Z</time></trkpt>
   <trkpt lat="39.9455867" lon="-75.1874090"><ele>11.6</ele><time>2026-08-24T00:08:14Z</time></trkpt>
   <trkpt lat="39.9455726" lon="-75.1874452"><ele>11.6</ele><time>2026-08-24T00:08:15Z</time></trkpt>
   <trkpt lat="39.9455582" lon="-75.1874808"><ele>11.4</ele><time>2026-08-24T00:08:16Z</time></trkpt>
   <trkpt lat="39.9455412" lon="-75.1875262"><ele>11.6</ele><time>2026-08-24T00:08:17Z</time></trkpt>
   <trkpt lat="39.9455280" lon="-75.1875628"><ele>11.6</ele><time>2026-08-24T00:08:18Z</time></trkpt>
   <trkpt lat="39.9455193" lon="-75.1875960"><ele>11.6</ele><time>2026-08-24T00:08:19Z</time></trkpt>
   <trkpt lat="39.9455081" lon="-75.1876352"><ele>11.6</ele><time>2026-08-24T00:08:20Z</time></trkpt>
   <trkpt lat="39.9455002" lon="-75.1876585"><ele>11.6</ele><time>2026-08-24T00:08:21Z</time></trkpt>
   <trkpt lat="39.9454893" lon="-75.1876785"><ele>11.6</ele><time>2026-08-24T00:08:22Z</time></trkpt>
   <trkpt lat="39.9454761" lon="-75.1877025"><ele>11.6</ele><time>2026-08-24T00:08:23Z</time></trkpt>
   <trkpt lat="39.9454644" lon="-75.1877183"><ele>11.6</ele><time>2026-08-24T00:08:24Z</time></trkpt>
   <trkpt lat="39.9454545" lon="-75.1877312"><ele>11.6</ele><time>2026-08-24T00:08:25Z</time></trkpt>
   <trkpt lat="39.9454395" lon="-75.1877408"><ele>11.6</ele><time>2026-08-24T00:08:26Z</time></trkpt>
   <trkpt lat="39.9454298" lon="-75.1877482"><ele>11.8</ele><time>2026-08-24T00:08:27Z</time></trkpt>
   <trkpt lat="39.9454199" lon="-75.1877509"><ele>11.8</ele><time>2026-08-24T00:08:28Z</time></trkpt>
   <trkpt lat="39.9454149" lon="-75.1877533"><ele>11.8</ele><time>2026-08-24T00:08:29Z</time></trkpt>
   <trkpt lat="39.9454173" lon="-75.1877514"><ele>11.8</ele><time>2026-08-24T00:08:30Z</time></trkpt>
   <trkpt lat="39.9454153" lon="-75.1877488"><ele>11.8</ele><time>2026-08-24T00:08:31Z</time></trkpt>
   <trkpt lat="39.9454232" lon="-75.1877436"><ele>11.8</ele><time>2026-08-24T00:08:32Z</time></trkpt>
   <trkpt lat="39.9454313" lon="-75.1877399"><ele>12.0</ele><time>2026-08-24T00:08:33Z</time></trkpt>
   <trkpt lat="39.9454347" lon="-75.1877429"><ele>12.0</ele><time>2026-08-24T00:08:34Z</time></trkpt>
   <trkpt lat="39.9454360" lon="-75.1877390"><ele>12.2</ele><time>2026-08-24T00:08:35Z</time></trkpt>
   <trkpt lat="39.9454412" lon="-75.1877408"><ele>12.4</ele><time>2026-08-24T00:08:36Z</time></trkpt>
   <trkpt lat="39.9454463" lon="-75.1877423"><ele>12.8</ele><time>2026-08-24T00:08:37Z</time></trkpt>
   <trkpt lat="39.9454477" lon="-75.1877481"><ele>13.2</ele><time>2026-08-24T00:08:38Z</time></trkpt>
   <trkpt lat="39.9454485" lon="-75.1877457"><ele>13.6</ele><time>2026-08-24T00:08:39Z</time></trkpt>
   <trkpt lat="39.9454475" lon="-75.1877271"><ele>13.8</ele><time>2026-08-24T00:08:40Z</time></trkpt>
   <trkpt lat="39.9454365" lon="-75.1877180"><ele>14.0</ele><time>2026-08-24T00:08:41Z</time></trkpt>
   <trkpt lat="39.9454272" lon="-75.1877093"><ele>14.2</ele><time>2026-08-24T00:08:42Z</time></trkpt>
   <trkpt lat="39.9454202" lon="-75.1877069"><ele>14.0</ele><time>2026-08-24T00:08:43Z</time></trkpt>
   <trkpt lat="39.9454167" lon="-75.1877048"><ele>14.2</ele><time>2026-08-24T00:08:44Z</time></trkpt>
   <trkpt lat="39.9454177" lon="-75.1877021"><ele>14.2</ele><time>2026-08-24T00:08:45Z</time></trkpt>
   <trkpt lat="39.9454147" lon="-75.1876975"><ele>14.4</ele><time>2026-08-24T00:08:46Z</time></trkpt>
   <trkpt lat="39.9454120" lon="-75.1876959"><ele>14.6</ele><time>2026-08-24T00:08:47Z</time></trkpt>
   <trkpt lat="39.9454090" lon="-75.1876939"><ele>15.0</ele><time>2026-08-24T00:08:48Z</time></trkpt>
   <trkpt lat="39.9454050" lon="-75.1876963"><ele>15.2</ele><time>2026-08-24T00:08:49Z</time></trkpt>
   <trkpt lat="39.9454024" lon="-75.1877067"><ele>15.6</ele><time>2026-08-24T00:08:50Z</time></trkpt>
   <trkpt lat="39.9454066" lon="-75.1877181"><ele>16.0</ele><time>2026-08-24T00:08:51Z</time></trkpt>
   <trkpt lat="39.9454152" lon="-75.1877274"><ele>16.2</ele><time>2026-08-24T00:08:52Z</time></trkpt>
   <trkpt lat="39.9454300" lon="-75.1877398"><ele>16.4</ele><time>2026-08-24T00:08:53Z</time></trkpt>
   <trkpt lat="39.9454391" lon="-75.1877454"><ele>16.6</ele><time>2026-08-24T00:08:54Z</time></trkpt>
   <trkpt lat="39.9454443" lon="-75.1877424"><ele>16.6</ele><time>2026-08-24T00:08:55Z</time></trkpt>
   <trkpt lat="39.9454483" lon="-75.1877419"><ele>16.8</ele><time>2026-08-24T00:08:56Z</time></trkpt>
   <trkpt lat="39.9454540" lon="-75.1877417"><ele>17.0</ele><time>2026-08-24T00:08:57Z</time></trkpt>
   <trkpt lat="39.9454607" lon="-75.1877416"><ele>17.4</ele><time>2026-08-24T00:08:58Z</time></trkpt>
   <trkpt lat="39.9454643" lon="-75.1877455"><ele>17.8</ele><time>2026-08-24T00:08:59Z</time></trkpt>
   <trkpt lat="39.9454642" lon="-75.1877533"><ele>18.0</ele><time>2026-08-24T00:09:00Z</time></trkpt>
   <trkpt lat="39.9454692" lon="-75.1877552"><ele>18.4</ele><time>2026-08-24T00:09:01Z</time></trkpt>
   <trkpt lat="39.9454801" lon="-75.1877445"><ele>18.6</ele><time>2026-08-24T00:09:02Z</time></trkpt>
   <trkpt lat="39.9454795" lon="-75.1877283"><ele>18.8</ele><time>2026-08-24T00:09:03Z</time></trkpt>
   <trkpt lat="39.9454713" lon="-75.1877300"><ele>19.0</ele><time>2026-08-24T00:09:04Z</time></trkpt>
   <trkpt lat="39.9454640" lon="-75.1877318"><ele>19.0</ele><time>2026-08-24T00:09:05Z</time></trkpt>
   <trkpt lat="39.9454556" lon="-75.1877281"><ele>19.0</ele><time>2026-08-24T00:09:06Z</time></trkpt>
   <trkpt lat="39.9454510" lon="-75.1877240"><ele>19.2</ele><time>2026-08-24T00:09:07Z</time></trkpt>
   <trkpt lat="39.9454415" lon="-75.1877279"><ele>19.2</ele><time>2026-08-24T00:09:08Z</time></trkpt>
   <trkpt lat="39.9454339" lon="-75.1877318"><ele>19.4</ele><time>2026-08-24T00:09:09Z</time></trkpt>
   <trkpt lat="39.9454272" lon="-75.1877377"><ele>19.6</ele><time>2026-08-24T00:09:10Z</time></trkpt>
   <trkpt lat="39.9454225" lon="-75.1877417"><ele>20.0</ele><time>2026-08-24T00:09:11Z</time></trkpt>
   <trkpt lat="39.9454205" lon="-75.1877405"><ele>20.4</ele><time>2026-08-24T00:09:12Z</time></trkpt>
   <trkpt lat="39.9454196" lon="-75.1877380"><ele>20.6</ele><time>2026-08-24T00:09:13Z</time></trkpt>
   <trkpt lat="39.9454139" lon="-75.1877488"><ele>21.0</ele><time>2026-08-24T00:09:14Z</time></trkpt>
   <trkpt lat="39.9454062" lon="-75.1877562"><ele>21.2</ele><time>2026-08-24T00:09:15Z</time></trkpt>
   <trkpt lat="39.9454019" lon="-75.1877532"><ele>21.2</ele><time>2026-08-24T00:09:16Z</time></trkpt>
   <trkpt lat="39.9453992" lon="-75.1877498"><ele>21.2</ele><time>2026-08-24T00:09:17Z</time></trkpt>
   <trkpt lat="39.9453949" lon="-75.1877452"><ele>21.2</ele><time>2026-08-24T00:09:18Z</time></trkpt>
   <trkpt lat="39.9453945" lon="-75.1877331"><ele>21.2</ele><time>2026-08-24T00:09:19Z</time></trkpt>
   <trkpt lat="39.9453961" lon="-75.1877187"><ele>21.2</ele><time>2026-08-24T00:09:20Z</time></trkpt>
   <trkpt lat="39.9453955" lon="-75.1876997"><ele>21.2</ele><time>2026-08-24T00:09:21Z</time></trkpt>
   <trkpt lat="39.9453956" lon="-75.1876871"><ele>21.2</ele><time>2026-08-24T00:09:22Z</time></trkpt>
   <trkpt lat="39.9453988" lon="-75.1876744"><ele>21.2</ele><time>2026-08-24T00:09:23Z</time></trkpt>
   <trkpt lat="39.9453967" lon="-75.1876640"><ele>21.2</ele><time>2026-08-24T00:09:24Z</time></trkpt>
   <trkpt lat="39.9453963" lon="-75.1876470"><ele>21.2</ele><time>2026-08-24T00:09:25Z</time></trkpt>
   <trkpt lat="39.9453995" lon="-75.1876359"><ele>21.2</ele><time>2026-08-24T00:09:26Z</time></trkpt>
   <trkpt lat="39.9454023" lon="-75.1876206"><ele>21.2</ele><time>2026-08-24T00:09:27Z</time></trkpt>
   <trkpt lat="39.9454047" lon="-75.1876001"><ele>21.2</ele><time>2026-08-24T00:09:28Z</time></trkpt>
   <trkpt lat="39.9454073" lon="-75.1875765"><ele>21.4</ele><time>2026-08-24T00:09:29Z</time></trkpt>
   <trkpt lat="39.9454077" lon="-75.1875558"><ele>21.4</ele><time>2026-08-24T00:09:30Z</time></trkpt>
   <trkpt lat="39.9454079" lon="-75.1875332"><ele>21.4</ele><time>2026-08-24T00:09:31Z</time></trkpt>
   <trkpt lat="39.9454089" lon="-75.1875117"><ele>21.4</ele><time>2026-08-24T00:09:32Z</time></trkpt>
   <trkpt lat="39.9454099" lon="-75.1874955"><ele>21.4</ele><time>2026-08-24T00:09:33Z</time></trkpt>
   <trkpt lat="39.9454113" lon="-75.1874781"><ele>21.4</ele><time>2026-08-24T00:09:34Z</time></trkpt>
   <trkpt lat="39.9454119" lon="-75.1874631"><ele>21.4</ele><time>2026-08-24T00:09:35Z</time></trkpt>
   <trkpt lat="39.9454141" lon="-75.1874477"><ele>21.4</ele><time>2026-08-24T00:09:36Z</time></trkpt>
   <trkpt lat="39.9454161" lon="-75.1874275"><ele>21.4</ele><time>2026-08-24T00:09:37Z</time></trkpt>
   <trkpt lat="39.9454159" lon="-75.1874020"><ele>21.4</ele><time>2026-08-24T00:09:38Z</time></trkpt>
   <trkpt lat="39.9454170" lon="-75.1873684"><ele>21.4</ele><time>2026-08-24T00:09:39Z</time></trkpt>
   <trkpt lat="39.9454200" lon="-75.1873436"><ele>21.6</ele><time>2026-08-24T00:09:40Z</time></trkpt>
   <trkpt lat="39.9454208" lon="-75.1873151"><ele>21.6</ele><time>2026-08-24T00:09:41Z</time></trkpt>
   <trkpt lat="39.9454211" lon="-75.1872922"><ele>21.6</ele><time>2026-08-24T00:09:42Z</time></trkpt>
   <trkpt lat="39.9454221" lon="-75.1872747"><ele>21.6</ele><time>2026-08-24T00:09:43Z</time></trkpt>
   <trkpt lat="39.9454224" lon="-75.1872588"><ele>21.6</ele><time>2026-08-24T00:09:44Z</time></trkpt>
   <trkpt lat="39.9454214" lon="-75.1872390"><ele>21.6</ele><time>2026-08-24T00:09:45Z</time></trkpt>
   <trkpt lat="39.9454176" lon="-75.1872148"><ele>21.6</ele><time>2026-08-24T00:09:46Z</time></trkpt>
   <trkpt lat="39.9454138" lon="-75.1871908"><ele>21.6</ele><time>2026-08-24T00:09:47Z</time></trkpt>
   <trkpt lat="39.9454122" lon="-75.1871646"><ele>21.6</ele><time>2026-08-24T00:09:48Z</time></trkpt>
   <trkpt lat="39.9454119" lon="-75.1871436"><ele>21.6</ele><time>2026-08-24T00:09:49Z</time></trkpt>
   <trkpt lat="39.9454127" lon="-75.1871245"><ele>21.6</ele><time>2026-08-24T00:09:50Z</time></trkpt>
   <trkpt lat="39.9454127" lon="-75.1871245"><ele>21.6</ele><time>2026-08-24T00:09:51Z</time></trkpt>
   <trkpt lat="39.9454246" lon="-75.1870923"><ele>21.6</ele><time>2026-08-24T00:09:52Z</time></trkpt>
   <trkpt lat="39.9454333" lon="-75.1870720"><ele>21.4</ele><time>2026-08-24T00:09:53Z</time></trkpt>
   <trkpt lat="39.9454403" lon="-75.1870478"><ele>21.6</ele><time>2026-08-24T00:09:54Z</time></trkpt>
   <trkpt lat="39.9454480" lon="-75.1870231"><ele>21.6</ele><time>2026-08-24T00:09:55Z</time></trkpt>
   <trkpt lat="39.9454499" lon="-75.1869996"><ele>21.6</ele><time>2026-08-24T00:09:56Z</time></trkpt>
   <trkpt lat="39.9454526" lon="-75.1869841"><ele>21.6</ele><time>2026-08-24T00:09:57Z</time></trkpt>
   <trkpt lat="39.9454541" lon="-75.1869649"><ele>21.6</ele><time>2026-08-24T00:09:58Z</time></trkpt>
   <trkpt lat="39.9454592" lon="-75.1869466"><ele>21.6</ele><time>2026-08-24T00:09:59Z</time></trkpt>
   <trkpt lat="39.9454599" lon="-75.1869323"><ele>21.6</ele><time>2026-08-24T00:10:00Z</time></trkpt>
   <trkpt lat="39.9454619" lon="-75.1869183"><ele>21.6</ele><time>2026-08-24T00:10:01Z</time></trkpt>
   <trkpt lat="39.9454670" lon="-75.1869043"><ele>21.6</ele><time>2026-08-24T00:10:02Z</time></trkpt>
   <trkpt lat="39.9454722" lon="-75.1868950"><ele>21.6</ele><time>2026-08-24T00:10:03Z</time></trkpt>
   <trkpt lat="39.9454746" lon="-75.1868908"><ele>21.4</ele><time>2026-08-24T00:10:04Z</time></trkpt>
   <trkpt lat="39.9454759" lon="-75.1868760"><ele>21.2</ele><time>2026-08-24T00:10:05Z</time></trkpt>
   <trkpt lat="39.9454798" lon="-75.1868489"><ele>21.0</ele><time>2026-08-24T00:10:06Z</time></trkpt>
   <trkpt lat="39.9454815" lon="-75.1868269"><ele>20.8</ele><time>2026-08-24T00:10:07Z</time></trkpt>
   <trkpt lat="39.9454867" lon="-75.1868109"><ele>20.4</ele><time>2026-08-24T00:10:08Z</time></trkpt>
   <trkpt lat="39.9454852" lon="-75.1868012"><ele>20.2</ele><time>2026-08-24T00:10:09Z</time></trkpt>
   <trkpt lat="39.9454894" lon="-75.1867847"><ele>20.0</ele><time>2026-08-24T00:10:10Z</time></trkpt>
   <trkpt lat="39.9454952" lon="-75.1867699"><ele>20.0</ele><time>2026-08-24T00:10:11Z</time></trkpt>
   <trkpt lat="39.9455003" lon="-75.1867510"><ele>19.8</ele><time>2026-08-24T00:10:12Z</time></trkpt>
   <trkpt lat="39.9455030" lon="-75.1867302"><ele>19.6</ele><time>2026-08-24T00:10:13Z</time></trkpt>
   <trkpt lat="39.9455074" lon="-75.1867127"><ele>19.2</ele><time>2026-08-24T00:10:14Z</time></trkpt>
   <trkpt lat="39.9455082" lon="-75.1866944"><ele>19.0</ele><time>2026-08-24T00:10:15Z</time></trkpt>
   <trkpt lat="39.9455105" lon="-75.1866816"><ele>19.0</ele><time>2026-08-24T00:10:16Z</time></trkpt>
   <trkpt lat="39.9455130" lon="-75.1866711"><ele>18.8</ele><time>2026-08-24T00:10:17Z</time></trkpt>
   <trkpt lat="39.9455151" lon="-75.1866598"><ele>18.6</ele><time>2026-08-24T00:10:18Z</time></trkpt>
   <trkpt lat="39.9455168" lon="-75.1866492"><ele>18.4</ele><time>2026-08-24T00:10:19Z</time></trkpt>
   <trkpt lat="39.9455187" lon="-75.1866354"><ele>18.2</ele><time>2026-08-24T00:10:20Z</time></trkpt>
   <trkpt lat="39.9455210" lon="-75.1866293"><ele>17.8</ele><time>2026-08-24T00:10:21Z</time></trkpt>
   <trkpt lat="39.9455247" lon="-75.1866147"><ele>17.6</ele><time>2026-08-24T00:10:22Z</time></trkpt>
   <trkpt lat="39.9455282" lon="-75.1866030"><ele>17.4</ele><time>2026-08-24T00:10:23Z</time></trkpt>
   <trkpt lat="39.9455280" lon="-75.1865960"><ele>17.4</ele><time>2026-08-24T00:10:24Z</time></trkpt>
   <trkpt lat="39.9455276" lon="-75.1865925"><ele>17.2</ele><time>2026-08-24T00:10:25Z</time></trkpt>
   <trkpt lat="39.9455262" lon="-75.1865844"><ele>17.0</ele><time>2026-08-24T00:10:26Z</time></trkpt>
   <trkpt lat="39.9455256" lon="-75.1865737"><ele>16.8</ele><time>2026-08-24T00:10:27Z</time></trkpt>
   <trkpt lat="39.9455253" lon="-75.1865624"><ele>16.6</ele><time>2026-08-24T00:10:28Z</time></trkpt>
   <trkpt lat="39.9455256" lon="-75.1865528"><ele>16.4</ele><time>2026-08-24T00:10:29Z</time></trkpt>
   <trkpt lat="39.9455262" lon="-75.1865425"><ele>16.4</ele><time>2026-08-24T00:10:30Z</time></trkpt>
   <trkpt lat="39.9455261" lon="-75.1865340"><ele>16.2</ele><time>2026-08-24T00:10:31Z</time></trkpt>
   <trkpt lat="39.9455276" lon="-75.1865287"><ele>16.0</ele><time>2026-08-24T00:10:32Z</time></trkpt>
   <trkpt lat="39.9455296" lon="-75.1865231"><ele>15.8</ele><time>2026-08-24T00:10:33Z</time></trkpt>
   <trkpt lat="39.9455272" lon="-75.1865037"><ele>15.6</ele><time>2026-08-24T00:10:34Z</time></trkpt>
   <trkpt lat="39.9455260" lon="-75.1864960"><ele>15.4</ele><time>2026-08-24T00:10:35Z</time></trkpt>
   <trkpt lat="39.9455255" lon="-75.1864910"><ele>15.2</ele><time>2026-08-24T00:10:36Z</time></trkpt>
   <trkpt lat="39.9455271" lon="-75.1864795"><ele>15.0</ele><time>2026-08-24T00:10:37Z</time></trkpt>
   <trkpt lat="39.9455282" lon="-75.1864683"><ele>15.0</ele><time>2026-08-24T00:10:38Z</time></trkpt>
   <trkpt lat="39.9455293" lon="-75.1864581"><ele>15.0</ele><time>2026-08-24T00:10:39Z</time></trkpt>
   <trkpt lat="39.9455297" lon="-75.1864433"><ele>14.8</ele><time>2026-08-24T00:10:40Z</time></trkpt>
   <trkpt lat="39.9455292" lon="-75.1864273"><ele>14.6</ele><time>2026-08-24T00:10:41Z</time></trkpt>
   <trkpt lat="39.9455316" lon="-75.1864148"><ele>14.4</ele><time>2026-08-24T00:10:42Z</time></trkpt>
   <trkpt lat="39.9455312" lon="-75.1864044"><ele>14.2</ele><time>2026-08-24T00:10:43Z</time></trkpt>
   <trkpt lat="39.9455302" lon="-75.1864018"><ele>14.2</ele><time>2026-08-24T00:10:44Z</time></trkpt>
   <trkpt lat="39.9455312" lon="-75.1863976"><ele>14.0</ele><time>2026-08-24T00:10:45Z</time></trkpt>
   <trkpt lat="39.9455307" lon="-75.1863977"><ele>14.0</ele><time>2026-08-24T00:10:46Z</time></trkpt>
   <trkpt lat="39.9455309" lon="-75.1863917"><ele>14.0</ele><time>2026-08-24T00:10:47Z</time></trkpt>
   <trkpt lat="39.9455329" lon="-75.1863765"><ele>14.0</ele><time>2026-08-24T00:10:48Z</time></trkpt>
   <trkpt lat="39.9455357" lon="-75.1863594"><ele>14.0</ele><time>2026-08-24T00:10:49Z</time></trkpt>
   <trkpt lat="39.9455391" lon="-75.1863469"><ele>14.0</ele><time>2026-08-24T00:10:50Z</time></trkpt>
   <trkpt lat="39.9455432" lon="-75.1863342"><ele>13.8</ele><time>2026-08-24T00:10:51Z</time></trkpt>
   <trkpt lat="39.9455501" lon="-75.1863141"><ele>13.8</ele><time>2026-08-24T00:10:52Z</time></trkpt>
   <trkpt lat="39.9455572" lon="-75.1862945"><ele>13.8</ele><time>2026-08-24T00:10:53Z</time></trkpt>
   <trkpt lat="39.9455644" lon="-75.1862772"><ele>13.8</ele><time>2026-08-24T00:10:54Z</time></trkpt>
   <trkpt lat="39.9455693" lon="-75.1862685"><ele>13.6</ele><time>2026-08-24T00:10:55Z</time></trkpt>
   <trkpt lat="39.9455721" lon="-75.1862615"><ele>13.6</ele><time>2026-08-24T00:10:56Z</time></trkpt>
   <trkpt lat="39.9455744" lon="-75.1862563"><ele>13.6</ele><time>2026-08-24T00:10:57Z</time></trkpt>
   <trkpt lat="39.9455760" lon="-75.1862506"><ele>13.6</ele><time>2026-08-24T00:10:58Z</time></trkpt>
   <trkpt lat="39.9455754" lon="-75.1862465"><ele>13.4</ele><time>2026-08-24T00:10:59Z</time></trkpt>
   <trkpt lat="39.9455747" lon="-75.1862377"><ele>13.4</ele><time>2026-08-24T00:11:00Z</time></trkpt>
   <trkpt lat="39.9455739" lon="-75.1862236"><ele>13.4</ele><time>2026-08-24T00:11:01Z</time></trkpt>
   <trkpt lat="39.9455741" lon="-75.1862039"><ele>13.4</ele><time>2026-08-24T00:11:02Z</time></trkpt>
   <trkpt lat="39.9455767" lon="-75.1861858"><ele>13.4</ele><time>2026-08-24T00:11:03Z</time></trkpt>
   <trkpt lat="39.9455798" lon="-75.1861687"><ele>13.4</ele><time>2026-08-24T00:11:04Z</time></trkpt>
   <trkpt lat="39.9455812" lon="-75.1861480"><ele>13.4</ele><time>2026-08-24T00:11:05Z</time></trkpt>
   <trkpt lat="39.9455801" lon="-75.1861408"><ele>13.4</ele><time>2026-08-24T00:11:06Z</time></trkpt>
   <trkpt lat="39.9455781" lon="-75.1861259"><ele>13.2</ele><time>2026-08-24T00:11:07Z</time></trkpt>
   <trkpt lat="39.9455775" lon="-75.1861091"><ele>13.2</ele><time>2026-08-24T00:11:08Z</time></trkpt>
   <trkpt lat="39.9455739" lon="-75.1860825"><ele>13.2</ele><time>2026-08-24T00:11:09Z</time></trkpt>
   <trkpt lat="39.9455713" lon="-75.1860464"><ele>13.0</ele><time>2026-08-24T00:11:10Z</time></trkpt>
   <trkpt lat="39.9455658" lon="-75.1860146"><ele>13.0</ele><time>2026-08-24T00:11:11Z</time></trkpt>
   <trkpt lat="39.9455457" lon="-75.1859863"><ele>13.0</ele><time>2026-08-24T00:11:12Z</time></trkpt>
   <trkpt lat="39.9455385" lon="-75.1859690"><ele>13.0</ele><time>2026-08-24T00:11:13Z</time></trkpt>
   <trkpt lat="39.9455390" lon="-75.1859578"><ele>13.0</ele><time>2026-08-24T00:11:14Z</time></trkpt>
   <trkpt lat="39.9455438" lon="-75.1859426"><ele>12.8</ele><time>2026-08-24T00:11:15Z</time></trkpt>
   <trkpt lat="39.9455328" lon="-75.1859272"><ele>12.8</ele><time>2026-08-24T00:11:16Z</time></trkpt>
   <trkpt lat="39.9455400" lon="-75.1858979"><ele>12.6</ele><time>2026-08-24T00:11:17Z</time></trkpt>
   <trkpt lat="39.9455385" lon="-75.1858660"><ele>12.6</ele><time>2026-08-24T00:11:18Z</time></trkpt>
   <trkpt lat="39.9455406" lon="-75.1858305"><ele>12.6</ele><time>2026-08-24T00:11:19Z</time></trkpt>
   <trkpt lat="39.9455444" lon="-75.1857981"><ele>12.6</ele><time>2026-08-24T00:11:20Z</time></trkpt>
   <trkpt lat="39.9455510" lon="-75.1857523"><ele>12.8</ele><time>2026-08-24T00:11:21Z</time></trkpt>
   <trkpt lat="39.9455580" lon="-75.1857155"><ele>12.8</ele><time>2026-08-24T00:11:22Z</time></trkpt>
   <trkpt lat="39.9455771" lon="-75.1856854"><ele>12.6</ele><time>2026-08-24T00:11:23Z</time></trkpt>
   <trkpt lat="39.9455745" lon="-75.1856455"><ele>12.6</ele><time>2026-08-24T00:11:24Z</time></trkpt>
   <trkpt lat="39.9455766" lon="-75.1856069"><ele>12.6</ele><time>2026-08-24T00:11:25Z</time></trkpt>
   <trkpt lat="39.9455846" lon="-75.1855659"><ele>12.6</ele><time>2026-08-24T00:11:26Z</time></trkpt>
   <trkpt lat="39.9455902" lon="-75.1855273"><ele>12.6</ele><time>2026-08-24T00:11:27Z</time></trkpt>
   <trkpt lat="39.9455941" lon="-75.1854947"><ele>12.6</ele><time>2026-08-24T00:11:28Z</time></trkpt>
   <trkpt lat="39.9455979" lon="-75.1854508"><ele>12.6</ele><time>2026-08-24T00:11:29Z</time></trkpt>
   <trkpt lat="39.9455963" lon="-75.1854052"><ele>12.6</ele><time>2026-08-24T00:11:30Z</time></trkpt>
   <trkpt lat="39.9455858" lon="-75.1853679"><ele>12.8</ele><time>2026-08-24T00:11:31Z</time></trkpt>
   <trkpt lat="39.9455820" lon="-75.1853239"><ele>12.8</ele><time>2026-08-24T00:11:32Z</time></trkpt>
   <trkpt lat="39.9455669" lon="-75.1852928"><ele>13.0</ele><time>2026-08-24T00:11:33Z</time></trkpt>
   <trkpt lat="39.9455608" lon="-75.1852493"><ele>13.0</ele><time>2026-08-24T00:11:34Z</time></trkpt>
   <trkpt lat="39.9455555" lon="-75.1852101"><ele>13.2</ele><time>2026-08-24T00:11:35Z</time></trkpt>
   <trkpt lat="39.9455569" lon="-75.1851644"><ele>13.4</ele><time>2026-08-24T00:11:36Z</time></trkpt>
   <trkpt lat="39.9455541" lon="-75.1851167"><ele>13.4</ele><time>2026-08-24T00:11:37Z</time></trkpt>
   <trkpt lat="39.9455478" lon="-75.1850659"><ele>13.6</ele><time>2026-08-24T00:11:38Z</time></trkpt>
   <trkpt lat="39.9455409" lon="-75.1850195"><ele>13.6</ele><time>2026-08-24T00:11:39Z</time></trkpt>
   <trkpt lat="39.9455339" lon="-75.1849860"><ele>13.8</ele><time>2026-08-24T00:11:40Z</time></trkpt>
   <trkpt lat="39.9455219" lon="-75.1849391"><ele>13.8</ele><time>2026-08-24T00:11:41Z</time></trkpt>
   <trkpt lat="39.9455129" lon="-75.1848965"><ele>14.0</ele><time>2026-08-24T00:11:42Z</time></trkpt>
   <trkpt lat="39.9455083" lon="-75.1848494"><ele>14.2</ele><time>2026-08-24T00:11:43Z</time></trkpt>
   <trkpt lat="39.9455000" lon="-75.1848091"><ele>14.2</ele><time>2026-08-24T00:11:44Z</time></trkpt>
   <trkpt lat="39.9455011" lon="-75.1847733"><ele>14.2</ele><time>2026-08-24T00:11:45Z</time></trkpt>
   <trkpt lat="39.9454921" lon="-75.1847333"><ele>14.4</ele><time>2026-08-24T00:11:46Z</time></trkpt>
   <trkpt lat="39.9454857" lon="-75.1846841"><ele>14.4</ele><time>2026-08-24T00:11:47Z</time></trkpt>
   <trkpt lat="39.9454722" lon="-75.1846334"><ele>14.6</ele><time>2026-08-24T00:11:48Z</time></trkpt>
   <trkpt lat="39.9454588" lon="-75.1845828"><ele>14.8</ele><time>2026-08-24T00:11:49Z</time></trkpt>
   <trkpt lat="39.9454354" lon="-75.1845417"><ele>14.8</ele><time>2026-08-24T00:11:50Z</time></trkpt>
   <trkpt lat="39.9454089" lon="-75.1844916"><ele>14.8</ele><time>2026-08-24T00:11:51Z</time></trkpt>
   <trkpt lat="39.9453826" lon="-75.1844469"><ele>15.0</ele><time>2026-08-24T00:11:52Z</time></trkpt>
   <trkpt lat="39.9453600" lon="-75.1843888"><ele>15.2</ele><time>2026-08-24T00:11:53Z</time></trkpt>
   <trkpt lat="39.9453373" lon="-75.1843428"><ele>15.2</ele><time>2026-08-24T00:11:54Z</time></trkpt>
   <trkpt lat="39.9453200" lon="-75.1842891"><ele>15.4</ele><time>2026-08-24T00:11:55Z</time></trkpt>
   <trkpt lat="39.9452943" lon="-75.1842249"><ele>15.6</ele><time>2026-08-24T00:11:56Z</time></trkpt>
   <trkpt lat="39.9452814" lon="-75.1841806"><ele>15.8</ele><time>2026-08-24T00:11:57Z</time></trkpt>
   <trkpt lat="39.9452527" lon="-75.1841024"><ele>15.8</ele><time>2026-08-24T00:11:58Z</time></trkpt>
   <trkpt lat="39.9452220" lon="-75.1840303"><ele>15.8</ele><time>2026-08-24T00:11:59Z</time></trkpt>
   <trkpt lat="39.9452001" lon="-75.1839755"><ele>15.8</ele><time>2026-08-24T00:12:00Z</time></trkpt>
   <trkpt lat="39.9451829" lon="-75.1839172"><ele>16.0</ele><time>2026-08-24T00:12:01Z</time></trkpt>
  </trkseg>
 </trk>
</gpx>
