<?xml version='1.0' encoding='UTF-8' standalone='yes' ?>
<gpx version="1.1" creator="OsmAnd 5.3.10" xmlns="http://www.topografix.com/GPX/1/1" xmlns:osmand="https://osmand.net/docs/technical/osmand-file-formats/osmand-gpx" xmlns:gpxtpx="https://www8.garmin.com/xmlschemas/TrackPointExtensionv1.xsd" xmlns:xsi="http://www.w3.org/2001/XMLSchema-instance" xsi:schemaLocation="http://www.topografix.com/GPX/1/1 https://www.topografix.com/GPX/1/1/gpx.xsd">
  <metadata>
    <name>2026-09-16_14-38_Wed</name>
    <extensions>
      <osmand:activity>hiking</osmand:activity>
    </extensions>
  </metadata>
  <wpt lat="61.7709947" lon="34.4130421">
    <time>2026-09-16T12:32:57Z</time>
    <name>05V7xI4k--.1.3gp</name>
    <link href="05V7xI4k--.1.3gp" />
  </wpt>
  <trk>
    <trkseg>
      <trkpt lat="61.7714289" lon="34.4056109">
        <ele>90.1</ele>
        <time>2026-09-16T11:38:26Z</time>
        <hdop>5.4</hdop>
        <extensions>
          <osmand:speed>3.7</osmand:speed>
        </extensions>
      </trkpt>
      <trkpt lat="61.7714145" lon="34.4057599">
        <ele>90.1</ele>
        <time>2026-09-16T11:38:28Z</time>
        <hdop>3.6</hdop>
        <extensions>
          <osmand:speed>3.2</osmand:speed>
        </extensions>
      </trkpt>
      <trkpt lat="61.7714051" lon="34.4058286">
        <ele>90.1</ele>
        <time>2026-09-16T11:38:29Z</time>
        <hdop>3.4</hdop>
        <extensions>
          <osmand:speed>3.8</osmand:speed>
        </extensions>
      </trkpt>
      <trkpt lat="61.7713819" lon="34.4059831">
        <ele>90.1</ele>
        <time>2026-09-16T11:38:31Z</time>
        <hdop>3.4</hdop>
        <extensions>
          <osmand:speed>4.2</osmand:speed>
        </extensions>
      </trkpt>
      <trkpt lat="61.7713319" lon="34.4061917">
        <ele>90.4</ele>
        <time>2026-09-16T11:38:34Z</time>
        <hdop>8</hdop>
        <extensions>
          <osmand:speed>4.1</osmand:speed>
        </extensions>
      </trkpt>
      <trkpt lat="61.7713166" lon="34.4062555">
        <ele>90.4</ele>
        <time>2026-09-16T11:38:35Z</time>
        <hdop>8</hdop>
        <extensions>
          <osmand:speed>3.5</osmand:speed>
        </extensions>
      </trkpt>
      <trkpt lat="61.7712914" lon="34.4063721">
        <ele>90.4</ele>
        <time>2026-09-16T11:38:37Z</time>
        <hdop>7</hdop>
        <extensions>
          <osmand:speed>4.3</osmand:speed>
        </extensions>
      </trkpt>
      <trkpt lat="61.7712596" lon="34.4065071">
        <ele>90.4</ele>
        <time>2026-09-16T11:38:39Z</time>
        <hdop>3.4</hdop>
        <extensions>
          <osmand:speed>3.5</osmand:speed>
        </extensions>
      </trkpt>
      <trkpt lat="61.7712308" lon="34.4066176">
        <ele>90.4</ele>
        <time>2026-09-16T11:38:41Z</time>
        <hdop>3.4</hdop>
        <extensions>
          <osmand:speed>3</osmand:speed>
        </extensions>
      </trkpt>
      <trkpt lat="61.7711967" lon="34.4067266">
        <ele>90.4</ele>
        <time>2026-09-16T11:38:43Z</time>
        <hdop>3.2</hdop>
        <extensions>
          <osmand:speed>3.3</osmand:speed>
        </extensions>
      </trkpt>
      <trkpt lat="61.7711978" lon="34.406831">
        <ele>90.4</ele>
        <time>2026-09-16T11:38:44Z</time>
        <hdop>3.8</hdop>
        <extensions>
          <osmand:speed>2.8</osmand:speed>
        </extensions>
      </trkpt>
      <trkpt lat="61.771186" lon="34.4069056">
        <ele>90.6</ele>
        <time>2026-09-16T11:38:46Z</time>
        <hdop>4.2</hdop>
        <extensions>
          <osmand:speed>2</osmand:speed>
        </extensions>
      </trkpt>
      <trkpt lat="61.7711802" lon="34.4069426">
        <ele>90.6</ele>
        <time>2026-09-16T11:38:47Z</time>
        <hdop>4.4</hdop>
        <extensions>
          <osmand:speed>1.7</osmand:speed>
        </extensions>
      </trkpt>
      <trkpt lat="61.7711829" lon="34.4069854">
        <ele>90.6</ele>
        <time>2026-09-16T11:38:49Z</time>
        <hdop>4.6</hdop>
        <extensions>
          <osmand:speed>1.8</osmand:speed>
        </extensions>
      </trkpt>
      <trkpt lat="61.7711874" lon="34.4070684">
        <ele>90.6</ele>
        <time>2026-09-16T11:38:50Z</time>
        <hdop>4.4</hdop>
        <extensions>
          <osmand:speed>2.4</osmand:speed>
        </extensions>
      </trkpt>
      <trkpt lat="61.771165" lon="34.4071562">
        <ele>90.6</ele>
        <time>2026-09-16T11:38:51Z</time>
        <hdop>4.4</hdop>
        <extensions>
          <osmand:speed>3.3</osmand:speed>
        </extensions>
      </trkpt>
      <trkpt lat="61.771131" lon="34.4072375">
        <ele>90.6</ele>
        <time>2026-09-16T11:38:53Z</time>
        <hdop>4.3</hdop>
        <extensions>
          <osmand:speed>3.5</osmand:speed>
        </extensions>
      </trkpt>
      <trkpt lat="61.7711009" lon="34.4073219">
        <ele>90.6</ele>
        <time>2026-09-16T11:38:54Z</time>
        <hdop>4.2</hdop>
        <extensions>
          <osmand:speed>3.7</osmand:speed>
        </extensions>
      </trkpt>
      <trkpt lat="61.7711288" lon="34.4075212">
        <ele>90.6</ele>
        <time>2026-09-16T11:38:55Z</time>
        <hdop>4</hdop>
        <extensions>
          <osmand:speed>4.3</osmand:speed>
        </extensions>
      </trkpt>
      <trkpt lat="61.7711022" lon="34.4076745">
        <ele>91.1</ele>
        <time>2026-09-16T11:38:57Z</time>
        <hdop>4</hdop>
        <extensions>
          <osmand:speed>3.6</osmand:speed>
        </extensions>
      </trkpt>
      <trkpt lat="61.7710698" lon="34.4077891">
        <ele>91.1</ele>
        <time>2026-09-16T11:38:59Z</time>
        <hdop>3.7</hdop>
        <extensions>
          <osmand:speed>3</osmand:speed>
        </extensions>
      </trkpt>
      <trkpt lat="61.7710622" lon="34.4078387">
        <ele>91.1</ele>
        <time>2026-09-16T11:39:00Z</time>
        <hdop>3.7</hdop>
        <extensions>
          <osmand:speed>2.5</osmand:speed>
        </extensions>
      </trkpt>
      <trkpt lat="61.7710713" lon="34.4079479">
        <ele>91.1</ele>
        <time>2026-09-16T11:39:02Z</time>
        <hdop>3.4</hdop>
        <extensions>
          <osmand:speed>3.1</osmand:speed>
        </extensions>
      </trkpt>
      <trkpt lat="61.7710958" lon="34.4079905">
        <ele>91.1</ele>
        <time>2026-09-16T11:39:03Z</time>
        <hdop>3.2</hdop>
        <extensions>
          <osmand:speed>3.2</osmand:speed>
        </extensions>
      </trkpt>
      <trkpt lat="61.771123" lon="34.4080375">
        <ele>91.1</ele>
        <time>2026-09-16T11:39:04Z</time>
        <hdop>3.2</hdop>
        <extensions>
          <osmand:speed>3.7</osmand:speed>
        </extensions>
      </trkpt>
      <trkpt lat="61.7711628" lon="34.4081767">
        <ele>91.1</ele>
        <time>2026-09-16T11:39:06Z</time>
        <hdop>3.2</hdop>
        <extensions>
          <osmand:speed>4.8</osmand:speed>
        </extensions>
      </trkpt>
      <trkpt lat="61.7711681" lon="34.4082706">
        <ele>91.1</ele>
        <time>2026-09-16T11:39:07Z</time>
        <hdop>3.2</hdop>
        <extensions>
          <osmand:speed>4.4</osmand:speed>
        </extensions>
      </trkpt>
      <trkpt lat="61.7711454" lon="34.408406">
        <ele>91.1</ele>
        <time>2026-09-16T11:39:08Z</time>
        <hdop>3.2</hdop>
        <extensions>
          <osmand:speed>5</osmand:speed>
        </extensions>
      </trkpt>
      <trkpt lat="61.77115" lon="34.4085695">
        <ele>91.1</ele>
        <time>2026-09-16T11:39:10Z</time>
        <hdop>3.2</hdop>
        <extensions>
          <osmand:speed>4.4</osmand:speed>
        </extensions>
      </trkpt>
      <trkpt lat="61.7711241" lon="34.4087078">
        <ele>91.1</ele>
        <time>2026-09-16T11:39:12Z</time>
        <hdop>3.2</hdop>
        <extensions>
          <osmand:speed>3.7</osmand:speed>
        </extensions>
      </trkpt>
      <trkpt lat="61.7710999" lon="34.4088564">
        <ele>92.6</ele>
        <time>2026-09-16T11:39:14Z</time>
        <hdop>4</hdop>
        <extensions>
          <osmand:speed>4.3</osmand:speed>
        </extensions>
      </trkpt>
      <trkpt lat="61.7710718" lon="34.4090279">
        <ele>92.6</ele>
        <time>2026-09-16T11:39:16Z</time>
        <hdop>4.2</hdop>
        <extensions>
          <osmand:speed>4.9</osmand:speed>
        </extensions>
      </trkpt>
      <trkpt lat="61.7710481" lon="34.409105">
        <ele>92.6</ele>
        <time>2026-09-16T11:39:17Z</time>
        <hdop>4.2</hdop>
        <extensions>
          <osmand:speed>4.7</osmand:speed>
        </extensions>
      </trkpt>
      <trkpt lat="61.7709944" lon="34.4092772">
        <ele>92.6</ele>
        <time>2026-09-16T11:39:19Z</time>
        <hdop>3.6</hdop>
        <extensions>
          <osmand:speed>5.2</osmand:speed>
        </extensions>
      </trkpt>
      <trkpt lat="61.7709647" lon="34.4094657">
        <ele>92.6</ele>
        <time>2026-09-16T11:39:21Z</time>
        <hdop>3.2</hdop>
        <extensions>
          <osmand:speed>4.8</osmand:speed>
        </extensions>
      </trkpt>
      <trkpt lat="61.7709419" lon="34.4095449">
        <ele>92.7</ele>
        <time>2026-09-16T11:39:23Z</time>
        <hdop>3.6</hdop>
      </trkpt>
      <trkpt lat="61.7709193" lon="34.40971">
        <ele>92.7</ele>
        <time>2026-09-16T11:39:24Z</time>
        <hdop>3.6</hdop>
        <extensions>
          <osmand:speed>4.6</osmand:speed>
        </extensions>
      </trkpt>
      <trkpt lat="61.770875" lon="34.4098106">
        <ele>92.7</ele>
        <time>2026-09-16T11:39:26Z</time>
        <hdop>3.6</hdop>
        <extensions>
          <osmand:speed>3.2</osmand:speed>
        </extensions>
      </trkpt>
      <trkpt lat="61.7708302" lon="34.4097686">
        <ele>92.7</ele>
        <time>2026-09-16T11:39:27Z</time>
        <hdop>3.6</hdop>
        <extensions>
          <osmand:speed>3.8</osmand:speed>
        </extensions>
      </trkpt>
      <trkpt lat="61.7707859" lon="34.409836">
        <ele>92.7</ele>
        <time>2026-09-16T11:39:29Z</time>
        <hdop>3.2</hdop>
        <extensions>
          <osmand:speed>3.3</osmand:speed>
        </extensions>
      </trkpt>
      <trkpt lat="61.7707305" lon="34.409925">
        <ele>92.7</ele>
        <time>2026-09-16T11:39:31Z</time>
        <hdop>3.2</hdop>
        <extensions>
          <osmand:speed>3.6</osmand:speed>
        </extensions>
      </trkpt>
      <trkpt lat="61.7707137" lon="34.4099825">
        <ele>92.7</ele>
        <time>2026-09-16T11:39:32Z</time>
        <hdop>3.2</hdop>
        <extensions>
          <osmand:speed>3.7</osmand:speed>
        </extensions>
      </trkpt>
      <trkpt lat="61.7707058" lon="34.4100676">
        <ele>92.7</ele>
        <time>2026-09-16T11:39:33Z</time>
        <hdop>3.2</hdop>
        <extensions>
          <osmand:speed>4.3</osmand:speed>
        </extensions>
      </trkpt>
      <trkpt lat="61.7706647" lon="34.4101935">
        <ele>92.6</ele>
        <time>2026-09-16T11:39:35Z</time>
        <hdop>3.4</hdop>
        <extensions>
          <osmand:speed>4</osmand:speed>
        </extensions>
      </trkpt>
      <trkpt lat="61.7706483" lon="34.4102626">
        <ele>92.6</ele>
        <time>2026-09-16T11:39:36Z</time>
        <hdop>3.4</hdop>
        <extensions>
          <osmand:speed>4.1</osmand:speed>
        </extensions>
      </trkpt>
      <trkpt lat="61.7706329" lon="34.4103291">
        <ele>92.6</ele>
        <time>2026-09-16T11:39:37Z</time>
        <hdop>3.4</hdop>
        <extensions>
          <osmand:speed>3.9</osmand:speed>
        </extensions>
      </trkpt>
      <trkpt lat="61.7706112" lon="34.4104729">
        <ele>92.6</ele>
        <time>2026-09-16T11:39:39Z</time>
        <hdop>3.2</hdop>
        <extensions>
          <osmand:speed>4.2</osmand:speed>
        </extensions>
      </trkpt>
      <trkpt lat="61.7706158" lon="34.4106277">
        <ele>92.8</ele>
        <time>2026-09-16T11:39:41Z</time>
        <hdop>3.2</hdop>
        <extensions>
          <osmand:speed>4.7</osmand:speed>
        </extensions>
      </trkpt>
      <trkpt lat="61.770683" lon="34.4108185">
        <ele>92.8</ele>
        <time>2026-09-16T11:39:43Z</time>
        <hdop>3.2</hdop>
        <extensions>
          <osmand:speed>5.7</osmand:speed>
        </extensions>
      </trkpt>
      <trkpt lat="61.7706788" lon="34.411068">
        <ele>92.8</ele>
        <time>2026-09-16T11:39:45Z</time>
        <hdop>3.2</hdop>
        <extensions>
          <osmand:speed>6.5</osmand:speed>
        </extensions>
      </trkpt>
      <trkpt lat="61.7706426" lon="34.4112889">
        <ele>92.8</ele>
        <time>2026-09-16T11:39:47Z</time>
        <hdop>3.2</hdop>
        <extensions>
          <osmand:speed>6.7</osmand:speed>
        </extensions>
      </trkpt>
      <trkpt lat="61.7706243" lon="34.4113953">
        <ele>92.8</ele>
        <time>2026-09-16T11:39:48Z</time>
        <hdop>3.2</hdop>
        <extensions>
          <osmand:speed>5.9</osmand:speed>
        </extensions>
      </trkpt>
      <trkpt lat="61.7705999" lon="34.4115974">
        <ele>92.8</ele>
        <time>2026-09-16T11:39:50Z</time>
        <hdop>3.2</hdop>
        <extensions>
          <osmand:speed>5.2</osmand:speed>
        </extensions>
      </trkpt>
      <trkpt lat="61.7705787" lon="34.4117896">
        <ele>92.8</ele>
        <time>2026-09-16T11:39:52Z</time>
        <hdop>3.2</hdop>
        <extensions>
          <osmand:speed>5.2</osmand:speed>
        </extensions>
      </trkpt>
      <trkpt lat="61.7705765" lon="34.4119797">
        <ele>92.8</ele>
        <time>2026-09-16T11:39:54Z</time>
        <hdop>3.2</hdop>
        <extensions>
          <osmand:speed>4.8</osmand:speed>
        </extensions>
      </trkpt>
      <trkpt lat="61.7705817" lon="34.4120684">
        <ele>92.8</ele>
        <time>2026-09-16T11:39:55Z</time>
        <hdop>3.2</hdop>
        <extensions>
          <osmand:speed>4.9</osmand:speed>
        </extensions>
      </trkpt>
      <trkpt lat="61.7705832" lon="34.4121597">
        <ele>92.3</ele>
        <time>2026-09-16T11:39:56Z</time>
        <hdop>3.8</hdop>
        <extensions>
          <osmand:speed>4.4</osmand:speed>
        </extensions>
      </trkpt>
      <trkpt lat="61.7705923" lon="34.4122437">
        <ele>92.3</ele>
        <time>2026-09-16T11:39:57Z</time>
        <hdop>3.7</hdop>
        <extensions>
          <osmand:speed>4.7</osmand:speed>
        </extensions>
      </trkpt>
      <trkpt lat="61.7705839" lon="34.4123448">
        <ele>92.3</ele>
        <time>2026-09-16T11:39:58Z</time>
        <hdop>3.8</hdop>
        <extensions>
          <osmand:speed>4.9</osmand:speed>
        </extensions>
      </trkpt>
      <trkpt lat="61.7705702" lon="34.4125335">
        <ele>92.3</ele>
        <time>2026-09-16T11:40:00Z</time>
        <hdop>3.8</hdop>
        <extensions>
          <osmand:speed>4.6</osmand:speed>
        </extensions>
      </trkpt>
      <trkpt lat="61.7705526" lon="34.4127022">
        <ele>92.3</ele>
        <time>2026-09-16T11:40:02Z</time>
        <hdop>3.2</hdop>
        <extensions>
          <osmand:speed>4.5</osmand:speed>
        </extensions>
      </trkpt>
      <trkpt lat="61.7705487" lon="34.4127873">
        <ele>92.3</ele>
        <time>2026-09-16T11:40:03Z</time>
        <hdop>3.2</hdop>
        <extensions>
          <osmand:speed>4.3</osmand:speed>
        </extensions>
      </trkpt>
      <trkpt lat="61.7705447" lon="34.4128614">
        <ele>92.3</ele>
        <time>2026-09-16T11:40:04Z</time>
        <hdop>3.2</hdop>
        <extensions>
          <osmand:speed>3.8</osmand:speed>
        </extensions>
      </trkpt>
      <trkpt lat="61.7705377" lon="34.4130204">
        <ele>92.3</ele>
        <time>2026-09-16T11:40:06Z</time>
        <hdop>3.2</hdop>
        <extensions>
          <osmand:speed>4.4</osmand:speed>
        </extensions>
      </trkpt>
      <trkpt lat="61.7705165" lon="34.4131658">
        <ele>92.4</ele>
        <time>2026-09-16T11:40:08Z</time>
        <hdop>3.3</hdop>
        <extensions>
          <osmand:speed>3.7</osmand:speed>
        </extensions>
      </trkpt>
      <trkpt lat="61.7705075" lon="34.4132364">
        <ele>92.4</ele>
        <time>2026-09-16T11:40:09Z</time>
        <hdop>3.3</hdop>
        <extensions>
          <osmand:speed>4.1</osmand:speed>
        </extensions>
      </trkpt>
      <trkpt lat="61.7705044" lon="34.4133144">
        <ele>92.4</ele>
        <time>2026-09-16T11:40:10Z</time>
        <hdop>3.3</hdop>
        <extensions>
          <osmand:speed>4.3</osmand:speed>
        </extensions>
      </trkpt>
      <trkpt lat="61.7705123" lon="34.4134833">
        <ele>92.4</ele>
        <time>2026-09-16T11:40:12Z</time>
        <hdop>3.2</hdop>
        <extensions>
          <osmand:speed>4.6</osmand:speed>
        </extensions>
      </trkpt>
      <trkpt lat="61.7705097" lon="34.41362">
        <ele>81.5</ele>
        <time>2026-09-16T11:40:14Z</time>
        <hdop>4</hdop>
        <extensions>
          <osmand:speed>3.3</osmand:speed>
        </extensions>
      </trkpt>
      <trkpt lat="61.7705021" lon="34.4137475">
        <ele>80.5</ele>
        <time>2026-09-16T11:40:16Z</time>
        <hdop>4.1</hdop>
        <extensions>
          <osmand:speed>2.9</osmand:speed>
        </extensions>
      </trkpt>
      <trkpt lat="61.7705023" lon="34.4138605">
        <ele>77.5</ele>
        <time>2026-09-16T11:40:18Z</time>
        <hdop>3.2</hdop>
        <extensions>
          <osmand:speed>2.9</osmand:speed>
        </extensions>
      </trkpt>
      <trkpt lat="61.7705011" lon="34.4139158">
        <ele>76.5</ele>
        <time>2026-09-16T11:40:20Z</time>
        <hdop>4.1</hdop>
      </trkpt>
      <trkpt lat="61.7704972" lon="34.4140281">
        <ele>75.5</ele>
        <time>2026-09-16T11:40:21Z</time>
        <hdop>3.9</hdop>
        <extensions>
          <osmand:speed>2.9</osmand:speed>
        </extensions>
      </trkpt>
      <trkpt lat="61.7704895" lon="34.4141052">
        <ele>73.5</ele>
        <time>2026-09-16T11:40:23Z</time>
        <hdop>4.1</hdop>
        <extensions>
          <osmand:speed>1.6</osmand:speed>
        </extensions>
      </trkpt>
      <trkpt lat="61.77048" lon="34.4141567">
        <ele>74.5</ele>
        <time>2026-09-16T11:40:25Z</time>
        <hdop>3.2</hdop>
        <extensions>
          <osmand:speed>1.8</osmand:speed>
        </extensions>
      </trkpt>
      <trkpt lat="61.7704687" lon="34.4142049">
        <ele>75.5</ele>
        <time>2026-09-16T11:40:27Z</time>
        <hdop>3.2</hdop>
        <extensions>
          <osmand:speed>0.8</osmand:speed>
        </extensions>
      </trkpt>
      <trkpt lat="61.7704717" lon="34.4141617">
        <ele>75.5</ele>
        <time>2026-09-16T11:40:34Z</time>
        <hdop>3.2</hdop>
        <extensions>
          <osmand:speed>1</osmand:speed>
        </extensions>
      </trkpt>
      <trkpt lat="61.7704686" lon="34.4141168">
        <ele>76.5</ele>
        <time>2026-09-16T11:40:36Z</time>
        <hdop>3.2</hdop>
        <extensions>
          <osmand:speed>1.4</osmand:speed>
        </extensions>
      </trkpt>
      <trkpt lat="61.7704621" lon="34.4140761">
        <ele>79.5</ele>
        <time>2026-09-16T11:40:38Z</time>
        <hdop>3.2</hdop>
        <extensions>
          <osmand:speed>1.2</osmand:speed>
        </extensions>
      </trkpt>
      <trkpt lat="61.7704453" lon="34.4140624">
        <ele>80.5</ele>
        <time>2026-09-16T11:40:40Z</time>
        <hdop>3.2</hdop>
        <extensions>
          <osmand:speed>1.1</osmand:speed>
        </extensions>
      </trkpt>
      <trkpt lat="61.7704244" lon="34.414061">
        <ele>80.5</ele>
        <time>2026-09-16T11:40:42Z</time>
        <hdop>3.2</hdop>
        <extensions>
          <osmand:speed>0.9</osmand:speed>
        </extensions>
      </trkpt>
      <trkpt lat="61.7704024" lon="34.4140478">
        <ele>80.5</ele>
        <time>2026-09-16T11:40:45Z</time>
        <hdop>3.2</hdop>
        <extensions>
          <osmand:speed>0.4</osmand:speed>
        </extensions>
      </trkpt>
      <trkpt lat="61.7703894" lon="34.4139943">
        <ele>82.5</ele>
        <time>2026-09-16T11:40:48Z</time>
        <hdop>3.6</hdop>
        <extensions>
          <osmand:speed>1.4</osmand:speed>
        </extensions>
      </trkpt>
      <trkpt lat="61.7703875" lon="34.4139461">
        <ele>82.5</ele>
        <time>2026-09-16T11:40:50Z</time>
        <hdop>4.1</hdop>
        <extensions>
          <osmand:speed>1</osmand:speed>
        </extensions>
      </trkpt>
      <trkpt lat="61.7703697" lon="34.4138831">
        <ele>82.5</ele>
        <time>2026-09-16T11:40:53Z</time>
        <hdop>4.3</hdop>
        <extensions>
          <osmand:speed>1.4</osmand:speed>
        </extensions>
      </trkpt>
      <trkpt lat="61.7703612" lon="34.4138474">
        <ele>81.5</ele>
        <time>2026-09-16T11:40:54Z</time>
        <hdop>4</hdop>
        <extensions>
          <osmand:speed>1.3</osmand:speed>
        </extensions>
      </trkpt>
      <trkpt lat="61.7703498" lon="34.4138163">
        <ele>84.5</ele>
        <time>2026-09-16T11:40:56Z</time>
        <hdop>3.5</hdop>
        <extensions>
          <osmand:speed>1.2</osmand:speed>
        </extensions>
      </trkpt>
      <trkpt lat="61.7703388" lon="34.413783">
        <ele>85.5</ele>
        <time>2026-09-16T11:40:58Z</time>
        <hdop>3.4</hdop>
        <extensions>
          <osmand:speed>1.3</osmand:speed>
        </extensions>
      </trkpt>
      <trkpt lat="61.7703363" lon="34.41373">
        <ele>85.5</ele>
        <time>2026-09-16T11:41:00Z</time>
        <hdop>3.4</hdop>
        <extensions>
          <osmand:speed>1.3</osmand:speed>
        </extensions>
      </trkpt>
      <trkpt lat="61.7703302" lon="34.4136784">
        <ele>86.5</ele>
        <time>2026-09-16T11:41:04Z</time>
        <hdop>3.1</hdop>
        <extensions>
          <osmand:speed>1</osmand:speed>
        </extensions>
      </trkpt>
      <trkpt lat="61.770318" lon="34.4136394">
        <ele>88.5</ele>
        <time>2026-09-16T11:41:06Z</time>
        <hdop>3</hdop>
        <extensions>
          <osmand:speed>1.3</osmand:speed>
        </extensions>
      </trkpt>
      <trkpt lat="61.7703164" lon="34.4135907">
        <ele>88.5</ele>
        <time>2026-09-16T11:41:08Z</time>
        <hdop>3</hdop>
        <extensions>
          <osmand:speed>1.5</osmand:speed>
        </extensions>
      </trkpt>
      <trkpt lat="61.7703145" lon="34.4135421">
        <ele>88.5</ele>
        <time>2026-09-16T11:41:10Z</time>
        <hdop>3.1</hdop>
        <extensions>
          <osmand:speed>1.5</osmand:speed>
        </extensions>
      </trkpt>
      <trkpt lat="61.7703018" lon="34.4135143">
        <ele>89.5</ele>
        <time>2026-09-16T11:41:11Z</time>
        <hdop>3.2</hdop>
        <extensions>
          <osmand:speed>1.4</osmand:speed>
        </extensions>
      </trkpt>
      <trkpt lat="61.7702796" lon="34.4134975">
        <ele>91.5</ele>
        <time>2026-09-16T11:41:13Z</time>
        <hdop>3.2</hdop>
        <extensions>
          <osmand:speed>1.3</osmand:speed>
        </extensions>
      </trkpt>
      <trkpt lat="61.7702565" lon="34.4134881">
        <ele>90.5</ele>
        <time>2026-09-16T11:41:14Z</time>
        <hdop>3.3</hdop>
        <extensions>
          <osmand:speed>1.3</osmand:speed>
        </extensions>
      </trkpt>
      <trkpt lat="61.7702377" lon="34.4134944">
        <ele>90.5</ele>
        <time>2026-09-16T11:41:15Z</time>
        <hdop>3.3</hdop>
        <extensions>
          <osmand:speed>1.2</osmand:speed>
        </extensions>
      </trkpt>
      <trkpt lat="61.7702193" lon="34.4135013">
        <ele>92.5</ele>
        <time>2026-09-16T11:41:17Z</time>
        <hdop>3.4</hdop>
        <extensions>
          <osmand:speed>1.3</osmand:speed>
        </extensions>
      </trkpt>
      <trkpt lat="61.770196" lon="34.413495">
        <ele>90.5</ele>
        <time>2026-09-16T11:41:19Z</time>
        <hdop>3.4</hdop>
        <extensions>
          <osmand:speed>1.1</osmand:speed>
        </extensions>
      </trkpt>
      <trkpt lat="61.7701783" lon="34.4134805">
        <ele>89.5</ele>
        <time>2026-09-16T11:41:21Z</time>
        <hdop>3.3</hdop>
        <extensions>
          <osmand:speed>1.3</osmand:speed>
        </extensions>
      </trkpt>
      <trkpt lat="61.7701605" lon="34.4134608">
        <ele>89.5</ele>
        <time>2026-09-16T11:41:22Z</time>
        <hdop>3.2</hdop>
        <extensions>
          <osmand:speed>1.3</osmand:speed>
        </extensions>
      </trkpt>
      <trkpt lat="61.7701435" lon="34.4134429">
        <ele>90.5</ele>
        <time>2026-09-16T11:41:24Z</time>
        <hdop>3.1</hdop>
        <extensions>
          <osmand:speed>1.3</osmand:speed>
        </extensions>
      </trkpt>
      <trkpt lat="61.770126" lon="34.4134287">
        <ele>92.5</ele>
        <time>2026-09-16T11:41:25Z</time>
        <hdop>3.1</hdop>
        <extensions>
          <osmand:speed>1.3</osmand:speed>
        </extensions>
      </trkpt>
      <trkpt lat="61.7701082" lon="34.4134178">
        <ele>92.5</ele>
        <time>2026-09-16T11:41:27Z</time>
        <hdop>3.1</hdop>
        <extensions>
          <osmand:speed>1.2</osmand:speed>
        </extensions>
      </trkpt>
      <trkpt lat="61.7700891" lon="34.4134076">
        <ele>95.5</ele>
        <time>2026-09-16T11:41:28Z</time>
        <hdop>3.1</hdop>
        <extensions>
          <osmand:speed>1.2</osmand:speed>
        </extensions>
      </trkpt>
      <trkpt lat="61.770066" lon="34.4133974">
        <ele>95.5</ele>
        <time>2026-09-16T11:41:31Z</time>
        <hdop>3</hdop>
        <extensions>
          <osmand:speed>1.2</osmand:speed>
        </extensions>
      </trkpt>
      <trkpt lat="61.7700441" lon="34.413396">
        <ele>95.5</ele>
        <time>2026-09-16T11:41:33Z</time>
        <hdop>3</hdop>
        <extensions>
          <osmand:speed>1.2</osmand:speed>
        </extensions>
      </trkpt>
      <trkpt lat="61.7700233" lon="34.4133965">
        <ele>95.5</ele>
        <time>2026-09-16T11:41:35Z</time>
        <hdop>3</hdop>
        <extensions>
          <osmand:speed>1</osmand:speed>
        </extensions>
      </trkpt>
      <trkpt lat="61.7700052" lon="34.4133925">
        <ele>96.5</ele>
        <time>2026-09-16T11:41:37Z</time>
        <hdop>3</hdop>
        <extensions>
          <osmand:speed>1.1</osmand:speed>
        </extensions>
      </trkpt>
      <trkpt lat="61.7699827" lon="34.4134078">
        <ele>93.5</ele>
        <time>2026-09-16T11:41:39Z</time>
        <hdop>3</hdop>
        <extensions>
          <osmand:speed>1.1</osmand:speed>
        </extensions>
      </trkpt>
      <trkpt lat="61.7699663" lon="34.4134352">
        <ele>92.5</ele>
        <time>2026-09-16T11:41:41Z</time>
        <hdop>3</hdop>
        <extensions>
          <osmand:speed>1.1</osmand:speed>
        </extensions>
      </trkpt>
      <trkpt lat="61.7699512" lon="34.4134683">
        <ele>88.5</ele>
        <time>2026-09-16T11:41:42Z</time>
        <hdop>3</hdop>
        <extensions>
          <osmand:speed>1.1</osmand:speed>
        </extensions>
      </trkpt>
      <trkpt lat="61.7699374" lon="34.4134958">
        <ele>87.5</ele>
        <time>2026-09-16T11:41:44Z</time>
        <hdop>3</hdop>
        <extensions>
          <osmand:speed>0.6</osmand:speed>
        </extensions>
      </trkpt>
      <trkpt lat="61.7699253" lon="34.4135317">
        <ele>85.5</ele>
        <time>2026-09-16T11:41:50Z</time>
        <hdop>3</hdop>
        <extensions>
          <osmand:speed>0.3</osmand:speed>
        </extensions>
      </trkpt>
      <trkpt lat="61.7699303" lon="34.4135778">
        <ele>84.5</ele>
        <time>2026-09-16T11:41:53Z</time>
        <hdop>3</hdop>
        <extensions>
          <osmand:speed>0.7</osmand:speed>
        </extensions>
      </trkpt>
      <trkpt lat="61.7699469" lon="34.4136002">
        <ele>84.5</ele>
        <time>2026-09-16T11:41:56Z</time>
        <hdop>3</hdop>
        <extensions>
          <osmand:speed>0.5</osmand:speed>
        </extensions>
      </trkpt>
      <trkpt lat="61.769957" lon="34.4136332">
        <ele>84.5</ele>
        <time>2026-09-16T11:41:59Z</time>
        <hdop>3</hdop>
        <extensions>
          <osmand:speed>0.8</osmand:speed>
        </extensions>
      </trkpt>
      <trkpt lat="61.7699748" lon="34.4136478">
        <ele>83.5</ele>
        <time>2026-09-16T11:42:01Z</time>
        <hdop>3</hdop>
        <extensions>
          <osmand:speed>1</osmand:speed>
        </extensions>
      </trkpt>
      <trkpt lat="61.7699572" lon="34.4136576">
        <ele>83.5</ele>
        <time>2026-09-16T11:42:16Z</time>
        <hdop>3</hdop>
        <extensions>
          <osmand:speed>0.1</osmand:speed>
        </extensions>
      </trkpt>
      <trkpt lat="61.7699414" lon="34.4136381">
        <ele>83.5</ele>
        <time>2026-09-16T11:42:41Z</time>
        <hdop>3</hdop>
        <extensions>
          <osmand:speed>0.1</osmand:speed>
        </extensions>
      </trkpt>
      <trkpt lat="61.7699602" lon="34.4136221">
        <ele>83.5</ele>
        <time>2026-09-16T11:42:48Z</time>
        <hdop>3</hdop>
        <extensions>
          <osmand:speed>0.7</osmand:speed>
        </extensions>
      </trkpt>
      <trkpt lat="61.7699796" lon="34.413626">
        <ele>82.5</ele>
        <time>2026-09-16T11:42:50Z</time>
        <hdop>3</hdop>
        <extensions>
          <osmand:speed>0.8</osmand:speed>
        </extensions>
      </trkpt>
      <trkpt lat="61.770005" lon="34.4136301">
        <ele>82.5</ele>
        <time>2026-09-16T11:42:53Z</time>
        <hdop>3.1</hdop>
        <extensions>
          <osmand:speed>0.9</osmand:speed>
        </extensions>
      </trkpt>
      <trkpt lat="61.7700249" lon="34.4136328">
        <ele>79.5</ele>
        <time>2026-09-16T11:42:56Z</time>
        <hdop>3.1</hdop>
        <extensions>
          <osmand:speed>0.6</osmand:speed>
        </extensions>
      </trkpt>
      <trkpt lat="61.7700421" lon="34.4136493">
        <ele>81.5</ele>
        <time>2026-09-16T11:42:59Z</time>
        <hdop>3</hdop>
        <extensions>
          <osmand:speed>0.7</osmand:speed>
        </extensions>
      </trkpt>
      <trkpt lat="61.7700551" lon="34.4136886">
        <ele>81.5</ele>
        <time>2026-09-16T11:43:01Z</time>
        <hdop>3</hdop>
        <extensions>
          <osmand:speed>1</osmand:speed>
        </extensions>
      </trkpt>
      <trkpt lat="61.7700668" lon="34.4137232">
        <ele>81.5</ele>
        <time>2026-09-16T11:43:03Z</time>
        <hdop>3</hdop>
        <extensions>
          <osmand:speed>0.9</osmand:speed>
        </extensions>
      </trkpt>
      <trkpt lat="61.7700771" lon="34.4137559">
        <ele>80.5</ele>
        <time>2026-09-16T11:43:14Z</time>
        <hdop>3</hdop>
        <extensions>
          <osmand:speed>0.3</osmand:speed>
        </extensions>
      </trkpt>
      <trkpt lat="61.7700833" lon="34.4137922">
        <ele>80.5</ele>
        <time>2026-09-16T11:43:18Z</time>
        <hdop>3</hdop>
        <extensions>
          <osmand:speed>0.1</osmand:speed>
        </extensions>
      </trkpt>
      <trkpt lat="61.7700707" lon="34.4138278">
        <ele>88.5</ele>
        <time>2026-09-16T11:44:08Z</time>
        <hdop>3.2</hdop>
        <extensions>
          <osmand:speed>0.3</osmand:speed>
        </extensions>
      </trkpt>
      <trkpt lat="61.7700701" lon="34.4138672">
        <ele>87.5</ele>
        <time>2026-09-16T11:44:24Z</time>
        <hdop>3.1</hdop>
        <extensions>
          <osmand:speed>0.9</osmand:speed>
        </extensions>
      </trkpt>
      <trkpt lat="61.7700509" lon="34.4138735">
        <ele>88.5</ele>
        <time>2026-09-16T11:44:41Z</time>
        <hdop>3</hdop>
        <extensions>
          <osmand:speed>0.1</osmand:speed>
        </extensions>
      </trkpt>
      <trkpt lat="61.7700695" lon="34.4138318">
        <ele>89.5</ele>
        <time>2026-09-16T11:45:00Z</time>
        <hdop>3</hdop>
      </trkpt>
      <trkpt lat="61.7700528" lon="34.4138153">
        <ele>90.5</ele>
        <time>2026-09-16T11:46:27Z</time>
        <hdop>4.1</hdop>
      </trkpt>
      <trkpt lat="61.7700316" lon="34.4138223">
        <ele>92.5</ele>
        <time>2026-09-16T11:46:46Z</time>
        <hdop>12.2</hdop>
      </trkpt>
      <trkpt lat="61.7700392" lon="34.4137804">
        <ele>89.5</ele>
        <time>2026-09-16T11:47:01Z</time>
        <hdop>9.1</hdop>
      </trkpt>
      <trkpt lat="61.7700586" lon="34.4137928">
        <ele>84.5</ele>
        <time>2026-09-16T11:48:07Z</time>
        <hdop>3.2</hdop>
      </trkpt>
      <trkpt lat="61.7700373" lon="34.4137892">
        <ele>87.5</ele>
        <time>2026-09-16T11:49:39Z</time>
        <hdop>5.2</hdop>
      </trkpt>
      <trkpt lat="61.7700556" lon="34.4137791">
        <ele>86.5</ele>
        <time>2026-09-16T11:50:18Z</time>
        <hdop>3.2</hdop>
      </trkpt>
      <trkpt lat="61.7700697" lon="34.4138036">
        <ele>84.5</ele>
        <time>2026-09-16T11:50:28Z</time>
        <hdop>5.5</hdop>
      </trkpt>
      <trkpt lat="61.7700841" lon="34.4137804">
        <ele>83.5</ele>
        <time>2026-09-16T11:52:39Z</time>
        <hdop>3</hdop>
        <extensions>
          <osmand:speed>0.1</osmand:speed>
        </extensions>
      </trkpt>
      <trkpt lat="61.770077" lon="34.4137433">
        <ele>86.5</ele>
        <time>2026-09-16T11:56:02Z</time>
        <hdop>9.5</hdop>
        <extensions>
          <osmand:speed>0.8</osmand:speed>
        </extensions>
      </trkpt>
      <trkpt lat="61.7700849" lon="34.4136959">
        <ele>84.5</ele>
        <time>2026-09-16T11:56:05Z</time>
        <hdop>4.8</hdop>
        <extensions>
          <osmand:speed>0.7</osmand:speed>
        </extensions>
      </trkpt>
      <trkpt lat="61.7700819" lon="34.4136508">
        <ele>84.5</ele>
        <time>2026-09-16T11:56:08Z</time>
        <hdop>4.8</hdop>
        <extensions>
          <osmand:speed>0.5</osmand:speed>
        </extensions>
      </trkpt>
      <trkpt lat="61.7700673" lon="34.4136274">
        <ele>84.5</ele>
        <time>2026-09-16T11:56:12Z</time>
        <hdop>4.3</hdop>
        <extensions>
          <osmand:speed>0.9</osmand:speed>
        </extensions>
      </trkpt>
      <trkpt lat="61.7700655" lon="34.4135886">
        <ele>84.5</ele>
        <time>2026-09-16T11:56:14Z</time>
        <hdop>4.3</hdop>
        <extensions>
          <osmand:speed>0.5</osmand:speed>
        </extensions>
      </trkpt>
      <trkpt lat="61.7700553" lon="34.4135445">
        <ele>86.5</ele>
        <time>2026-09-16T11:56:17Z</time>
        <hdop>3.9</hdop>
        <extensions>
          <osmand:speed>1.2</osmand:speed>
        </extensions>
      </trkpt>
      <trkpt lat="61.7700271" lon="34.4135175">
        <ele>86.5</ele>
        <time>2026-09-16T11:56:19Z</time>
        <hdop>4</hdop>
        <extensions>
          <osmand:speed>1.6</osmand:speed>
        </extensions>
      </trkpt>
      <trkpt lat="61.7700085" lon="34.4135093">
        <ele>88.5</ele>
        <time>2026-09-16T11:56:21Z</time>
        <hdop>4.1</hdop>
        <extensions>
          <osmand:speed>0.9</osmand:speed>
        </extensions>
      </trkpt>
      <trkpt lat="61.7699894" lon="34.4134989">
        <ele>87.5</ele>
        <time>2026-09-16T11:56:23Z</time>
        <hdop>4.3</hdop>
        <extensions>
          <osmand:speed>1.3</osmand:speed>
        </extensions>
      </trkpt>
      <trkpt lat="61.7699601" lon="34.4134849">
        <ele>86.5</ele>
        <time>2026-09-16T11:56:25Z</time>
        <hdop>5.6</hdop>
        <extensions>
          <osmand:speed>1.4</osmand:speed>
        </extensions>
      </trkpt>
      <trkpt lat="61.7699435" lon="34.4134681">
        <ele>86.5</ele>
        <time>2026-09-16T11:56:27Z</time>
        <hdop>5.6</hdop>
        <extensions>
          <osmand:speed>1.4</osmand:speed>
        </extensions>
      </trkpt>
      <trkpt lat="61.769929" lon="34.4134386">
        <ele>86.5</ele>
        <time>2026-09-16T11:56:31Z</time>
        <hdop>9.7</hdop>
        <extensions>
          <osmand:speed>0.7</osmand:speed>
        </extensions>
      </trkpt>
      <trkpt lat="61.7699237" lon="34.4133996">
        <ele>86.5</ele>
        <time>2026-09-16T11:56:33Z</time>
        <hdop>9.9</hdop>
        <extensions>
          <osmand:speed>0.9</osmand:speed>
        </extensions>
      </trkpt>
      <trkpt lat="61.7699001" lon="34.4133844">
        <ele>90.5</ele>
        <time>2026-09-16T11:56:36Z</time>
        <hdop>4.5</hdop>
        <extensions>
          <osmand:speed>1.2</osmand:speed>
        </extensions>
      </trkpt>
      <trkpt lat="61.7698753" lon="34.4133628">
        <ele>91.5</ele>
        <time>2026-09-16T11:56:38Z</time>
        <hdop>6</hdop>
        <extensions>
          <osmand:speed>1.4</osmand:speed>
        </extensions>
      </trkpt>
      <trkpt lat="61.7698531" lon="34.4133343">
        <ele>89.5</ele>
        <time>2026-09-16T11:56:40Z</time>
        <hdop>5.8</hdop>
        <extensions>
          <osmand:speed>1.2</osmand:speed>
        </extensions>
      </trkpt>
      <trkpt lat="61.7698344" lon="34.4133124">
        <ele>92.5</ele>
        <time>2026-09-16T11:56:42Z</time>
        <hdop>4.7</hdop>
        <extensions>
          <osmand:speed>1.1</osmand:speed>
        </extensions>
      </trkpt>
      <trkpt lat="61.7698163" lon="34.4132963">
        <ele>92.5</ele>
        <time>2026-09-16T11:56:44Z</time>
        <hdop>3.3</hdop>
        <extensions>
          <osmand:speed>1.1</osmand:speed>
        </extensions>
      </trkpt>
      <trkpt lat="61.7697982" lon="34.4132941">
        <ele>93.5</ele>
        <time>2026-09-16T11:56:45Z</time>
        <hdop>3.2</hdop>
        <extensions>
          <osmand:speed>1.1</osmand:speed>
        </extensions>
      </trkpt>
      <trkpt lat="61.7697798" lon="34.4132944">
        <ele>93.5</ele>
        <time>2026-09-16T11:56:47Z</time>
        <hdop>3.2</hdop>
        <extensions>
          <osmand:speed>1.1</osmand:speed>
        </extensions>
      </trkpt>
      <trkpt lat="61.7697608" lon="34.4133024">
        <ele>94.5</ele>
        <time>2026-09-16T11:56:49Z</time>
        <hdop>3.2</hdop>
        <extensions>
          <osmand:speed>1.1</osmand:speed>
        </extensions>
      </trkpt>
      <trkpt lat="61.7697442" lon="34.4133173">
        <ele>94.5</ele>
        <time>2026-09-16T11:56:51Z</time>
        <hdop>3.1</hdop>
        <extensions>
          <osmand:speed>1.1</osmand:speed>
        </extensions>
      </trkpt>
      <trkpt lat="61.7697249" lon="34.4133186">
        <ele>94.5</ele>
        <time>2026-09-16T11:56:52Z</time>
        <hdop>3.1</hdop>
        <extensions>
          <osmand:speed>1.1</osmand:speed>
        </extensions>
      </trkpt>
      <trkpt lat="61.7697016" lon="34.4133159">
        <ele>95.5</ele>
        <time>2026-09-16T11:56:54Z</time>
        <hdop>3</hdop>
        <extensions>
          <osmand:speed>1.1</osmand:speed>
        </extensions>
      </trkpt>
      <trkpt lat="61.769685" lon="34.4133315">
        <ele>93.5</ele>
        <time>2026-09-16T11:56:56Z</time>
        <hdop>3</hdop>
        <extensions>
          <osmand:speed>1.1</osmand:speed>
        </extensions>
      </trkpt>
      <trkpt lat="61.7696595" lon="34.4133323">
        <ele>91.5</ele>
        <time>2026-09-16T11:56:58Z</time>
        <hdop>3</hdop>
        <extensions>
          <osmand:speed>1.2</osmand:speed>
        </extensions>
      </trkpt>
      <trkpt lat="61.7696366" lon="34.4133168">
        <ele>91.5</ele>
        <time>2026-09-16T11:57:00Z</time>
        <hdop>3</hdop>
        <extensions>
          <osmand:speed>1.1</osmand:speed>
        </extensions>
      </trkpt>
      <trkpt lat="61.7696119" lon="34.4132953">
        <ele>91.5</ele>
        <time>2026-09-16T11:57:19Z</time>
        <hdop>3</hdop>
        <extensions>
          <osmand:speed>0.8</osmand:speed>
        </extensions>
      </trkpt>
      <trkpt lat="61.7695912" lon="34.4132888">
        <ele>90.5</ele>
        <time>2026-09-16T11:57:21Z</time>
        <hdop>3</hdop>
        <extensions>
          <osmand:speed>0.9</osmand:speed>
        </extensions>
      </trkpt>
      <trkpt lat="61.7695709" lon="34.4132922">
        <ele>91.5</ele>
        <time>2026-09-16T11:57:23Z</time>
        <hdop>3</hdop>
        <extensions>
          <osmand:speed>1</osmand:speed>
        </extensions>
      </trkpt>
      <trkpt lat="61.7695543" lon="34.4133081">
        <ele>56.2</ele>
        <time>2026-09-16T11:57:26Z</time>
        <hdop>3</hdop>
        <extensions>
          <osmand:speed>1.1</osmand:speed>
        </extensions>
      </trkpt>
      <trkpt lat="61.7695386" lon="34.4133403">
        <ele>56.2</ele>
        <time>2026-09-16T11:57:28Z</time>
        <hdop>3</hdop>
        <extensions>
          <osmand:speed>1.1</osmand:speed>
        </extensions>
      </trkpt>
      <trkpt lat="61.7695181" lon="34.4133641">
        <ele>56.2</ele>
        <time>2026-09-16T11:57:30Z</time>
        <hdop>3</hdop>
        <extensions>
          <osmand:speed>1.4</osmand:speed>
        </extensions>
      </trkpt>
      <trkpt lat="61.7695005" lon="34.4133729">
        <ele>56.2</ele>
        <time>2026-09-16T11:57:32Z</time>
        <hdop>3</hdop>
        <extensions>
          <osmand:speed>1</osmand:speed>
        </extensions>
      </trkpt>
      <trkpt lat="61.7694822" lon="34.4133679">
        <ele>56.2</ele>
        <time>2026-09-16T11:57:34Z</time>
        <hdop>3</hdop>
        <extensions>
          <osmand:speed>0.9</osmand:speed>
        </extensions>
      </trkpt>
      <trkpt lat="61.7694565" lon="34.4133484">
        <ele>56.2</ele>
        <time>2026-09-16T11:57:36Z</time>
        <hdop>3</hdop>
        <extensions>
          <osmand:speed>1.1</osmand:speed>
        </extensions>
      </trkpt>
      <trkpt lat="61.7694372" lon="34.4133527">
        <ele>93.5</ele>
        <time>2026-09-16T11:57:38Z</time>
        <hdop>3</hdop>
        <extensions>
          <osmand:speed>1.1</osmand:speed>
        </extensions>
      </trkpt>
      <trkpt lat="61.7694137" lon="34.413363">
        <ele>93.5</ele>
        <time>2026-09-16T11:57:40Z</time>
        <hdop>3</hdop>
        <extensions>
          <osmand:speed>1.1</osmand:speed>
        </extensions>
      </trkpt>
      <trkpt lat="61.7693906" lon="34.4133606">
        <ele>93.5</ele>
        <time>2026-09-16T11:57:42Z</time>
        <hdop>3</hdop>
        <extensions>
          <osmand:speed>1.2</osmand:speed>
        </extensions>
      </trkpt>
      <trkpt lat="61.7693694" lon="34.4133591">
        <ele>93.5</ele>
        <time>2026-09-16T11:57:44Z</time>
        <hdop>3</hdop>
        <extensions>
          <osmand:speed>1.1</osmand:speed>
        </extensions>
      </trkpt>
      <trkpt lat="61.7693512" lon="34.4133555">
        <ele>93.5</ele>
        <time>2026-09-16T11:57:45Z</time>
        <hdop>3</hdop>
        <extensions>
          <osmand:speed>1.2</osmand:speed>
        </extensions>
      </trkpt>
      <trkpt lat="61.7693309" lon="34.4133473">
        <ele>95.5</ele>
        <time>2026-09-16T11:57:47Z</time>
        <hdop>3</hdop>
        <extensions>
          <osmand:speed>1.2</osmand:speed>
        </extensions>
      </trkpt>
      <trkpt lat="61.7693113" lon="34.4133304">
        <ele>93.5</ele>
        <time>2026-09-16T11:57:49Z</time>
        <hdop>3.1</hdop>
        <extensions>
          <osmand:speed>1.3</osmand:speed>
        </extensions>
      </trkpt>
      <trkpt lat="61.7692932" lon="34.4133257">
        <ele>93.5</ele>
        <time>2026-09-16T11:57:50Z</time>
        <hdop>3.1</hdop>
        <extensions>
          <osmand:speed>1.2</osmand:speed>
        </extensions>
      </trkpt>
      <trkpt lat="61.7692751" lon="34.4133355">
        <ele>93.5</ele>
        <time>2026-09-16T11:57:52Z</time>
        <hdop>3.2</hdop>
        <extensions>
          <osmand:speed>1.1</osmand:speed>
        </extensions>
      </trkpt>
      <trkpt lat="61.7692546" lon="34.4133641">
        <ele>93.5</ele>
        <time>2026-09-16T11:57:55Z</time>
        <hdop>3.2</hdop>
        <extensions>
          <osmand:speed>1</osmand:speed>
        </extensions>
      </trkpt>
      <trkpt lat="61.7692413" lon="34.4133962">
        <ele>93.5</ele>
        <time>2026-09-16T11:57:57Z</time>
        <hdop>3.1</hdop>
        <extensions>
          <osmand:speed>1</osmand:speed>
        </extensions>
      </trkpt>
      <trkpt lat="61.7692303" lon="34.4134277">
        <ele>94.5</ele>
        <time>2026-09-16T11:57:59Z</time>
        <hdop>3.1</hdop>
        <extensions>
          <osmand:speed>1</osmand:speed>
        </extensions>
      </trkpt>
      <trkpt lat="61.7692244" lon="34.4134702">
        <ele>95.5</ele>
        <time>2026-09-16T11:58:01Z</time>
        <hdop>3.1</hdop>
        <extensions>
          <osmand:speed>1.1</osmand:speed>
        </extensions>
      </trkpt>
      <trkpt lat="61.7692228" lon="34.4135096">
        <ele>94.5</ele>
        <time>2026-09-16T11:58:02Z</time>
        <hdop>3</hdop>
        <extensions>
          <osmand:speed>1.2</osmand:speed>
        </extensions>
      </trkpt>
      <trkpt lat="61.7692111" lon="34.4135433">
        <ele>95.5</ele>
        <time>2026-09-16T11:58:04Z</time>
        <hdop>3</hdop>
        <extensions>
          <osmand:speed>1.2</osmand:speed>
        </extensions>
      </trkpt>
      <trkpt lat="61.7691997" lon="34.4135753">
        <ele>96.5</ele>
        <time>2026-09-16T11:58:06Z</time>
        <hdop>3</hdop>
        <extensions>
          <osmand:speed>1.1</osmand:speed>
        </extensions>
      </trkpt>
      <trkpt lat="61.7691824" lon="34.413602">
        <ele>97.5</ele>
        <time>2026-09-16T11:58:09Z</time>
        <hdop>3</hdop>
        <extensions>
          <osmand:speed>1</osmand:speed>
        </extensions>
      </trkpt>
      <trkpt lat="61.7691638" lon="34.4136086">
        <ele>98.5</ele>
        <time>2026-09-16T11:58:11Z</time>
        <hdop>3</hdop>
        <extensions>
          <osmand:speed>0.9</osmand:speed>
        </extensions>
      </trkpt>
      <trkpt lat="61.7691454" lon="34.413603">
        <ele>99.5</ele>
        <time>2026-09-16T11:58:16Z</time>
        <hdop>3</hdop>
        <extensions>
          <osmand:speed>0.9</osmand:speed>
        </extensions>
      </trkpt>
      <trkpt lat="61.7691213" lon="34.4136033">
        <ele>97.5</ele>
        <time>2026-09-16T11:58:18Z</time>
        <hdop>3</hdop>
        <extensions>
          <osmand:speed>1.2</osmand:speed>
        </extensions>
      </trkpt>
      <trkpt lat="61.7691036" lon="34.4136194">
        <ele>99.5</ele>
        <time>2026-09-16T11:58:20Z</time>
        <hdop>3</hdop>
        <extensions>
          <osmand:speed>1.2</osmand:speed>
        </extensions>
      </trkpt>
      <trkpt lat="61.7690872" lon="34.4136379">
        <ele>98.5</ele>
        <time>2026-09-16T11:58:22Z</time>
        <hdop>3</hdop>
        <extensions>
          <osmand:speed>1.2</osmand:speed>
        </extensions>
      </trkpt>
      <trkpt lat="61.7690721" lon="34.41366">
        <ele>98.5</ele>
        <time>2026-09-16T11:58:23Z</time>
        <hdop>3</hdop>
        <extensions>
          <osmand:speed>1.3</osmand:speed>
        </extensions>
      </trkpt>
      <trkpt lat="61.7690469" lon="34.4136704">
        <ele>96.5</ele>
        <time>2026-09-16T11:58:25Z</time>
        <hdop>3</hdop>
        <extensions>
          <osmand:speed>1.3</osmand:speed>
        </extensions>
      </trkpt>
      <trkpt lat="61.7690267" lon="34.4136674">
        <ele>94.5</ele>
        <time>2026-09-16T11:58:26Z</time>
        <hdop>3</hdop>
        <extensions>
          <osmand:speed>1.2</osmand:speed>
        </extensions>
      </trkpt>
      <trkpt lat="61.7690041" lon="34.4136693">
        <ele>95.5</ele>
        <time>2026-09-16T11:58:28Z</time>
        <hdop>3.1</hdop>
        <extensions>
          <osmand:speed>1.2</osmand:speed>
        </extensions>
      </trkpt>
      <trkpt lat="61.7689811" lon="34.4136611">
        <ele>95.5</ele>
        <time>2026-09-16T11:58:30Z</time>
        <hdop>3.2</hdop>
        <extensions>
          <osmand:speed>1.2</osmand:speed>
        </extensions>
      </trkpt>
      <trkpt lat="61.7689605" lon="34.4136704">
        <ele>99.5</ele>
        <time>2026-09-16T11:58:31Z</time>
        <hdop>3.2</hdop>
        <extensions>
          <osmand:speed>1.1</osmand:speed>
        </extensions>
      </trkpt>
      <trkpt lat="61.7689407" lon="34.413685">
        <ele>99.5</ele>
        <time>2026-09-16T11:58:33Z</time>
        <hdop>3.1</hdop>
        <extensions>
          <osmand:speed>1</osmand:speed>
        </extensions>
      </trkpt>
      <trkpt lat="61.7689203" lon="34.4136918">
        <ele>100.5</ele>
        <time>2026-09-16T11:58:35Z</time>
        <hdop>3</hdop>
        <extensions>
          <osmand:speed>0.9</osmand:speed>
        </extensions>
      </trkpt>
      <trkpt lat="61.7689042" lon="34.4137135">
        <ele>99.5</ele>
        <time>2026-09-16T11:58:36Z</time>
        <hdop>3</hdop>
        <extensions>
          <osmand:speed>0.9</osmand:speed>
        </extensions>
      </trkpt>
      <trkpt lat="61.7688872" lon="34.4137407">
        <ele>100.5</ele>
        <time>2026-09-16T11:58:38Z</time>
        <hdop>3</hdop>
        <extensions>
          <osmand:speed>1</osmand:speed>
        </extensions>
      </trkpt>
      <trkpt lat="61.7688715" lon="34.4137635">
        <ele>100.5</ele>
        <time>2026-09-16T11:58:39Z</time>
        <hdop>3</hdop>
        <extensions>
          <osmand:speed>1</osmand:speed>
        </extensions>
      </trkpt>
      <trkpt lat="61.7688538" lon="34.413798">
        <ele>100.5</ele>
        <time>2026-09-16T11:58:41Z</time>
        <hdop>3</hdop>
        <extensions>
          <osmand:speed>1.2</osmand:speed>
        </extensions>
      </trkpt>
      <trkpt lat="61.7688422" lon="34.4138321">
        <ele>97.5</ele>
        <time>2026-09-16T11:58:43Z</time>
        <hdop>3</hdop>
        <extensions>
          <osmand:speed>1</osmand:speed>
        </extensions>
      </trkpt>
      <trkpt lat="61.76883" lon="34.4138809">
        <ele>96.5</ele>
        <time>2026-09-16T11:58:46Z</time>
        <hdop>3</hdop>
        <extensions>
          <osmand:speed>1.1</osmand:speed>
        </extensions>
      </trkpt>
      <trkpt lat="61.7688166" lon="34.4139218">
        <ele>93.5</ele>
        <time>2026-09-16T11:58:47Z</time>
        <hdop>3</hdop>
        <extensions>
          <osmand:speed>1.6</osmand:speed>
        </extensions>
      </trkpt>
      <trkpt lat="61.7688071" lon="34.413972">
        <ele>92.5</ele>
        <time>2026-09-16T11:58:49Z</time>
        <hdop>3</hdop>
        <extensions>
          <osmand:speed>1.7</osmand:speed>
        </extensions>
      </trkpt>
      <trkpt lat="61.7687959" lon="34.4140154">
        <ele>93.5</ele>
        <time>2026-09-16T11:58:50Z</time>
        <hdop>3</hdop>
        <extensions>
          <osmand:speed>1.9</osmand:speed>
        </extensions>
      </trkpt>
      <trkpt lat="61.7687743" lon="34.4140586">
        <ele>94.5</ele>
        <time>2026-09-16T11:58:51Z</time>
        <hdop>3</hdop>
        <extensions>
          <osmand:speed>2</osmand:speed>
        </extensions>
      </trkpt>
      <trkpt lat="61.7687622" lon="34.4140955">
        <ele>94.5</ele>
        <time>2026-09-16T11:58:52Z</time>
        <hdop>3</hdop>
        <extensions>
          <osmand:speed>1.5</osmand:speed>
        </extensions>
      </trkpt>
      <trkpt lat="61.7687518" lon="34.414133">
        <ele>94.5</ele>
        <time>2026-09-16T11:58:54Z</time>
        <hdop>3</hdop>
        <extensions>
          <osmand:speed>1.3</osmand:speed>
        </extensions>
      </trkpt>
      <trkpt lat="61.7687349" lon="34.4141516">
        <ele>92.5</ele>
        <time>2026-09-16T11:58:58Z</time>
        <hdop>3</hdop>
        <extensions>
          <osmand:speed>0.9</osmand:speed>
        </extensions>
      </trkpt>
      <trkpt lat="61.7687168" lon="34.4141671">
        <ele>93.5</ele>
        <time>2026-09-16T11:59:01Z</time>
        <hdop>3</hdop>
        <extensions>
          <osmand:speed>1.3</osmand:speed>
        </extensions>
      </trkpt>
      <trkpt lat="61.7687024" lon="34.4141922">
        <ele>91.5</ele>
        <time>2026-09-16T11:59:02Z</time>
        <hdop>3</hdop>
        <extensions>
          <osmand:speed>1.3</osmand:speed>
        </extensions>
      </trkpt>
      <trkpt lat="61.7686881" lon="34.4142186">
        <ele>91.5</ele>
        <time>2026-09-16T11:59:04Z</time>
        <hdop>3</hdop>
        <extensions>
          <osmand:speed>1.3</osmand:speed>
        </extensions>
      </trkpt>
      <trkpt lat="61.7686716" lon="34.4142401">
        <ele>91.5</ele>
        <time>2026-09-16T11:59:06Z</time>
        <hdop>3</hdop>
        <extensions>
          <osmand:speed>1.2</osmand:speed>
        </extensions>
      </trkpt>
      <trkpt lat="61.7686614" lon="34.4142758">
        <ele>92.5</ele>
        <time>2026-09-16T11:59:08Z</time>
        <hdop>3</hdop>
        <extensions>
          <osmand:speed>1.1</osmand:speed>
        </extensions>
      </trkpt>
      <trkpt lat="61.7686512" lon="34.4143102">
        <ele>67.5</ele>
        <time>2026-09-16T11:59:09Z</time>
        <hdop>3</hdop>
        <extensions>
          <osmand:speed>1.3</osmand:speed>
        </extensions>
      </trkpt>
      <trkpt lat="61.768638" lon="34.414348">
        <ele>67.5</ele>
        <time>2026-09-16T11:59:11Z</time>
        <hdop>3</hdop>
        <extensions>
          <osmand:speed>1.3</osmand:speed>
        </extensions>
      </trkpt>
      <trkpt lat="61.7686241" lon="34.4143738">
        <ele>67.5</ele>
        <time>2026-09-16T11:59:12Z</time>
        <hdop>3</hdop>
        <extensions>
          <osmand:speed>1.3</osmand:speed>
        </extensions>
      </trkpt>
      <trkpt lat="61.7686067" lon="34.4143953">
        <ele>67.5</ele>
        <time>2026-09-16T11:59:14Z</time>
        <hdop>3</hdop>
        <extensions>
          <osmand:speed>1.4</osmand:speed>
        </extensions>
      </trkpt>
      <trkpt lat="61.7685943" lon="34.4144319">
        <ele>67.5</ele>
        <time>2026-09-16T11:59:15Z</time>
        <hdop>3</hdop>
        <extensions>
          <osmand:speed>1.2</osmand:speed>
        </extensions>
      </trkpt>
      <trkpt lat="61.7685828" lon="34.414468">
        <ele>67.5</ele>
        <time>2026-09-16T11:59:17Z</time>
        <hdop>3</hdop>
        <extensions>
          <osmand:speed>1.1</osmand:speed>
        </extensions>
      </trkpt>
      <trkpt lat="61.7685625" lon="34.4144761">
        <ele>67.5</ele>
        <time>2026-09-16T11:59:20Z</time>
        <hdop>3</hdop>
        <extensions>
          <osmand:speed>0.8</osmand:speed>
        </extensions>
      </trkpt>
      <trkpt lat="61.7685458" lon="34.4144446">
        <ele>67.5</ele>
        <time>2026-09-16T11:59:22Z</time>
        <hdop>3</hdop>
        <extensions>
          <osmand:speed>0.9</osmand:speed>
        </extensions>
      </trkpt>
      <trkpt lat="61.7685298" lon="34.4144217">
        <ele>68.3</ele>
        <time>2026-09-16T11:59:24Z</time>
        <hdop>3</hdop>
        <extensions>
          <osmand:speed>1</osmand:speed>
        </extensions>
      </trkpt>
      <trkpt lat="61.7685091" lon="34.4144175">
        <ele>68.3</ele>
        <time>2026-09-16T11:59:26Z</time>
        <hdop>3</hdop>
        <extensions>
          <osmand:speed>1.1</osmand:speed>
        </extensions>
      </trkpt>
      <trkpt lat="61.7684886" lon="34.4144296">
        <ele>68.3</ele>
        <time>2026-09-16T11:59:28Z</time>
        <hdop>3</hdop>
        <extensions>
          <osmand:speed>1.1</osmand:speed>
        </extensions>
      </trkpt>
      <trkpt lat="61.7684697" lon="34.4144577">
        <ele>90.5</ele>
        <time>2026-09-16T11:59:30Z</time>
        <hdop>3</hdop>
        <extensions>
          <osmand:speed>1.1</osmand:speed>
        </extensions>
      </trkpt>
      <trkpt lat="61.7684571" lon="34.4144976">
        <ele>90.5</ele>
        <time>2026-09-16T11:59:32Z</time>
        <hdop>3</hdop>
        <extensions>
          <osmand:speed>1.1</osmand:speed>
        </extensions>
      </trkpt>
      <trkpt lat="61.7684473" lon="34.414541">
        <ele>90.5</ele>
        <time>2026-09-16T11:59:33Z</time>
        <hdop>3</hdop>
        <extensions>
          <osmand:speed>1.5</osmand:speed>
        </extensions>
      </trkpt>
      <trkpt lat="61.7684273" lon="34.4145882">
        <ele>90.5</ele>
        <time>2026-09-16T11:59:35Z</time>
        <hdop>3</hdop>
        <extensions>
          <osmand:speed>1.6</osmand:speed>
        </extensions>
      </trkpt>
      <trkpt lat="61.7684041" lon="34.4146176">
        <ele>91.5</ele>
        <time>2026-09-16T11:59:36Z</time>
        <hdop>3</hdop>
        <extensions>
          <osmand:speed>1.8</osmand:speed>
        </extensions>
      </trkpt>
      <trkpt lat="61.7683866" lon="34.4146446">
        <ele>91.5</ele>
        <time>2026-09-16T11:59:37Z</time>
        <hdop>3.1</hdop>
        <extensions>
          <osmand:speed>1.6</osmand:speed>
        </extensions>
      </trkpt>
      <trkpt lat="61.7683585" lon="34.4146809">
        <ele>90.5</ele>
        <time>2026-09-16T11:59:39Z</time>
        <hdop>3.1</hdop>
        <extensions>
          <osmand:speed>1.6</osmand:speed>
        </extensions>
      </trkpt>
      <trkpt lat="61.7683467" lon="34.4147161">
        <ele>91.5</ele>
        <time>2026-09-16T11:59:40Z</time>
        <hdop>3.1</hdop>
        <extensions>
          <osmand:speed>1.8</osmand:speed>
        </extensions>
      </trkpt>
      <trkpt lat="61.7683277" lon="34.4147489">
        <ele>91.5</ele>
        <time>2026-09-16T11:59:41Z</time>
        <hdop>3.1</hdop>
        <extensions>
          <osmand:speed>2</osmand:speed>
        </extensions>
      </trkpt>
      <trkpt lat="61.7682957" lon="34.4148088">
        <ele>91.5</ele>
        <time>2026-09-16T11:59:43Z</time>
        <hdop>3</hdop>
        <extensions>
          <osmand:speed>2</osmand:speed>
        </extensions>
      </trkpt>
      <trkpt lat="61.7682699" lon="34.4148444">
        <ele>89.5</ele>
        <time>2026-09-16T11:59:44Z</time>
        <hdop>3</hdop>
        <extensions>
          <osmand:speed>2</osmand:speed>
        </extensions>
      </trkpt>
      <trkpt lat="61.7682386" lon="34.4148824">
        <ele>89.5</ele>
        <time>2026-09-16T11:59:45Z</time>
        <hdop>3</hdop>
        <extensions>
          <osmand:speed>2.2</osmand:speed>
        </extensions>
      </trkpt>
      <trkpt lat="61.7682186" lon="34.4149111">
        <ele>89.5</ele>
        <time>2026-09-16T11:59:46Z</time>
        <hdop>3.1</hdop>
        <extensions>
          <osmand:speed>2.1</osmand:speed>
        </extensions>
      </trkpt>
      <trkpt lat="61.7681748" lon="34.4149605">
        <ele>88.5</ele>
        <time>2026-09-16T11:59:48Z</time>
        <hdop>3.1</hdop>
        <extensions>
          <osmand:speed>2.1</osmand:speed>
        </extensions>
      </trkpt>
      <trkpt lat="61.7681381" lon="34.4150136">
        <ele>89.5</ele>
        <time>2026-09-16T11:59:50Z</time>
        <hdop>3.1</hdop>
        <extensions>
          <osmand:speed>2.2</osmand:speed>
        </extensions>
      </trkpt>
      <trkpt lat="61.7681018" lon="34.4150816">
        <ele>90.5</ele>
        <time>2026-09-16T11:59:52Z</time>
        <hdop>3.2</hdop>
        <extensions>
          <osmand:speed>2.8</osmand:speed>
        </extensions>
      </trkpt>
      <trkpt lat="61.7680612" lon="34.4151536">
        <ele>89.5</ele>
        <time>2026-09-16T11:59:54Z</time>
        <hdop>3.2</hdop>
        <extensions>
          <osmand:speed>2.5</osmand:speed>
        </extensions>
      </trkpt>
      <trkpt lat="61.7680428" lon="34.41518">
        <ele>89.5</ele>
        <time>2026-09-16T11:59:55Z</time>
        <hdop>3.2</hdop>
        <extensions>
          <osmand:speed>2.2</osmand:speed>
        </extensions>
      </trkpt>
      <trkpt lat="61.7680263" lon="34.4151968">
        <ele>89.5</ele>
        <time>2026-09-16T11:59:56Z</time>
        <hdop>3.2</hdop>
        <extensions>
          <osmand:speed>1.7</osmand:speed>
        </extensions>
      </trkpt>
      <trkpt lat="61.7680001" lon="34.415228">
        <ele>89.5</ele>
        <time>2026-09-16T11:59:58Z</time>
        <hdop>3.2</hdop>
        <extensions>
          <osmand:speed>1.9</osmand:speed>
        </extensions>
      </trkpt>
      <trkpt lat="61.7679794" lon="34.415266">
        <ele>88.5</ele>
        <time>2026-09-16T12:00:00Z</time>
        <hdop>3.2</hdop>
        <extensions>
          <osmand:speed>1.5</osmand:speed>
        </extensions>
      </trkpt>
      <trkpt lat="61.7679632" lon="34.4153121">
        <ele>88.5</ele>
        <time>2026-09-16T12:00:02Z</time>
        <hdop>3.2</hdop>
        <extensions>
          <osmand:speed>1.7</osmand:speed>
        </extensions>
      </trkpt>
      <trkpt lat="61.767936" lon="34.4153789">
        <ele>87.5</ele>
        <time>2026-09-16T12:00:04Z</time>
        <hdop>3.2</hdop>
        <extensions>
          <osmand:speed>2.2</osmand:speed>
        </extensions>
      </trkpt>
      <trkpt lat="61.7679132" lon="34.4154203">
        <ele>86.5</ele>
        <time>2026-09-16T12:00:06Z</time>
        <hdop>3.2</hdop>
        <extensions>
          <osmand:speed>1.1</osmand:speed>
        </extensions>
      </trkpt>
      <trkpt lat="61.7678956" lon="34.4154388">
        <ele>85.5</ele>
        <time>2026-09-16T12:00:09Z</time>
        <hdop>3.2</hdop>
        <extensions>
          <osmand:speed>0.8</osmand:speed>
        </extensions>
      </trkpt>
      <trkpt lat="61.7678668" lon="34.4154419">
        <ele>86.5</ele>
        <time>2026-09-16T12:00:11Z</time>
        <hdop>3.6</hdop>
        <extensions>
          <osmand:speed>1.2</osmand:speed>
        </extensions>
      </trkpt>
      <trkpt lat="61.767848" lon="34.4154451">
        <ele>85.5</ele>
        <time>2026-09-16T12:00:14Z</time>
        <hdop>4.1</hdop>
      </trkpt>
      <trkpt lat="61.7678285" lon="34.4154704">
        <ele>84.5</ele>
        <time>2026-09-16T12:00:16Z</time>
        <hdop>4.8</hdop>
        <extensions>
          <osmand:speed>1.4</osmand:speed>
        </extensions>
      </trkpt>
      <trkpt lat="61.7678002" lon="34.4155355">
        <ele>87.5</ele>
        <time>2026-09-16T12:00:18Z</time>
        <hdop>4.9</hdop>
        <extensions>
          <osmand:speed>2.4</osmand:speed>
        </extensions>
      </trkpt>
      <trkpt lat="61.7677759" lon="34.4155944">
        <ele>86.5</ele>
        <time>2026-09-16T12:00:20Z</time>
        <hdop>5.2</hdop>
        <extensions>
          <osmand:speed>2.1</osmand:speed>
        </extensions>
      </trkpt>
      <trkpt lat="61.7677504" lon="34.4156419">
        <ele>87.5</ele>
        <time>2026-09-16T12:00:22Z</time>
        <hdop>5</hdop>
        <extensions>
          <osmand:speed>2.1</osmand:speed>
        </extensions>
      </trkpt>
      <trkpt lat="61.7677187" lon="34.4156801">
        <ele>88.5</ele>
        <time>2026-09-16T12:00:24Z</time>
        <hdop>4.9</hdop>
        <extensions>
          <osmand:speed>2.2</osmand:speed>
        </extensions>
      </trkpt>
      <trkpt lat="61.7676832" lon="34.4157167">
        <ele>90.5</ele>
        <time>2026-09-16T12:00:26Z</time>
        <hdop>4.5</hdop>
        <extensions>
          <osmand:speed>2.1</osmand:speed>
        </extensions>
      </trkpt>
      <trkpt lat="61.7676539" lon="34.4157399">
        <ele>92.5</ele>
        <time>2026-09-16T12:00:28Z</time>
        <hdop>3.9</hdop>
        <extensions>
          <osmand:speed>1.6</osmand:speed>
        </extensions>
      </trkpt>
      <trkpt lat="61.7676173" lon="34.4157837">
        <ele>54.9</ele>
        <time>2026-09-16T12:00:31Z</time>
        <hdop>4.5</hdop>
        <extensions>
          <osmand:speed>1.6</osmand:speed>
        </extensions>
      </trkpt>
      <trkpt lat="61.7675816" lon="34.4158033">
        <ele>54.9</ele>
        <time>2026-09-16T12:00:33Z</time>
        <hdop>4.5</hdop>
        <extensions>
          <osmand:speed>1.5</osmand:speed>
        </extensions>
      </trkpt>
      <trkpt lat="61.7675527" lon="34.4158214">
        <ele>54.9</ele>
        <time>2026-09-16T12:00:35Z</time>
        <hdop>4.1</hdop>
        <extensions>
          <osmand:speed>1.2</osmand:speed>
        </extensions>
      </trkpt>
      <trkpt lat="61.7675337" lon="34.4158311">
        <ele>54.9</ele>
        <time>2026-09-16T12:00:36Z</time>
        <hdop>4.1</hdop>
        <extensions>
          <osmand:speed>2.3</osmand:speed>
        </extensions>
      </trkpt>
      <trkpt lat="61.7674952" lon="34.4158598">
        <ele>54.9</ele>
        <time>2026-09-16T12:00:38Z</time>
        <hdop>4.3</hdop>
        <extensions>
          <osmand:speed>1.8</osmand:speed>
        </extensions>
      </trkpt>
      <trkpt lat="61.7674639" lon="34.4159061">
        <ele>54.9</ele>
        <time>2026-09-16T12:00:40Z</time>
        <hdop>4.3</hdop>
        <extensions>
          <osmand:speed>2.5</osmand:speed>
        </extensions>
      </trkpt>
      <trkpt lat="61.7674314" lon="34.4159543">
        <ele>96.5</ele>
        <time>2026-09-16T12:00:42Z</time>
        <hdop>4.6</hdop>
        <extensions>
          <osmand:speed>1.5</osmand:speed>
        </extensions>
      </trkpt>
      <trkpt lat="61.7674117" lon="34.4159686">
        <ele>98.5</ele>
        <time>2026-09-16T12:00:45Z</time>
        <hdop>4.7</hdop>
        <extensions>
          <osmand:speed>0.8</osmand:speed>
        </extensions>
      </trkpt>
      <trkpt lat="61.7673954" lon="34.4159898">
        <ele>98.5</ele>
        <time>2026-09-16T12:00:48Z</time>
        <hdop>4.5</hdop>
        <extensions>
          <osmand:speed>0.3</osmand:speed>
        </extensions>
      </trkpt>
      <trkpt lat="61.7673683" lon="34.4159898">
        <ele>98.5</ele>
        <time>2026-09-16T12:00:50Z</time>
        <hdop>4.3</hdop>
        <extensions>
          <osmand:speed>1</osmand:speed>
        </extensions>
      </trkpt>
      <trkpt lat="61.7673426" lon="34.4159942">
        <ele>98.5</ele>
        <time>2026-09-16T12:00:52Z</time>
        <hdop>4.3</hdop>
        <extensions>
          <osmand:speed>0.7</osmand:speed>
        </extensions>
      </trkpt>
      <trkpt lat="61.7673232" lon="34.4160047">
        <ele>100.5</ele>
        <time>2026-09-16T12:00:54Z</time>
        <hdop>4.9</hdop>
        <extensions>
          <osmand:speed>0.8</osmand:speed>
        </extensions>
      </trkpt>
      <trkpt lat="61.7673014" lon="34.4160117">
        <ele>98.5</ele>
        <time>2026-09-16T12:00:56Z</time>
        <hdop>4.8</hdop>
        <extensions>
          <osmand:speed>1.3</osmand:speed>
        </extensions>
      </trkpt>
      <trkpt lat="61.7672803" lon="34.4160372">
        <ele>99.5</ele>
        <time>2026-09-16T12:00:59Z</time>
        <hdop>4.3</hdop>
        <extensions>
          <osmand:speed>1.1</osmand:speed>
        </extensions>
      </trkpt>
      <trkpt lat="61.7672646" lon="34.4160628">
        <ele>99.5</ele>
        <time>2026-09-16T12:01:01Z</time>
        <hdop>4.9</hdop>
        <extensions>
          <osmand:speed>0.4</osmand:speed>
        </extensions>
      </trkpt>
      <trkpt lat="61.7672457" lon="34.4160619">
        <ele>99.5</ele>
        <time>2026-09-16T12:01:03Z</time>
        <hdop>4.9</hdop>
        <extensions>
          <osmand:speed>0.9</osmand:speed>
        </extensions>
      </trkpt>
      <trkpt lat="61.7672291" lon="34.4160461">
        <ele>100.5</ele>
        <time>2026-09-16T12:01:06Z</time>
        <hdop>4.5</hdop>
        <extensions>
          <osmand:speed>0.5</osmand:speed>
        </extensions>
      </trkpt>
      <trkpt lat="61.7672096" lon="34.4160581">
        <ele>97.5</ele>
        <time>2026-09-16T12:01:10Z</time>
        <hdop>4.5</hdop>
        <extensions>
          <osmand:speed>1.9</osmand:speed>
        </extensions>
      </trkpt>
      <trkpt lat="61.767173" lon="34.4160928">
        <ele>92.5</ele>
        <time>2026-09-16T12:01:12Z</time>
        <hdop>4.1</hdop>
        <extensions>
          <osmand:speed>1.7</osmand:speed>
        </extensions>
      </trkpt>
      <trkpt lat="61.7671545" lon="34.4161021">
        <ele>92.5</ele>
        <time>2026-09-16T12:01:13Z</time>
        <hdop>3.9</hdop>
        <extensions>
          <osmand:speed>1.7</osmand:speed>
        </extensions>
      </trkpt>
      <trkpt lat="61.7671234" lon="34.4161119">
        <ele>92.5</ele>
        <time>2026-09-16T12:01:15Z</time>
        <hdop>3.8</hdop>
        <extensions>
          <osmand:speed>1.1</osmand:speed>
        </extensions>
      </trkpt>
      <trkpt lat="61.7670905" lon="34.4161327">
        <ele>92.5</ele>
        <time>2026-09-16T12:01:17Z</time>
        <hdop>3.8</hdop>
        <extensions>
          <osmand:speed>1.7</osmand:speed>
        </extensions>
      </trkpt>
      <trkpt lat="61.7670671" lon="34.4161527">
        <ele>92.5</ele>
        <time>2026-09-16T12:01:19Z</time>
        <hdop>4.6</hdop>
        <extensions>
          <osmand:speed>0.9</osmand:speed>
        </extensions>
      </trkpt>
      <trkpt lat="61.7670418" lon="34.4161705">
        <ele>93.5</ele>
        <time>2026-09-16T12:01:21Z</time>
        <hdop>4.6</hdop>
        <extensions>
          <osmand:speed>1.4</osmand:speed>
        </extensions>
      </trkpt>
      <trkpt lat="61.7670142" lon="34.4161796">
        <ele>92.5</ele>
        <time>2026-09-16T12:01:23Z</time>
        <hdop>4.6</hdop>
        <extensions>
          <osmand:speed>0.8</osmand:speed>
        </extensions>
      </trkpt>
      <trkpt lat="61.7669898" lon="34.4161926">
        <ele>91.5</ele>
        <time>2026-09-16T12:01:25Z</time>
        <hdop>4.3</hdop>
        <extensions>
          <osmand:speed>1.2</osmand:speed>
        </extensions>
      </trkpt>
      <trkpt lat="61.7669651" lon="34.4162119">
        <ele>92.5</ele>
        <time>2026-09-16T12:01:27Z</time>
        <hdop>4.3</hdop>
        <extensions>
          <osmand:speed>1.1</osmand:speed>
        </extensions>
      </trkpt>
      <trkpt lat="61.7669421" lon="34.4162115">
        <ele>92.5</ele>
        <time>2026-09-16T12:01:29Z</time>
        <hdop>4.3</hdop>
        <extensions>
          <osmand:speed>1.2</osmand:speed>
        </extensions>
      </trkpt>
      <trkpt lat="61.7669153" lon="34.4161951">
        <ele>91.5</ele>
        <time>2026-09-16T12:01:31Z</time>
        <hdop>4.1</hdop>
        <extensions>
          <osmand:speed>0.9</osmand:speed>
        </extensions>
      </trkpt>
      <trkpt lat="61.766892" lon="34.4161895">
        <ele>90.5</ele>
        <time>2026-09-16T12:01:33Z</time>
        <hdop>4.1</hdop>
        <extensions>
          <osmand:speed>1</osmand:speed>
        </extensions>
      </trkpt>
      <trkpt lat="61.7668637" lon="34.4161956">
        <ele>89.5</ele>
        <time>2026-09-16T12:01:35Z</time>
        <hdop>4.1</hdop>
        <extensions>
          <osmand:speed>0.9</osmand:speed>
        </extensions>
      </trkpt>
      <trkpt lat="61.7668285" lon="34.4162092">
        <ele>89.5</ele>
        <time>2026-09-16T12:01:37Z</time>
        <hdop>4.3</hdop>
        <extensions>
          <osmand:speed>1.5</osmand:speed>
        </extensions>
      </trkpt>
      <trkpt lat="61.7668027" lon="34.416218">
        <ele>89.5</ele>
        <time>2026-09-16T12:01:39Z</time>
        <hdop>4.3</hdop>
        <extensions>
          <osmand:speed>0.7</osmand:speed>
        </extensions>
      </trkpt>
      <trkpt lat="61.7667821" lon="34.4162177">
        <ele>89.5</ele>
        <time>2026-09-16T12:01:41Z</time>
        <hdop>4.1</hdop>
        <extensions>
          <osmand:speed>1.1</osmand:speed>
        </extensions>
      </trkpt>
      <trkpt lat="61.7667632" lon="34.4162081">
        <ele>89.5</ele>
        <time>2026-09-16T12:01:43Z</time>
        <hdop>3.6</hdop>
        <extensions>
          <osmand:speed>1.1</osmand:speed>
        </extensions>
      </trkpt>
      <trkpt lat="61.7667451" lon="34.41622">
        <ele>85.5</ele>
        <time>2026-09-16T12:01:45Z</time>
        <hdop>3.2</hdop>
        <extensions>
          <osmand:speed>1.2</osmand:speed>
        </extensions>
      </trkpt>
      <trkpt lat="61.7667251" lon="34.4162002">
        <ele>84.5</ele>
        <time>2026-09-16T12:01:47Z</time>
        <hdop>3.1</hdop>
        <extensions>
          <osmand:speed>1.2</osmand:speed>
        </extensions>
      </trkpt>
      <trkpt lat="61.7667077" lon="34.4161866">
        <ele>84.5</ele>
        <time>2026-09-16T12:01:55Z</time>
        <hdop>3</hdop>
        <extensions>
          <osmand:speed>0</osmand:speed>
        </extensions>
      </trkpt>
      <trkpt lat="61.7666893" lon="34.4161854">
        <ele>84.5</ele>
        <time>2026-09-16T12:02:08Z</time>
        <hdop>3</hdop>
        <extensions>
          <osmand:speed>0.5</osmand:speed>
        </extensions>
      </trkpt>
      <trkpt lat="61.7666732" lon="34.4162095">
        <ele>84.5</ele>
        <time>2026-09-16T12:02:10Z</time>
        <hdop>3</hdop>
        <extensions>
          <osmand:speed>0.8</osmand:speed>
        </extensions>
      </trkpt>
      <trkpt lat="61.7666335" lon="34.4162303">
        <ele>83.5</ele>
        <time>2026-09-16T12:02:11Z</time>
        <hdop>3.1</hdop>
        <extensions>
          <osmand:speed>1.5</osmand:speed>
        </extensions>
      </trkpt>
      <trkpt lat="61.7665868" lon="34.4162487">
        <ele>84.5</ele>
        <time>2026-09-16T12:02:13Z</time>
        <hdop>3.1</hdop>
        <extensions>
          <osmand:speed>1.8</osmand:speed>
        </extensions>
      </trkpt>
      <trkpt lat="61.7665621" lon="34.4162631">
        <ele>82.5</ele>
        <time>2026-09-16T12:02:14Z</time>
        <hdop>3.1</hdop>
        <extensions>
          <osmand:speed>1.9</osmand:speed>
        </extensions>
      </trkpt>
      <trkpt lat="61.7665312" lon="34.4162733">
        <ele>84.5</ele>
        <time>2026-09-16T12:02:15Z</time>
        <hdop>3.1</hdop>
        <extensions>
          <osmand:speed>1.9</osmand:speed>
        </extensions>
      </trkpt>
      <trkpt lat="61.7664941" lon="34.4162696">
        <ele>86.5</ele>
        <time>2026-09-16T12:02:17Z</time>
        <hdop>3.2</hdop>
        <extensions>
          <osmand:speed>2.2</osmand:speed>
        </extensions>
      </trkpt>
      <trkpt lat="61.7664486" lon="34.416278">
        <ele>91.5</ele>
        <time>2026-09-16T12:02:18Z</time>
        <hdop>3.3</hdop>
        <extensions>
          <osmand:speed>2.1</osmand:speed>
        </extensions>
      </trkpt>
      <trkpt lat="61.7664291" lon="34.4162908">
        <ele>91.5</ele>
        <time>2026-09-16T12:02:19Z</time>
        <hdop>3.6</hdop>
        <extensions>
          <osmand:speed>1.8</osmand:speed>
        </extensions>
      </trkpt>
      <trkpt lat="61.766412" lon="34.4163066">
        <ele>91.5</ele>
        <time>2026-09-16T12:02:20Z</time>
        <hdop>3.9</hdop>
        <extensions>
          <osmand:speed>1.8</osmand:speed>
        </extensions>
      </trkpt>
      <trkpt lat="61.7663952" lon="34.4163418">
        <ele>91.5</ele>
        <time>2026-09-16T12:02:21Z</time>
        <hdop>4.2</hdop>
        <extensions>
          <osmand:speed>1.7</osmand:speed>
        </extensions>
      </trkpt>
      <trkpt lat="61.7663747" lon="34.4163754">
        <ele>54.9</ele>
        <time>2026-09-16T12:02:22Z</time>
        <hdop>4.2</hdop>
        <extensions>
          <osmand:speed>1.7</osmand:speed>
        </extensions>
      </trkpt>
      <trkpt lat="61.7663217" lon="34.4164372">
        <ele>54.9</ele>
        <time>2026-09-16T12:02:24Z</time>
        <hdop>4.7</hdop>
        <extensions>
          <osmand:speed>1.5</osmand:speed>
        </extensions>
      </trkpt>
      <trkpt lat="61.7662798" lon="34.4164221">
        <ele>54.9</ele>
        <time>2026-09-16T12:02:26Z</time>
        <hdop>5.5</hdop>
        <extensions>
          <osmand:speed>2.1</osmand:speed>
        </extensions>
      </trkpt>
      <trkpt lat="61.7662529" lon="34.416424">
        <ele>88.5</ele>
        <time>2026-09-16T12:02:28Z</time>
        <hdop>6.6</hdop>
        <extensions>
          <osmand:speed>0.5</osmand:speed>
        </extensions>
      </trkpt>
      <trkpt lat="61.7662183" lon="34.4164212">
        <ele>83.5</ele>
        <time>2026-09-16T12:02:30Z</time>
        <hdop>5.8</hdop>
        <extensions>
          <osmand:speed>1.5</osmand:speed>
        </extensions>
      </trkpt>
      <trkpt lat="61.7661824" lon="34.4164364">
        <ele>84.5</ele>
        <time>2026-09-16T12:02:32Z</time>
        <hdop>5.7</hdop>
        <extensions>
          <osmand:speed>1.5</osmand:speed>
        </extensions>
      </trkpt>
      <trkpt lat="61.7661525" lon="34.4164655">
        <ele>85.5</ele>
        <time>2026-09-16T12:02:34Z</time>
        <hdop>5.5</hdop>
        <extensions>
          <osmand:speed>0.6</osmand:speed>
        </extensions>
      </trkpt>
      <trkpt lat="61.7661258" lon="34.4165163">
        <ele>86.5</ele>
        <time>2026-09-16T12:02:36Z</time>
        <hdop>5.7</hdop>
        <extensions>
          <osmand:speed>1.7</osmand:speed>
        </extensions>
      </trkpt>
      <trkpt lat="61.7661092" lon="34.4165474">
        <ele>86.5</ele>
        <time>2026-09-16T12:02:37Z</time>
        <hdop>5.7</hdop>
        <extensions>
          <osmand:speed>2.1</osmand:speed>
        </extensions>
      </trkpt>
      <trkpt lat="61.7660922" lon="34.4165876">
        <ele>54.9</ele>
        <time>2026-09-16T12:02:38Z</time>
        <hdop>6</hdop>
        <extensions>
          <osmand:speed>2.5</osmand:speed>
        </extensions>
      </trkpt>
      <trkpt lat="61.766073" lon="34.4166322">
        <ele>54.9</ele>
        <time>2026-09-16T12:02:39Z</time>
        <hdop>6.4</hdop>
        <extensions>
          <osmand:speed>2.2</osmand:speed>
        </extensions>
      </trkpt>
      <trkpt lat="61.7660315" lon="34.4167271">
        <ele>54.9</ele>
        <time>2026-09-16T12:02:41Z</time>
        <hdop>7.1</hdop>
        <extensions>
          <osmand:speed>2.5</osmand:speed>
        </extensions>
      </trkpt>
      <trkpt lat="61.7659923" lon="34.4168046">
        <ele>88.5</ele>
        <time>2026-09-16T12:02:43Z</time>
        <hdop>7</hdop>
        <extensions>
          <osmand:speed>1.7</osmand:speed>
        </extensions>
      </trkpt>
      <trkpt lat="61.7659706" lon="34.4168448">
        <ele>89.5</ele>
        <time>2026-09-16T12:02:44Z</time>
        <hdop>7</hdop>
        <extensions>
          <osmand:speed>2.3</osmand:speed>
        </extensions>
      </trkpt>
      <trkpt lat="61.7659304" lon="34.416924">
        <ele>88.5</ele>
        <time>2026-09-16T12:02:46Z</time>
        <hdop>6.2</hdop>
        <extensions>
          <osmand:speed>1</osmand:speed>
        </extensions>
      </trkpt>
      <trkpt lat="61.7659104" lon="34.4169959">
        <ele>86.5</ele>
        <time>2026-09-16T12:02:48Z</time>
        <hdop>5.5</hdop>
        <extensions>
          <osmand:speed>1.8</osmand:speed>
        </extensions>
      </trkpt>
      <trkpt lat="61.7659014" lon="34.4170474">
        <ele>86.5</ele>
        <time>2026-09-16T12:02:50Z</time>
        <hdop>4.1</hdop>
        <extensions>
          <osmand:speed>0.6</osmand:speed>
        </extensions>
      </trkpt>
      <trkpt lat="61.7658915" lon="34.4170815">
        <ele>84.5</ele>
        <time>2026-09-16T12:02:53Z</time>
        <hdop>3.4</hdop>
        <extensions>
          <osmand:speed>0.4</osmand:speed>
        </extensions>
      </trkpt>
      <trkpt lat="61.7658668" lon="34.4170612">
        <ele>87.5</ele>
        <time>2026-09-16T12:02:57Z</time>
        <hdop>4.3</hdop>
        <extensions>
          <osmand:speed>0.7</osmand:speed>
        </extensions>
      </trkpt>
      <trkpt lat="61.7658433" lon="34.4170643">
        <ele>90.9</ele>
        <time>2026-09-16T12:02:59Z</time>
        <hdop>4.9</hdop>
        <extensions>
          <osmand:speed>0.8</osmand:speed>
        </extensions>
      </trkpt>
      <trkpt lat="61.7658189" lon="34.4170832">
        <ele>90.9</ele>
        <time>2026-09-16T12:03:01Z</time>
        <hdop>4.9</hdop>
        <extensions>
          <osmand:speed>1</osmand:speed>
        </extensions>
      </trkpt>
      <trkpt lat="61.7657941" lon="34.4171001">
        <ele>90.9</ele>
        <time>2026-09-16T12:03:03Z</time>
        <hdop>4.9</hdop>
        <extensions>
          <osmand:speed>0.8</osmand:speed>
        </extensions>
      </trkpt>
      <trkpt lat="61.7657667" lon="34.4171077">
        <ele>90.9</ele>
        <time>2026-09-16T12:03:05Z</time>
        <hdop>4.5</hdop>
        <extensions>
          <osmand:speed>0.4</osmand:speed>
        </extensions>
      </trkpt>
      <trkpt lat="61.7657481" lon="34.4171174">
        <ele>90.9</ele>
        <time>2026-09-16T12:03:07Z</time>
        <hdop>4.5</hdop>
        <extensions>
          <osmand:speed>0.8</osmand:speed>
        </extensions>
      </trkpt>
      <trkpt lat="61.7657262" lon="34.4171047">
        <ele>90.9</ele>
        <time>2026-09-16T12:03:09Z</time>
        <hdop>3.7</hdop>
        <extensions>
          <osmand:speed>1.3</osmand:speed>
        </extensions>
      </trkpt>
      <trkpt lat="61.7657083" lon="34.4171332">
        <ele>90.9</ele>
        <time>2026-09-16T12:03:11Z</time>
        <hdop>3.3</hdop>
        <extensions>
          <osmand:speed>1.3</osmand:speed>
        </extensions>
      </trkpt>
      <trkpt lat="61.7656954" lon="34.4171746">
        <ele>90.9</ele>
        <time>2026-09-16T12:03:12Z</time>
        <hdop>3.2</hdop>
        <extensions>
          <osmand:speed>1.4</osmand:speed>
        </extensions>
      </trkpt>
      <trkpt lat="61.7656811" lon="34.4172101">
        <ele>90.9</ele>
        <time>2026-09-16T12:03:14Z</time>
        <hdop>3.2</hdop>
        <extensions>
          <osmand:speed>1.3</osmand:speed>
        </extensions>
      </trkpt>
      <trkpt lat="61.765665" lon="34.4172366">
        <ele>90.9</ele>
        <time>2026-09-16T12:03:16Z</time>
        <hdop>3.2</hdop>
        <extensions>
          <osmand:speed>1.2</osmand:speed>
        </extensions>
      </trkpt>
      <trkpt lat="61.7656433" lon="34.4172464">
        <ele>90.9</ele>
        <time>2026-09-16T12:03:20Z</time>
        <hdop>3.2</hdop>
        <extensions>
          <osmand:speed>1.2</osmand:speed>
        </extensions>
      </trkpt>
      <trkpt lat="61.7656275" lon="34.41727">
        <ele>90.9</ele>
        <time>2026-09-16T12:03:22Z</time>
        <hdop>3.3</hdop>
        <extensions>
          <osmand:speed>1.3</osmand:speed>
        </extensions>
      </trkpt>
      <trkpt lat="61.7656085" lon="34.4172854">
        <ele>90.9</ele>
        <time>2026-09-16T12:03:23Z</time>
        <hdop>3.4</hdop>
        <extensions>
          <osmand:speed>1.4</osmand:speed>
        </extensions>
      </trkpt>
      <trkpt lat="61.7655883" lon="34.4172792">
        <ele>90.9</ele>
        <time>2026-09-16T12:03:25Z</time>
        <hdop>3.7</hdop>
        <extensions>
          <osmand:speed>1.4</osmand:speed>
        </extensions>
      </trkpt>
      <trkpt lat="61.7655707" lon="34.4172478">
        <ele>87.5</ele>
        <time>2026-09-16T12:03:26Z</time>
        <hdop>3.8</hdop>
        <extensions>
          <osmand:speed>1.4</osmand:speed>
        </extensions>
      </trkpt>
      <trkpt lat="61.7655584" lon="34.4172167">
        <ele>87.5</ele>
        <time>2026-09-16T12:03:27Z</time>
        <hdop>3.8</hdop>
        <extensions>
          <osmand:speed>1.4</osmand:speed>
        </extensions>
      </trkpt>
      <trkpt lat="61.7655397" lon="34.4171987">
        <ele>88.5</ele>
        <time>2026-09-16T12:03:29Z</time>
        <hdop>3.8</hdop>
        <extensions>
          <osmand:speed>1.3</osmand:speed>
        </extensions>
      </trkpt>
      <trkpt lat="61.7655189" lon="34.417196">
        <ele>88.5</ele>
        <time>2026-09-16T12:03:30Z</time>
        <hdop>3.7</hdop>
        <extensions>
          <osmand:speed>1.2</osmand:speed>
        </extensions>
      </trkpt>
      <trkpt lat="61.7655002" lon="34.4171979">
        <ele>86.5</ele>
        <time>2026-09-16T12:03:31Z</time>
        <hdop>3.6</hdop>
        <extensions>
          <osmand:speed>1.3</osmand:speed>
        </extensions>
      </trkpt>
      <trkpt lat="61.765476" lon="34.4171969">
        <ele>86.5</ele>
        <time>2026-09-16T12:03:33Z</time>
        <hdop>3.5</hdop>
        <extensions>
          <osmand:speed>1.3</osmand:speed>
        </extensions>
      </trkpt>
      <trkpt lat="61.7654561" lon="34.4171982">
        <ele>85.5</ele>
        <time>2026-09-16T12:03:34Z</time>
        <hdop>3.5</hdop>
        <extensions>
          <osmand:speed>1.2</osmand:speed>
        </extensions>
      </trkpt>
      <trkpt lat="61.7654358" lon="34.4171947">
        <ele>86.5</ele>
        <time>2026-09-16T12:03:36Z</time>
        <hdop>3.5</hdop>
        <extensions>
          <osmand:speed>0.8</osmand:speed>
        </extensions>
      </trkpt>
      <trkpt lat="61.7654251" lon="34.4172317">
        <ele>85.5</ele>
        <time>2026-09-16T12:03:39Z</time>
        <hdop>3.1</hdop>
        <extensions>
          <osmand:speed>0.8</osmand:speed>
        </extensions>
      </trkpt>
      <trkpt lat="61.7654261" lon="34.4172746">
        <ele>85.5</ele>
        <time>2026-09-16T12:03:41Z</time>
        <hdop>3</hdop>
        <extensions>
          <osmand:speed>0.6</osmand:speed>
        </extensions>
      </trkpt>
      <trkpt lat="61.7654544" lon="34.4173285">
        <ele>83.5</ele>
        <time>2026-09-16T12:03:44Z</time>
        <hdop>3.8</hdop>
        <extensions>
          <osmand:speed>1.4</osmand:speed>
        </extensions>
      </trkpt>
      <trkpt lat="61.7654902" lon="34.4173682">
        <ele>83.5</ele>
        <time>2026-09-16T12:03:45Z</time>
        <hdop>4</hdop>
        <extensions>
          <osmand:speed>1.8</osmand:speed>
        </extensions>
      </trkpt>
      <trkpt lat="61.7655105" lon="34.4173773">
        <ele>84.5</ele>
        <time>2026-09-16T12:03:46Z</time>
        <hdop>4.3</hdop>
        <extensions>
          <osmand:speed>1.7</osmand:speed>
        </extensions>
      </trkpt>
      <trkpt lat="61.7655257" lon="34.4173541">
        <ele>83.5</ele>
        <time>2026-09-16T12:03:48Z</time>
        <hdop>4.6</hdop>
        <extensions>
          <osmand:speed>1.7</osmand:speed>
        </extensions>
      </trkpt>
      <trkpt lat="61.7655266" lon="34.4173141">
        <ele>82.5</ele>
        <time>2026-09-16T12:03:49Z</time>
        <hdop>4.9</hdop>
        <extensions>
          <osmand:speed>1.6</osmand:speed>
        </extensions>
      </trkpt>
      <trkpt lat="61.7655204" lon="34.4173707">
        <ele>82.5</ele>
        <time>2026-09-16T12:03:50Z</time>
        <hdop>4.6</hdop>
        <extensions>
          <osmand:speed>1.5</osmand:speed>
        </extensions>
      </trkpt>
      <trkpt lat="61.765499" lon="34.4173602">
        <ele>82.5</ele>
        <time>2026-09-16T12:03:52Z</time>
        <hdop>4</hdop>
        <extensions>
          <osmand:speed>1.9</osmand:speed>
        </extensions>
      </trkpt>
      <trkpt lat="61.7654708" lon="34.4173232">
        <ele>83.5</ele>
        <time>2026-09-16T12:03:54Z</time>
        <hdop>3.2</hdop>
        <extensions>
          <osmand:speed>1.9</osmand:speed>
        </extensions>
      </trkpt>
      <trkpt lat="61.7654379" lon="34.4172768">
        <ele>85.5</ele>
        <time>2026-09-16T12:03:55Z</time>
        <hdop>3</hdop>
        <extensions>
          <osmand:speed>2.3</osmand:speed>
        </extensions>
      </trkpt>
      <trkpt lat="61.7653837" lon="34.417193">
        <ele>82.5</ele>
        <time>2026-09-16T12:03:57Z</time>
        <hdop>3.1</hdop>
        <extensions>
          <osmand:speed>2.8</osmand:speed>
        </extensions>
      </trkpt>
      <trkpt lat="61.7653641" lon="34.4171481">
        <ele>83.5</ele>
        <time>2026-09-16T12:03:58Z</time>
        <hdop>3.2</hdop>
        <extensions>
          <osmand:speed>3</osmand:speed>
        </extensions>
      </trkpt>
      <trkpt lat="61.765342" lon="34.4171051">
        <ele>84.5</ele>
        <time>2026-09-16T12:03:59Z</time>
        <hdop>3.2</hdop>
        <extensions>
          <osmand:speed>2.9</osmand:speed>
        </extensions>
      </trkpt>
      <trkpt lat="61.7652997" lon="34.4170181">
        <ele>83.5</ele>
        <time>2026-09-16T12:04:01Z</time>
        <hdop>3.6</hdop>
        <extensions>
          <osmand:speed>3.2</osmand:speed>
        </extensions>
      </trkpt>
      <trkpt lat="61.7652787" lon="34.416973">
        <ele>84.5</ele>
        <time>2026-09-16T12:04:02Z</time>
        <hdop>3.4</hdop>
        <extensions>
          <osmand:speed>2.9</osmand:speed>
        </extensions>
      </trkpt>
      <trkpt lat="61.765199" lon="34.4167844">
        <ele>89.5</ele>
        <time>2026-09-16T12:04:07Z</time>
        <hdop>3.2</hdop>
        <extensions>
          <osmand:speed>2.9</osmand:speed>
        </extensions>
      </trkpt>
      <trkpt lat="61.7651842" lon="34.4167441">
        <ele>89.5</ele>
        <time>2026-09-16T12:04:08Z</time>
        <hdop>3.8</hdop>
        <extensions>
          <osmand:speed>2.8</osmand:speed>
        </extensions>
      </trkpt>
      <trkpt lat="61.7651724" lon="34.4167051">
        <ele>90.5</ele>
        <time>2026-09-16T12:04:09Z</time>
        <hdop>3.6</hdop>
        <extensions>
          <osmand:speed>2.7</osmand:speed>
        </extensions>
      </trkpt>
      <trkpt lat="61.7651462" lon="34.4166175">
        <ele>90.5</ele>
        <time>2026-09-16T12:04:11Z</time>
        <hdop>3.4</hdop>
        <extensions>
          <osmand:speed>2.4</osmand:speed>
        </extensions>
      </trkpt>
      <trkpt lat="61.7651168" lon="34.4165364">
        <ele>88.5</ele>
        <time>2026-09-16T12:04:13Z</time>
        <hdop>3.8</hdop>
        <extensions>
          <osmand:speed>2.5</osmand:speed>
        </extensions>
      </trkpt>
      <trkpt lat="61.7650998" lon="34.4164945">
        <ele>88.5</ele>
        <time>2026-09-16T12:04:14Z</time>
        <hdop>3.8</hdop>
        <extensions>
          <osmand:speed>2.3</osmand:speed>
        </extensions>
      </trkpt>
      <trkpt lat="61.7650769" lon="34.4164214">
        <ele>86.5</ele>
        <time>2026-09-16T12:04:16Z</time>
        <hdop>4.8</hdop>
        <extensions>
          <osmand:speed>2.1</osmand:speed>
        </extensions>
      </trkpt>
      <trkpt lat="61.7650558" lon="34.4163485">
        <ele>86.5</ele>
        <time>2026-09-16T12:04:18Z</time>
        <hdop>4.6</hdop>
        <extensions>
          <osmand:speed>2.4</osmand:speed>
        </extensions>
      </trkpt>
      <trkpt lat="61.7650421" lon="34.4163193">
        <ele>86.5</ele>
        <time>2026-09-16T12:04:19Z</time>
        <hdop>4.5</hdop>
        <extensions>
          <osmand:speed>2.2</osmand:speed>
        </extensions>
      </trkpt>
      <trkpt lat="61.7650295" lon="34.4162874">
        <ele>86.5</ele>
        <time>2026-09-16T12:04:20Z</time>
        <hdop>3.4</hdop>
        <extensions>
          <osmand:speed>2.2</osmand:speed>
        </extensions>
      </trkpt>
      <trkpt lat="61.7650051" lon="34.4162182">
        <ele>86.5</ele>
        <time>2026-09-16T12:04:22Z</time>
        <hdop>3.4</hdop>
        <extensions>
          <osmand:speed>2.4</osmand:speed>
        </extensions>
      </trkpt>
      <trkpt lat="61.7649865" lon="34.4161346">
        <ele>86.5</ele>
        <time>2026-09-16T12:04:24Z</time>
        <hdop>3.4</hdop>
        <extensions>
          <osmand:speed>2.5</osmand:speed>
        </extensions>
      </trkpt>
      <trkpt lat="61.7649705" lon="34.4160454">
        <ele>85.8</ele>
        <time>2026-09-16T12:04:26Z</time>
        <hdop>4.6</hdop>
        <extensions>
          <osmand:speed>2.5</osmand:speed>
        </extensions>
      </trkpt>
      <trkpt lat="61.7649613" lon="34.4159991">
        <ele>85.8</ele>
        <time>2026-09-16T12:04:27Z</time>
        <hdop>4.9</hdop>
        <extensions>
          <osmand:speed>2.8</osmand:speed>
        </extensions>
      </trkpt>
      <trkpt lat="61.7649448" lon="34.4159022">
        <ele>85.8</ele>
        <time>2026-09-16T12:04:29Z</time>
        <hdop>4.8</hdop>
        <extensions>
          <osmand:speed>2.6</osmand:speed>
        </extensions>
      </trkpt>
      <trkpt lat="61.7649382" lon="34.4158523">
        <ele>85.8</ele>
        <time>2026-09-16T12:04:30Z</time>
        <hdop>4.8</hdop>
        <extensions>
          <osmand:speed>2.7</osmand:speed>
        </extensions>
      </trkpt>
      <trkpt lat="61.7649307" lon="34.4158027">
        <ele>85.8</ele>
        <time>2026-09-16T12:04:31Z</time>
        <hdop>3.6</hdop>
        <extensions>
          <osmand:speed>2.8</osmand:speed>
        </extensions>
      </trkpt>
      <trkpt lat="61.764908" lon="34.415712">
        <ele>85.8</ele>
        <time>2026-09-16T12:04:33Z</time>
        <hdop>3.4</hdop>
        <extensions>
          <osmand:speed>2.7</osmand:speed>
        </extensions>
      </trkpt>
      <trkpt lat="61.7648783" lon="34.4156231">
        <ele>85.8</ele>
        <time>2026-09-16T12:04:35Z</time>
        <hdop>3.2</hdop>
        <extensions>
          <osmand:speed>2.9</osmand:speed>
        </extensions>
      </trkpt>
      <trkpt lat="61.7648588" lon="34.4155805">
        <ele>85.8</ele>
        <time>2026-09-16T12:04:36Z</time>
        <hdop>3.2</hdop>
        <extensions>
          <osmand:speed>3</osmand:speed>
        </extensions>
      </trkpt>
      <trkpt lat="61.7648201" lon="34.4154999">
        <ele>85.8</ele>
        <time>2026-09-16T12:04:38Z</time>
        <hdop>3.2</hdop>
        <extensions>
          <osmand:speed>2.8</osmand:speed>
        </extensions>
      </trkpt>
      <trkpt lat="61.7647896" lon="34.4154106">
        <ele>85.8</ele>
        <time>2026-09-16T12:04:40Z</time>
        <hdop>3.2</hdop>
        <extensions>
          <osmand:speed>2.9</osmand:speed>
        </extensions>
      </trkpt>
      <trkpt lat="61.7647635" lon="34.4153214">
        <ele>85.8</ele>
        <time>2026-09-16T12:04:42Z</time>
        <hdop>3.2</hdop>
        <extensions>
          <osmand:speed>2.8</osmand:speed>
        </extensions>
      </trkpt>
      <trkpt lat="61.7647506" lon="34.4152736">
        <ele>85.8</ele>
        <time>2026-09-16T12:04:43Z</time>
        <hdop>3.2</hdop>
        <extensions>
          <osmand:speed>2.9</osmand:speed>
        </extensions>
      </trkpt>
      <trkpt lat="61.7647272" lon="34.4151785">
        <ele>85.8</ele>
        <time>2026-09-16T12:04:45Z</time>
        <hdop>3.2</hdop>
        <extensions>
          <osmand:speed>2.7</osmand:speed>
        </extensions>
      </trkpt>
      <trkpt lat="61.7647204" lon="34.4151325">
        <ele>85.8</ele>
        <time>2026-09-16T12:04:46Z</time>
        <hdop>3.2</hdop>
        <extensions>
          <osmand:speed>2.9</osmand:speed>
        </extensions>
      </trkpt>
      <trkpt lat="61.7647069" lon="34.4150381">
        <ele>85.8</ele>
        <time>2026-09-16T12:04:48Z</time>
        <hdop>3.8</hdop>
        <extensions>
          <osmand:speed>2.6</osmand:speed>
        </extensions>
      </trkpt>
      <trkpt lat="61.7646997" lon="34.414995">
        <ele>85.8</ele>
        <time>2026-09-16T12:04:49Z</time>
        <hdop>3.9</hdop>
        <extensions>
          <osmand:speed>2.6</osmand:speed>
        </extensions>
      </trkpt>
      <trkpt lat="61.764694" lon="34.4149504">
        <ele>85.8</ele>
        <time>2026-09-16T12:04:50Z</time>
        <hdop>4.2</hdop>
        <extensions>
          <osmand:speed>2.7</osmand:speed>
        </extensions>
      </trkpt>
      <trkpt lat="61.7646872" lon="34.4149006">
        <ele>85.8</ele>
        <time>2026-09-16T12:04:51Z</time>
        <hdop>4.6</hdop>
        <extensions>
          <osmand:speed>2.9</osmand:speed>
        </extensions>
      </trkpt>
      <trkpt lat="61.7646573" lon="34.4148393">
        <ele>85.8</ele>
        <time>2026-09-16T12:04:53Z</time>
        <hdop>4.5</hdop>
        <extensions>
          <osmand:speed>3.4</osmand:speed>
        </extensions>
      </trkpt>
      <trkpt lat="61.7645938" lon="34.41485">
        <ele>85.8</ele>
        <time>2026-09-16T12:04:55Z</time>
        <hdop>4.5</hdop>
        <extensions>
          <osmand:speed>3.5</osmand:speed>
        </extensions>
      </trkpt>
      <trkpt lat="61.7645623" lon="34.414894">
        <ele>85.8</ele>
        <time>2026-09-16T12:04:56Z</time>
        <hdop>4.5</hdop>
        <extensions>
          <osmand:speed>4.1</osmand:speed>
        </extensions>
      </trkpt>
      <trkpt lat="61.7645074" lon="34.4150253">
        <ele>85.8</ele>
        <time>2026-09-16T12:04:58Z</time>
        <hdop>4.5</hdop>
        <extensions>
          <osmand:speed>4.6</osmand:speed>
        </extensions>
      </trkpt>
      <trkpt lat="61.7644811" lon="34.4151056">
        <ele>85.8</ele>
        <time>2026-09-16T12:04:59Z</time>
        <hdop>4.5</hdop>
        <extensions>
          <osmand:speed>4.9</osmand:speed>
        </extensions>
      </trkpt>
      <trkpt lat="61.7644173" lon="34.4153274">
        <ele>85.8</ele>
        <time>2026-09-16T12:05:01Z</time>
        <hdop>4.6</hdop>
        <extensions>
          <osmand:speed>5.2</osmand:speed>
        </extensions>
      </trkpt>
      <trkpt lat="61.7643793" lon="34.4153863">
        <ele>85.8</ele>
        <time>2026-09-16T12:05:02Z</time>
        <hdop>4.3</hdop>
        <extensions>
          <osmand:speed>4.9</osmand:speed>
        </extensions>
      </trkpt>
      <trkpt lat="61.7643439" lon="34.415456">
        <ele>85.8</ele>
        <time>2026-09-16T12:05:03Z</time>
        <hdop>4.1</hdop>
        <extensions>
          <osmand:speed>5.1</osmand:speed>
        </extensions>
      </trkpt>
      <trkpt lat="61.7642698" lon="34.4155968">
        <ele>85.8</ele>
        <time>2026-09-16T12:05:05Z</time>
        <hdop>3.4</hdop>
        <extensions>
          <osmand:speed>5.5</osmand:speed>
        </extensions>
      </trkpt>
      <trkpt lat="61.7642052" lon="34.4157549">
        <ele>85.8</ele>
        <time>2026-09-16T12:05:07Z</time>
        <hdop>3.2</hdop>
        <extensions>
          <osmand:speed>5.5</osmand:speed>
        </extensions>
      </trkpt>
      <trkpt lat="61.7641662" lon="34.4158411">
        <ele>85.8</ele>
        <time>2026-09-16T12:05:08Z</time>
        <hdop>3.2</hdop>
        <extensions>
          <osmand:speed>6</osmand:speed>
        </extensions>
      </trkpt>
      <trkpt lat="61.7641368" lon="34.415933">
        <ele>85.6</ele>
        <time>2026-09-16T12:05:09Z</time>
        <hdop>3.5</hdop>
        <extensions>
          <osmand:speed>6.1</osmand:speed>
        </extensions>
      </trkpt>
      <trkpt lat="61.7640559" lon="34.4160861">
        <ele>85.6</ele>
        <time>2026-09-16T12:05:11Z</time>
        <hdop>3.5</hdop>
        <extensions>
          <osmand:speed>6.1</osmand:speed>
        </extensions>
      </trkpt>
      <trkpt lat="61.7639926" lon="34.4162711">
        <ele>85.6</ele>
        <time>2026-09-16T12:05:13Z</time>
        <hdop>3.5</hdop>
        <extensions>
          <osmand:speed>6.1</osmand:speed>
        </extensions>
      </trkpt>
      <trkpt lat="61.7639536" lon="34.4163532">
        <ele>85.6</ele>
        <time>2026-09-16T12:05:14Z</time>
        <hdop>3.2</hdop>
        <extensions>
          <osmand:speed>6</osmand:speed>
        </extensions>
      </trkpt>
      <trkpt lat="61.7638894" lon="34.4165046">
        <ele>85.6</ele>
        <time>2026-09-16T12:05:16Z</time>
        <hdop>3.2</hdop>
        <extensions>
          <osmand:speed>5.7</osmand:speed>
        </extensions>
      </trkpt>
      <trkpt lat="61.7638592" lon="34.4165854">
        <ele>85.6</ele>
        <time>2026-09-16T12:05:17Z</time>
        <hdop>3.2</hdop>
        <extensions>
          <osmand:speed>5.5</osmand:speed>
        </extensions>
      </trkpt>
      <trkpt lat="61.7638272" lon="34.41666">
        <ele>85.6</ele>
        <time>2026-09-16T12:05:18Z</time>
        <hdop>3.2</hdop>
        <extensions>
          <osmand:speed>5.4</osmand:speed>
        </extensions>
      </trkpt>
      <trkpt lat="61.7637623" lon="34.4168296">
        <ele>85.6</ele>
        <time>2026-09-16T12:05:20Z</time>
        <hdop>3.2</hdop>
        <extensions>
          <osmand:speed>5.4</osmand:speed>
        </extensions>
      </trkpt>
      <trkpt lat="61.7637139" lon="34.4169774">
        <ele>85.6</ele>
        <time>2026-09-16T12:05:22Z</time>
        <hdop>3.2</hdop>
        <extensions>
          <osmand:speed>5.2</osmand:speed>
        </extensions>
      </trkpt>
      <trkpt lat="61.7636895" lon="34.4170597">
        <ele>85.6</ele>
        <time>2026-09-16T12:05:23Z</time>
        <hdop>3.2</hdop>
        <extensions>
          <osmand:speed>5.1</osmand:speed>
        </extensions>
      </trkpt>
      <trkpt lat="61.7636293" lon="34.4172127">
        <ele>85.6</ele>
        <time>2026-09-16T12:05:25Z</time>
        <hdop>3.2</hdop>
        <extensions>
          <osmand:speed>5</osmand:speed>
        </extensions>
      </trkpt>
      <trkpt lat="61.7635628" lon="34.4173575">
        <ele>85.6</ele>
        <time>2026-09-16T12:05:27Z</time>
        <hdop>3.2</hdop>
        <extensions>
          <osmand:speed>5.1</osmand:speed>
        </extensions>
      </trkpt>
      <trkpt lat="61.7635217" lon="34.4174212">
        <ele>85.6</ele>
        <time>2026-09-16T12:05:28Z</time>
        <hdop>3.2</hdop>
        <extensions>
          <osmand:speed>5.2</osmand:speed>
        </extensions>
      </trkpt>
      <trkpt lat="61.7634839" lon="34.4175935">
        <ele>85.6</ele>
        <time>2026-09-16T12:05:30Z</time>
        <hdop>3.6</hdop>
        <extensions>
          <osmand:speed>4.7</osmand:speed>
        </extensions>
      </trkpt>
      <trkpt lat="61.7634912" lon="34.4176702">
        <ele>85.6</ele>
        <time>2026-09-16T12:05:31Z</time>
        <hdop>3.8</hdop>
        <extensions>
          <osmand:speed>4.8</osmand:speed>
        </extensions>
      </trkpt>
      <trkpt lat="61.7634839" lon="34.4177522">
        <ele>85.6</ele>
        <time>2026-09-16T12:05:32Z</time>
        <hdop>3.9</hdop>
        <extensions>
          <osmand:speed>4.6</osmand:speed>
        </extensions>
      </trkpt>
      <trkpt lat="61.7634889" lon="34.417804">
        <ele>85.6</ele>
        <time>2026-09-16T12:05:33Z</time>
        <hdop>4.3</hdop>
        <extensions>
          <osmand:speed>4.1</osmand:speed>
        </extensions>
      </trkpt>
      <trkpt lat="61.7634869" lon="34.417875">
        <ele>85.6</ele>
        <time>2026-09-16T12:05:34Z</time>
        <hdop>4.3</hdop>
        <extensions>
          <osmand:speed>3.8</osmand:speed>
        </extensions>
      </trkpt>
      <trkpt lat="61.7634492" lon="34.4180631">
        <ele>85.6</ele>
        <time>2026-09-16T12:05:36Z</time>
        <hdop>4.3</hdop>
        <extensions>
          <osmand:speed>4.8</osmand:speed>
        </extensions>
      </trkpt>
      <trkpt lat="61.7634323" lon="34.4182386">
        <ele>85.6</ele>
        <time>2026-09-16T12:05:38Z</time>
        <hdop>4.1</hdop>
        <extensions>
          <osmand:speed>4.1</osmand:speed>
        </extensions>
      </trkpt>
      <trkpt lat="61.7634006" lon="34.4184153">
        <ele>85.6</ele>
        <time>2026-09-16T12:05:40Z</time>
        <hdop>4.1</hdop>
        <extensions>
          <osmand:speed>4.2</osmand:speed>
        </extensions>
      </trkpt>
      <trkpt lat="61.7634005" lon="34.4184959">
        <ele>85.6</ele>
        <time>2026-09-16T12:05:41Z</time>
        <hdop>4.5</hdop>
        <extensions>
          <osmand:speed>4.2</osmand:speed>
        </extensions>
      </trkpt>
      <trkpt lat="61.7634038" lon="34.4185651">
        <ele>85.6</ele>
        <time>2026-09-16T12:05:42Z</time>
        <hdop>5.4</hdop>
        <extensions>
          <osmand:speed>3.5</osmand:speed>
        </extensions>
      </trkpt>
      <trkpt lat="61.7634336" lon="34.4187227">
        <ele>85.6</ele>
        <time>2026-09-16T12:05:44Z</time>
        <hdop>6.4</hdop>
        <extensions>
          <osmand:speed>4.1</osmand:speed>
        </extensions>
      </trkpt>
      <trkpt lat="61.7635342" lon="34.4188867">
        <ele>85.3</ele>
        <time>2026-09-16T12:05:46Z</time>
        <hdop>7.4</hdop>
        <extensions>
          <osmand:speed>5.3</osmand:speed>
        </extensions>
      </trkpt>
      <trkpt lat="61.7635754" lon="34.4190055">
        <ele>85.3</ele>
        <time>2026-09-16T12:05:47Z</time>
        <hdop>7.4</hdop>
        <extensions>
          <osmand:speed>6.1</osmand:speed>
        </extensions>
      </trkpt>
      <trkpt lat="61.7636371" lon="34.4192118">
        <ele>85.3</ele>
        <time>2026-09-16T12:05:49Z</time>
        <hdop>7</hdop>
        <extensions>
          <osmand:speed>6.7</osmand:speed>
        </extensions>
      </trkpt>
      <trkpt lat="61.7636777" lon="34.4192884">
        <ele>85.3</ele>
        <time>2026-09-16T12:05:50Z</time>
        <hdop>6.2</hdop>
        <extensions>
          <osmand:speed>6.1</osmand:speed>
        </extensions>
      </trkpt>
      <trkpt lat="61.7636896" lon="34.4194605">
        <ele>85.3</ele>
        <time>2026-09-16T12:05:52Z</time>
        <hdop>6</hdop>
        <extensions>
          <osmand:speed>6.2</osmand:speed>
        </extensions>
      </trkpt>
      <trkpt lat="61.7637448" lon="34.4196193">
        <ele>85.3</ele>
        <time>2026-09-16T12:05:54Z</time>
        <hdop>6.2</hdop>
        <extensions>
          <osmand:speed>4.6</osmand:speed>
        </extensions>
      </trkpt>
      <trkpt lat="61.7637913" lon="34.41975">
        <ele>85.3</ele>
        <time>2026-09-16T12:05:56Z</time>
        <hdop>6.3</hdop>
        <extensions>
          <osmand:speed>3.8</osmand:speed>
        </extensions>
      </trkpt>
      <trkpt lat="61.7638088" lon="34.4197975">
        <ele>85</ele>
        <time>2026-09-16T12:05:57Z</time>
        <hdop>6.1</hdop>
        <extensions>
          <osmand:speed>3.1</osmand:speed>
        </extensions>
      </trkpt>
      <trkpt lat="61.763839" lon="34.4198887">
        <ele>85</ele>
        <time>2026-09-16T12:05:59Z</time>
        <hdop>5.7</hdop>
        <extensions>
          <osmand:speed>2.2</osmand:speed>
        </extensions>
      </trkpt>
      <trkpt lat="61.7638588" lon="34.419919">
        <ele>85</ele>
        <time>2026-09-16T12:06:00Z</time>
        <hdop>5.4</hdop>
        <extensions>
          <osmand:speed>2.3</osmand:speed>
        </extensions>
      </trkpt>
      <trkpt lat="61.7638697" lon="34.4199625">
        <ele>85</ele>
        <time>2026-09-16T12:06:01Z</time>
        <hdop>5.4</hdop>
        <extensions>
          <osmand:speed>2.4</osmand:speed>
        </extensions>
      </trkpt>
      <trkpt lat="61.7638937" lon="34.4200184">
        <ele>85</ele>
        <time>2026-09-16T12:06:02Z</time>
        <hdop>5.4</hdop>
        <extensions>
          <osmand:speed>3.2</osmand:speed>
        </extensions>
      </trkpt>
      <trkpt lat="61.7639168" lon="34.4200652">
        <ele>85</ele>
        <time>2026-09-16T12:06:03Z</time>
        <hdop>5.1</hdop>
        <extensions>
          <osmand:speed>3</osmand:speed>
        </extensions>
      </trkpt>
      <trkpt lat="61.7639372" lon="34.4201199">
        <ele>85</ele>
        <time>2026-09-16T12:06:05Z</time>
        <hdop>4.7</hdop>
        <extensions>
          <osmand:speed>1.1</osmand:speed>
        </extensions>
      </trkpt>
      <trkpt lat="61.7639501" lon="34.4201724">
        <ele>83.5</ele>
        <time>2026-09-16T12:06:07Z</time>
        <hdop>4.4</hdop>
        <extensions>
          <osmand:speed>2.4</osmand:speed>
        </extensions>
      </trkpt>
      <trkpt lat="61.7639791" lon="34.4202475">
        <ele>83.5</ele>
        <time>2026-09-16T12:06:09Z</time>
        <hdop>4.6</hdop>
        <extensions>
          <osmand:speed>2.6</osmand:speed>
        </extensions>
      </trkpt>
      <trkpt lat="61.7639994" lon="34.4203068">
        <ele>83.5</ele>
        <time>2026-09-16T12:06:10Z</time>
        <hdop>4.8</hdop>
        <extensions>
          <osmand:speed>3.8</osmand:speed>
        </extensions>
      </trkpt>
      <trkpt lat="61.7640457" lon="34.420496">
        <ele>83.5</ele>
        <time>2026-09-16T12:06:12Z</time>
        <hdop>5</hdop>
        <extensions>
          <osmand:speed>5</osmand:speed>
        </extensions>
      </trkpt>
      <trkpt lat="61.7640838" lon="34.4206635">
        <ele>83.4</ele>
        <time>2026-09-16T12:06:14Z</time>
        <hdop>5.6</hdop>
        <extensions>
          <osmand:speed>5.1</osmand:speed>
        </extensions>
      </trkpt>
      <trkpt lat="61.7641049" lon="34.4207593">
        <ele>83.4</ele>
        <time>2026-09-16T12:06:15Z</time>
        <hdop>5.6</hdop>
        <extensions>
          <osmand:speed>4.9</osmand:speed>
        </extensions>
      </trkpt>
      <trkpt lat="61.7641699" lon="34.4209142">
        <ele>83.4</ele>
        <time>2026-09-16T12:06:17Z</time>
        <hdop>5.6</hdop>
        <extensions>
          <osmand:speed>5.3</osmand:speed>
        </extensions>
      </trkpt>
      <trkpt lat="61.7642241" lon="34.4210801">
        <ele>83.4</ele>
        <time>2026-09-16T12:06:19Z</time>
        <hdop>5.4</hdop>
        <extensions>
          <osmand:speed>5.6</osmand:speed>
        </extensions>
      </trkpt>
      <trkpt lat="61.7642524" lon="34.4211644">
        <ele>83.4</ele>
        <time>2026-09-16T12:06:20Z</time>
        <hdop>5.4</hdop>
        <extensions>
          <osmand:speed>5.4</osmand:speed>
        </extensions>
      </trkpt>
      <trkpt lat="61.7642751" lon="34.4212533">
        <ele>83.4</ele>
        <time>2026-09-16T12:06:21Z</time>
        <hdop>5.4</hdop>
        <extensions>
          <osmand:speed>5.3</osmand:speed>
        </extensions>
      </trkpt>
      <trkpt lat="61.7643751" lon="34.421452">
        <ele>83.4</ele>
        <time>2026-09-16T12:06:23Z</time>
        <hdop>5.1</hdop>
        <extensions>
          <osmand:speed>5.5</osmand:speed>
        </extensions>
      </trkpt>
      <trkpt lat="61.7644461" lon="34.4215867">
        <ele>83.4</ele>
        <time>2026-09-16T12:06:25Z</time>
        <hdop>4.8</hdop>
        <extensions>
          <osmand:speed>5.6</osmand:speed>
        </extensions>
      </trkpt>
      <trkpt lat="61.7645021" lon="34.4217709">
        <ele>83.4</ele>
        <time>2026-09-16T12:06:27Z</time>
        <hdop>4.5</hdop>
        <extensions>
          <osmand:speed>5.6</osmand:speed>
        </extensions>
      </trkpt>
      <trkpt lat="61.7645694" lon="34.4219361">
        <ele>83.4</ele>
        <time>2026-09-16T12:06:29Z</time>
        <hdop>4.3</hdop>
        <extensions>
          <osmand:speed>5.4</osmand:speed>
        </extensions>
      </trkpt>
      <trkpt lat="61.764614" lon="34.4220122">
        <ele>83.4</ele>
        <time>2026-09-16T12:06:30Z</time>
        <hdop>4.3</hdop>
        <extensions>
          <osmand:speed>5.7</osmand:speed>
        </extensions>
      </trkpt>
      <trkpt lat="61.7646712" lon="34.4221878">
        <ele>83.4</ele>
        <time>2026-09-16T12:06:32Z</time>
        <hdop>4.3</hdop>
        <extensions>
          <osmand:speed>5.8</osmand:speed>
        </extensions>
      </trkpt>
      <trkpt lat="61.7647272" lon="34.4223636">
        <ele>83.4</ele>
        <time>2026-09-16T12:06:34Z</time>
        <hdop>3.9</hdop>
        <extensions>
          <osmand:speed>6.1</osmand:speed>
        </extensions>
      </trkpt>
      <trkpt lat="61.7647962" lon="34.422549">
        <ele>81.3</ele>
        <time>2026-09-16T12:06:36Z</time>
        <hdop>4.3</hdop>
        <extensions>
          <osmand:speed>6.3</osmand:speed>
        </extensions>
      </trkpt>
      <trkpt lat="61.7648051" lon="34.422643">
        <ele>81.3</ele>
        <time>2026-09-16T12:06:37Z</time>
        <hdop>4.5</hdop>
        <extensions>
          <osmand:speed>5.9</osmand:speed>
        </extensions>
      </trkpt>
      <trkpt lat="61.7648341" lon="34.4227374">
        <ele>81.3</ele>
        <time>2026-09-16T12:06:38Z</time>
        <hdop>5</hdop>
        <extensions>
          <osmand:speed>6</osmand:speed>
        </extensions>
      </trkpt>
      <trkpt lat="61.7648934" lon="34.4229444">
        <ele>81.3</ele>
        <time>2026-09-16T12:06:40Z</time>
        <hdop>6.2</hdop>
        <extensions>
          <osmand:speed>5.6</osmand:speed>
        </extensions>
      </trkpt>
      <trkpt lat="61.7649263" lon="34.423055">
        <ele>81.3</ele>
        <time>2026-09-16T12:06:41Z</time>
        <hdop>6.4</hdop>
        <extensions>
          <osmand:speed>6.1</osmand:speed>
        </extensions>
      </trkpt>
      <trkpt lat="61.7649641" lon="34.4231851">
        <ele>81.3</ele>
        <time>2026-09-16T12:06:42Z</time>
        <hdop>6.9</hdop>
        <extensions>
          <osmand:speed>6.9</osmand:speed>
        </extensions>
      </trkpt>
      <trkpt lat="61.7650398" lon="34.4234629">
        <ele>81.3</ele>
        <time>2026-09-16T12:06:44Z</time>
        <hdop>6.8</hdop>
        <extensions>
          <osmand:speed>7.8</osmand:speed>
        </extensions>
      </trkpt>
      <trkpt lat="61.7650775" lon="34.4235951">
        <ele>81.3</ele>
        <time>2026-09-16T12:06:45Z</time>
        <hdop>6.4</hdop>
        <extensions>
          <osmand:speed>7.9</osmand:speed>
        </extensions>
      </trkpt>
      <trkpt lat="61.765145" lon="34.4238751">
        <ele>81.3</ele>
        <time>2026-09-16T12:06:47Z</time>
        <hdop>5.8</hdop>
        <extensions>
          <osmand:speed>8.1</osmand:speed>
        </extensions>
      </trkpt>
      <trkpt lat="61.7652358" lon="34.4241673">
        <ele>81.3</ele>
        <time>2026-09-16T12:06:49Z</time>
        <hdop>4.9</hdop>
        <extensions>
          <osmand:speed>8.4</osmand:speed>
        </extensions>
      </trkpt>
      <trkpt lat="61.7652927" lon="34.4244806">
        <ele>81.3</ele>
        <time>2026-09-16T12:06:51Z</time>
        <hdop>4.1</hdop>
        <extensions>
          <osmand:speed>8.8</osmand:speed>
        </extensions>
      </trkpt>
      <trkpt lat="61.7653408" lon="34.4247945">
        <ele>81.3</ele>
        <time>2026-09-16T12:06:53Z</time>
        <hdop>3.4</hdop>
        <extensions>
          <osmand:speed>9</osmand:speed>
        </extensions>
      </trkpt>
      <trkpt lat="61.7653693" lon="34.4249448">
        <ele>81.3</ele>
        <time>2026-09-16T12:06:54Z</time>
        <hdop>3.2</hdop>
        <extensions>
          <osmand:speed>8.8</osmand:speed>
        </extensions>
      </trkpt>
      <trkpt lat="61.7653928" lon="34.4252638">
        <ele>81.3</ele>
        <time>2026-09-16T12:06:56Z</time>
        <hdop>3.2</hdop>
        <extensions>
          <osmand:speed>8.4</osmand:speed>
        </extensions>
      </trkpt>
      <trkpt lat="61.7654114" lon="34.4254206">
        <ele>80.8</ele>
        <time>2026-09-16T12:06:57Z</time>
        <hdop>3.5</hdop>
        <extensions>
          <osmand:speed>7.8</osmand:speed>
        </extensions>
      </trkpt>
      <trkpt lat="61.7654461" lon="34.425674">
        <ele>80.8</ele>
        <time>2026-09-16T12:06:59Z</time>
        <hdop>3.6</hdop>
        <extensions>
          <osmand:speed>6.7</osmand:speed>
        </extensions>
      </trkpt>
      <trkpt lat="61.7654538" lon="34.4257731">
        <ele>80.8</ele>
        <time>2026-09-16T12:07:00Z</time>
        <hdop>3.9</hdop>
        <extensions>
          <osmand:speed>5.6</osmand:speed>
        </extensions>
      </trkpt>
      <trkpt lat="61.7654842" lon="34.4259694">
        <ele>80.8</ele>
        <time>2026-09-16T12:07:02Z</time>
        <hdop>4.3</hdop>
        <extensions>
          <osmand:speed>5.4</osmand:speed>
        </extensions>
      </trkpt>
      <trkpt lat="61.7654931" lon="34.4262107">
        <ele>80.8</ele>
        <time>2026-09-16T12:07:04Z</time>
        <hdop>5.4</hdop>
        <extensions>
          <osmand:speed>6.4</osmand:speed>
        </extensions>
      </trkpt>
      <trkpt lat="61.7654908" lon="34.4262887">
        <ele>80.8</ele>
        <time>2026-09-16T12:07:05Z</time>
        <hdop>5.5</hdop>
        <extensions>
          <osmand:speed>4.9</osmand:speed>
        </extensions>
      </trkpt>
      <trkpt lat="61.7655317" lon="34.4263862">
        <ele>80.8</ele>
        <time>2026-09-16T12:07:07Z</time>
        <hdop>6.4</hdop>
        <extensions>
          <osmand:speed>3.1</osmand:speed>
        </extensions>
      </trkpt>
      <trkpt lat="61.7655223" lon="34.4264544">
        <ele>80.8</ele>
        <time>2026-09-16T12:07:08Z</time>
        <hdop>6.2</hdop>
        <extensions>
          <osmand:speed>3.4</osmand:speed>
        </extensions>
      </trkpt>
      <trkpt lat="61.7655189" lon="34.4265211">
        <ele>80.8</ele>
        <time>2026-09-16T12:07:09Z</time>
        <hdop>6.2</hdop>
        <extensions>
          <osmand:speed>3.9</osmand:speed>
        </extensions>
      </trkpt>
      <trkpt lat="61.7655189" lon="34.4265948">
        <ele>80.8</ele>
        <time>2026-09-16T12:07:10Z</time>
        <hdop>6</hdop>
        <extensions>
          <osmand:speed>3.9</osmand:speed>
        </extensions>
      </trkpt>
      <trkpt lat="61.7655241" lon="34.4267355">
        <ele>80.8</ele>
        <time>2026-09-16T12:07:12Z</time>
        <hdop>4.9</hdop>
        <extensions>
          <osmand:speed>4</osmand:speed>
        </extensions>
      </trkpt>
      <trkpt lat="61.7655298" lon="34.4268191">
        <ele>80.8</ele>
        <time>2026-09-16T12:07:13Z</time>
        <hdop>4.7</hdop>
        <extensions>
          <osmand:speed>4.4</osmand:speed>
        </extensions>
      </trkpt>
      <trkpt lat="61.7655441" lon="34.4269795">
        <ele>80.8</ele>
        <time>2026-09-16T12:07:15Z</time>
        <hdop>4.1</hdop>
        <extensions>
          <osmand:speed>3.7</osmand:speed>
        </extensions>
      </trkpt>
      <trkpt lat="61.7655642" lon="34.4270484">
        <ele>80.8</ele>
        <time>2026-09-16T12:07:16Z</time>
        <hdop>3.6</hdop>
        <extensions>
          <osmand:speed>4.4</osmand:speed>
        </extensions>
      </trkpt>
      <trkpt lat="61.7656453" lon="34.4271753">
        <ele>80.8</ele>
        <time>2026-09-16T12:07:18Z</time>
        <hdop>3.6</hdop>
        <extensions>
          <osmand:speed>5.1</osmand:speed>
        </extensions>
      </trkpt>
      <trkpt lat="61.7656972" lon="34.4271347">
        <ele>68.3</ele>
        <time>2026-09-16T12:07:19Z</time>
        <hdop>3.4</hdop>
        <extensions>
          <osmand:speed>4.5</osmand:speed>
        </extensions>
      </trkpt>
      <trkpt lat="61.7657372" lon="34.427142">
        <ele>68.3</ele>
        <time>2026-09-16T12:07:20Z</time>
        <hdop>3.9</hdop>
        <extensions>
          <osmand:speed>4.5</osmand:speed>
        </extensions>
      </trkpt>
      <trkpt lat="61.7658317" lon="34.4271288">
        <ele>68.3</ele>
        <time>2026-09-16T12:07:22Z</time>
        <hdop>4.7</hdop>
        <extensions>
          <osmand:speed>3.5</osmand:speed>
        </extensions>
      </trkpt>
      <trkpt lat="61.7658508" lon="34.4271094">
        <ele>68.3</ele>
        <time>2026-09-16T12:07:26Z</time>
        <hdop>5.4</hdop>
        <extensions>
          <osmand:speed>1.6</osmand:speed>
        </extensions>
      </trkpt>
      <trkpt lat="61.7658992" lon="34.4271264">
        <ele>68.3</ele>
        <time>2026-09-16T12:07:28Z</time>
        <hdop>5.4</hdop>
        <extensions>
          <osmand:speed>1.4</osmand:speed>
        </extensions>
      </trkpt>
      <trkpt lat="61.7659273" lon="34.4271335">
        <ele>68.3</ele>
        <time>2026-09-16T12:07:30Z</time>
        <hdop>5</hdop>
        <extensions>
          <osmand:speed>0.4</osmand:speed>
        </extensions>
      </trkpt>
      <trkpt lat="61.7659328" lon="34.4270928">
        <ele>66.7</ele>
        <time>2026-09-16T12:07:35Z</time>
        <hdop>6.9</hdop>
        <extensions>
          <osmand:speed>0.3</osmand:speed>
        </extensions>
      </trkpt>
      <trkpt lat="61.7659337" lon="34.4270393">
        <ele>66.5</ele>
        <time>2026-09-16T12:07:38Z</time>
        <hdop>5.7</hdop>
      </trkpt>
      <trkpt lat="61.7659507" lon="34.4270669">
        <ele>66.5</ele>
        <time>2026-09-16T12:07:46Z</time>
        <hdop>5</hdop>
        <extensions>
          <osmand:speed>0.7</osmand:speed>
        </extensions>
      </trkpt>
      <trkpt lat="61.7659072" lon="34.4270586">
        <ele>66.5</ele>
        <time>2026-09-16T12:07:49Z</time>
        <hdop>4.7</hdop>
        <extensions>
          <osmand:speed>2.4</osmand:speed>
        </extensions>
      </trkpt>
      <trkpt lat="61.7658707" lon="34.4270649">
        <ele>66.5</ele>
        <time>2026-09-16T12:07:50Z</time>
        <hdop>4.8</hdop>
        <extensions>
          <osmand:speed>3.2</osmand:speed>
        </extensions>
      </trkpt>
      <trkpt lat="61.7658324" lon="34.4270759">
        <ele>66.4</ele>
        <time>2026-09-16T12:07:51Z</time>
        <hdop>5.5</hdop>
        <extensions>
          <osmand:speed>3.5</osmand:speed>
        </extensions>
      </trkpt>
      <trkpt lat="61.7657869" lon="34.4270993">
        <ele>66.4</ele>
        <time>2026-09-16T12:07:53Z</time>
        <hdop>5.3</hdop>
        <extensions>
          <osmand:speed>2</osmand:speed>
        </extensions>
      </trkpt>
      <trkpt lat="61.765732" lon="34.4271317">
        <ele>66.4</ele>
        <time>2026-09-16T12:07:55Z</time>
        <hdop>5.1</hdop>
        <extensions>
          <osmand:speed>3.1</osmand:speed>
        </extensions>
      </trkpt>
      <trkpt lat="61.7656774" lon="34.4272241">
        <ele>66.4</ele>
        <time>2026-09-16T12:07:57Z</time>
        <hdop>4.5</hdop>
        <extensions>
          <osmand:speed>3.5</osmand:speed>
        </extensions>
      </trkpt>
      <trkpt lat="61.7656607" lon="34.4272875">
        <ele>65.8</ele>
        <time>2026-09-16T12:07:58Z</time>
        <hdop>4.4</hdop>
      </trkpt>
      <trkpt lat="61.7656641" lon="34.4274361">
        <ele>65.8</ele>
        <time>2026-09-16T12:08:00Z</time>
        <hdop>4.4</hdop>
        <extensions>
          <osmand:speed>4</osmand:speed>
        </extensions>
      </trkpt>
      <trkpt lat="61.7656821" lon="34.42761">
        <ele>65.8</ele>
        <time>2026-09-16T12:08:02Z</time>
        <hdop>4.4</hdop>
        <extensions>
          <osmand:speed>4.7</osmand:speed>
        </extensions>
      </trkpt>
      <trkpt lat="61.7656865" lon="34.4277068">
        <ele>65.8</ele>
        <time>2026-09-16T12:08:03Z</time>
        <hdop>4.6</hdop>
        <extensions>
          <osmand:speed>4.7</osmand:speed>
        </extensions>
      </trkpt>
      <trkpt lat="61.7656891" lon="34.4279241">
        <ele>65.8</ele>
        <time>2026-09-16T12:08:05Z</time>
        <hdop>4.5</hdop>
        <extensions>
          <osmand:speed>5.2</osmand:speed>
        </extensions>
      </trkpt>
      <trkpt lat="61.7656983" lon="34.4280324">
        <ele>65.8</ele>
        <time>2026-09-16T12:08:06Z</time>
        <hdop>4.3</hdop>
        <extensions>
          <osmand:speed>5.2</osmand:speed>
        </extensions>
      </trkpt>
      <trkpt lat="61.7657008" lon="34.428235">
        <ele>65.8</ele>
        <time>2026-09-16T12:08:08Z</time>
        <hdop>3.9</hdop>
        <extensions>
          <osmand:speed>4.8</osmand:speed>
        </extensions>
      </trkpt>
      <trkpt lat="61.7657037" lon="34.4283062">
        <ele>65.8</ele>
        <time>2026-09-16T12:08:09Z</time>
        <hdop>3.4</hdop>
        <extensions>
          <osmand:speed>3.6</osmand:speed>
        </extensions>
      </trkpt>
      <trkpt lat="61.7657136" lon="34.4283709">
        <ele>65.7</ele>
        <time>2026-09-16T12:08:11Z</time>
        <hdop>4.4</hdop>
      </trkpt>
      <trkpt lat="61.7657637" lon="34.4284451">
        <ele>65.7</ele>
        <time>2026-09-16T12:08:12Z</time>
        <hdop>4.6</hdop>
        <extensions>
          <osmand:speed>3.5</osmand:speed>
        </extensions>
      </trkpt>
      <trkpt lat="61.765801" lon="34.4284777">
        <ele>65.7</ele>
        <time>2026-09-16T12:08:13Z</time>
        <hdop>4.7</hdop>
        <extensions>
          <osmand:speed>3.7</osmand:speed>
        </extensions>
      </trkpt>
      <trkpt lat="61.7658411" lon="34.4285006">
        <ele>65.7</ele>
        <time>2026-09-16T12:08:14Z</time>
        <hdop>5.1</hdop>
        <extensions>
          <osmand:speed>3.7</osmand:speed>
        </extensions>
      </trkpt>
      <trkpt lat="61.7659233" lon="34.4285133">
        <ele>65.7</ele>
        <time>2026-09-16T12:08:16Z</time>
        <hdop>4.3</hdop>
        <extensions>
          <osmand:speed>3.8</osmand:speed>
        </extensions>
      </trkpt>
      <trkpt lat="61.7659553" lon="34.4285373">
        <ele>65.7</ele>
        <time>2026-09-16T12:08:17Z</time>
        <hdop>4.3</hdop>
        <extensions>
          <osmand:speed>3.9</osmand:speed>
        </extensions>
      </trkpt>
      <trkpt lat="61.7660275" lon="34.4285607">
        <ele>65.7</ele>
        <time>2026-09-16T12:08:19Z</time>
        <hdop>4.5</hdop>
        <extensions>
          <osmand:speed>4.1</osmand:speed>
        </extensions>
      </trkpt>
      <trkpt lat="61.7661016" lon="34.4285755">
        <ele>65.7</ele>
        <time>2026-09-16T12:08:21Z</time>
        <hdop>4.9</hdop>
        <extensions>
          <osmand:speed>4</osmand:speed>
        </extensions>
      </trkpt>
      <trkpt lat="61.7661737" lon="34.4285831">
        <ele>64.6</ele>
        <time>2026-09-16T12:08:23Z</time>
        <hdop>5.7</hdop>
        <extensions>
          <osmand:speed>3.8</osmand:speed>
        </extensions>
      </trkpt>
      <trkpt lat="61.7662473" lon="34.4285803">
        <ele>64.6</ele>
        <time>2026-09-16T12:08:25Z</time>
        <hdop>6.3</hdop>
        <extensions>
          <osmand:speed>3.8</osmand:speed>
        </extensions>
      </trkpt>
      <trkpt lat="61.7662869" lon="34.4285775">
        <ele>64.6</ele>
        <time>2026-09-16T12:08:26Z</time>
        <hdop>6.3</hdop>
        <extensions>
          <osmand:speed>4.1</osmand:speed>
        </extensions>
      </trkpt>
      <trkpt lat="61.7663654" lon="34.4285897">
        <ele>64.6</ele>
        <time>2026-09-16T12:08:28Z</time>
        <hdop>5.9</hdop>
        <extensions>
          <osmand:speed>3.9</osmand:speed>
        </extensions>
      </trkpt>
      <trkpt lat="61.7664458" lon="34.4286259">
        <ele>64.6</ele>
        <time>2026-09-16T12:08:30Z</time>
        <hdop>5</hdop>
        <extensions>
          <osmand:speed>3.8</osmand:speed>
        </extensions>
      </trkpt>
      <trkpt lat="61.7664807" lon="34.4286526">
        <ele>63.7</ele>
        <time>2026-09-16T12:08:32Z</time>
        <hdop>5.2</hdop>
      </trkpt>
      <trkpt lat="61.7665404" lon="34.4286659">
        <ele>63.7</ele>
        <time>2026-09-16T12:08:33Z</time>
        <hdop>4.9</hdop>
        <extensions>
          <osmand:speed>2.6</osmand:speed>
        </extensions>
      </trkpt>
      <trkpt lat="61.7665956" lon="34.4286288">
        <ele>63.7</ele>
        <time>2026-09-16T12:08:35Z</time>
        <hdop>4.9</hdop>
        <extensions>
          <osmand:speed>3.3</osmand:speed>
        </extensions>
      </trkpt>
      <trkpt lat="61.7666532" lon="34.4285748">
        <ele>63.7</ele>
        <time>2026-09-16T12:08:37Z</time>
        <hdop>4.3</hdop>
        <extensions>
          <osmand:speed>2.5</osmand:speed>
        </extensions>
      </trkpt>
      <trkpt lat="61.7666764" lon="34.4285621">
        <ele>63.7</ele>
        <time>2026-09-16T12:08:38Z</time>
        <hdop>4.3</hdop>
        <extensions>
          <osmand:speed>2.5</osmand:speed>
        </extensions>
      </trkpt>
      <trkpt lat="61.7667279" lon="34.4285605">
        <ele>63.7</ele>
        <time>2026-09-16T12:08:40Z</time>
        <hdop>4.3</hdop>
        <extensions>
          <osmand:speed>3</osmand:speed>
        </extensions>
      </trkpt>
      <trkpt lat="61.7667595" lon="34.4285699">
        <ele>63.7</ele>
        <time>2026-09-16T12:08:41Z</time>
        <hdop>4.3</hdop>
        <extensions>
          <osmand:speed>3.6</osmand:speed>
        </extensions>
      </trkpt>
      <trkpt lat="61.7668273" lon="34.4286089">
        <ele>63.1</ele>
        <time>2026-09-16T12:08:43Z</time>
        <hdop>5.4</hdop>
        <extensions>
          <osmand:speed>3.5</osmand:speed>
        </extensions>
      </trkpt>
      <trkpt lat="61.7668946" lon="34.4286429">
        <ele>63.1</ele>
        <time>2026-09-16T12:08:45Z</time>
        <hdop>7.3</hdop>
        <extensions>
          <osmand:speed>3.6</osmand:speed>
        </extensions>
      </trkpt>
      <trkpt lat="61.7669642" lon="34.4286686">
        <ele>63.1</ele>
        <time>2026-09-16T12:08:47Z</time>
        <hdop>8.4</hdop>
        <extensions>
          <osmand:speed>3.6</osmand:speed>
        </extensions>
      </trkpt>
      <trkpt lat="61.7670022" lon="34.4286704">
        <ele>63.1</ele>
        <time>2026-09-16T12:08:48Z</time>
        <hdop>8.4</hdop>
        <extensions>
          <osmand:speed>4</osmand:speed>
        </extensions>
      </trkpt>
      <trkpt lat="61.7670384" lon="34.4286734">
        <ele>63.1</ele>
        <time>2026-09-16T12:08:49Z</time>
        <hdop>8.2</hdop>
        <extensions>
          <osmand:speed>3.8</osmand:speed>
        </extensions>
      </trkpt>
      <trkpt lat="61.7671101" lon="34.4286672">
        <ele>63.1</ele>
        <time>2026-09-16T12:08:51Z</time>
        <hdop>7</hdop>
        <extensions>
          <osmand:speed>3.8</osmand:speed>
        </extensions>
      </trkpt>
      <trkpt lat="61.7671494" lon="34.4286606">
        <ele>63.1</ele>
        <time>2026-09-16T12:08:52Z</time>
        <hdop>5.6</hdop>
        <extensions>
          <osmand:speed>4</osmand:speed>
        </extensions>
      </trkpt>
      <trkpt lat="61.7671874" lon="34.4286545">
        <ele>63.1</ele>
        <time>2026-09-16T12:08:53Z</time>
        <hdop>4.9</hdop>
        <extensions>
          <osmand:speed>3.7</osmand:speed>
        </extensions>
      </trkpt>
      <trkpt lat="61.7672611" lon="34.4286379">
        <ele>63.1</ele>
        <time>2026-09-16T12:08:55Z</time>
        <hdop>3.8</hdop>
        <extensions>
          <osmand:speed>3.9</osmand:speed>
        </extensions>
      </trkpt>
      <trkpt lat="61.7673277" lon="34.4286401">
        <ele>63.1</ele>
        <time>2026-09-16T12:08:57Z</time>
        <hdop>3.7</hdop>
        <extensions>
          <osmand:speed>3.6</osmand:speed>
        </extensions>
      </trkpt>
      <trkpt lat="61.7673577" lon="34.4286455">
        <ele>63.1</ele>
        <time>2026-09-16T12:08:58Z</time>
        <hdop>3.4</hdop>
        <extensions>
          <osmand:speed>3</osmand:speed>
        </extensions>
      </trkpt>
      <trkpt lat="61.7673853" lon="34.428653">
        <ele>63.1</ele>
        <time>2026-09-16T12:08:59Z</time>
        <hdop>3.4</hdop>
        <extensions>
          <osmand:speed>3</osmand:speed>
        </extensions>
      </trkpt>
      <trkpt lat="61.7674295" lon="34.4286634">
        <ele>63.1</ele>
        <time>2026-09-16T12:09:01Z</time>
        <hdop>3.4</hdop>
        <extensions>
          <osmand:speed>1.6</osmand:speed>
        </extensions>
      </trkpt>
      <trkpt lat="61.7674616" lon="34.4286669">
        <ele>63.1</ele>
        <time>2026-09-16T12:09:03Z</time>
        <hdop>3.6</hdop>
        <extensions>
          <osmand:speed>1.8</osmand:speed>
        </extensions>
      </trkpt>
      <trkpt lat="61.7675029" lon="34.428665">
        <ele>63.1</ele>
        <time>2026-09-16T12:09:05Z</time>
        <hdop>3.6</hdop>
        <extensions>
          <osmand:speed>2.8</osmand:speed>
        </extensions>
      </trkpt>
      <trkpt lat="61.7675329" lon="34.4286632">
        <ele>63.1</ele>
        <time>2026-09-16T12:09:06Z</time>
        <hdop>3.6</hdop>
        <extensions>
          <osmand:speed>3</osmand:speed>
        </extensions>
      </trkpt>
      <trkpt lat="61.7675976" lon="34.4286616">
        <ele>63.1</ele>
        <time>2026-09-16T12:09:08Z</time>
        <hdop>3.2</hdop>
        <extensions>
          <osmand:speed>3.7</osmand:speed>
        </extensions>
      </trkpt>
      <trkpt lat="61.767635" lon="34.4286609">
        <ele>63.1</ele>
        <time>2026-09-16T12:09:09Z</time>
        <hdop>3.2</hdop>
        <extensions>
          <osmand:speed>3.7</osmand:speed>
        </extensions>
      </trkpt>
      <trkpt lat="61.7677081" lon="34.4286527">
        <ele>63.1</ele>
        <time>2026-09-16T12:09:11Z</time>
        <hdop>3.2</hdop>
        <extensions>
          <osmand:speed>3.3</osmand:speed>
        </extensions>
      </trkpt>
      <trkpt lat="61.7677572" lon="34.42868">
        <ele>63.1</ele>
        <time>2026-09-16T12:09:13Z</time>
        <hdop>3.6</hdop>
        <extensions>
          <osmand:speed>2.1</osmand:speed>
        </extensions>
      </trkpt>
      <trkpt lat="61.7678026" lon="34.4287325">
        <ele>63.1</ele>
        <time>2026-09-16T12:09:15Z</time>
        <hdop>4.5</hdop>
        <extensions>
          <osmand:speed>2.4</osmand:speed>
        </extensions>
      </trkpt>
      <trkpt lat="61.7678659" lon="34.4287128">
        <ele>63.1</ele>
        <time>2026-09-16T12:09:17Z</time>
        <hdop>4.9</hdop>
        <extensions>
          <osmand:speed>3.3</osmand:speed>
        </extensions>
      </trkpt>
      <trkpt lat="61.7679642" lon="34.4286385">
        <ele>63.1</ele>
        <time>2026-09-16T12:09:19Z</time>
        <hdop>4.6</hdop>
        <extensions>
          <osmand:speed>4.2</osmand:speed>
        </extensions>
      </trkpt>
      <trkpt lat="61.7680401" lon="34.4285665">
        <ele>63.8</ele>
        <time>2026-09-16T12:09:21Z</time>
        <hdop>4.3</hdop>
        <extensions>
          <osmand:speed>3.4</osmand:speed>
        </extensions>
      </trkpt>
      <trkpt lat="61.7681037" lon="34.4284901">
        <ele>63.8</ele>
        <time>2026-09-16T12:09:23Z</time>
        <hdop>4</hdop>
        <extensions>
          <osmand:speed>2.5</osmand:speed>
        </extensions>
      </trkpt>
      <trkpt lat="61.7681279" lon="34.4284585">
        <ele>63.8</ele>
        <time>2026-09-16T12:09:24Z</time>
        <hdop>3.8</hdop>
        <extensions>
          <osmand:speed>2.7</osmand:speed>
        </extensions>
      </trkpt>
      <trkpt lat="61.7681777" lon="34.4283913">
        <ele>63.8</ele>
        <time>2026-09-16T12:09:26Z</time>
        <hdop>3.2</hdop>
        <extensions>
          <osmand:speed>2.9</osmand:speed>
        </extensions>
      </trkpt>
      <trkpt lat="61.7682266" lon="34.4283147">
        <ele>63.8</ele>
        <time>2026-09-16T12:09:28Z</time>
        <hdop>3.2</hdop>
        <extensions>
          <osmand:speed>2.9</osmand:speed>
        </extensions>
      </trkpt>
      <trkpt lat="61.7682483" lon="34.4282737">
        <ele>63.8</ele>
        <time>2026-09-16T12:09:29Z</time>
        <hdop>3.2</hdop>
        <extensions>
          <osmand:speed>2.9</osmand:speed>
        </extensions>
      </trkpt>
      <trkpt lat="61.7682933" lon="34.4281857">
        <ele>64</ele>
        <time>2026-09-16T12:09:31Z</time>
        <hdop>3.2</hdop>
        <extensions>
          <osmand:speed>3.1</osmand:speed>
        </extensions>
      </trkpt>
      <trkpt lat="61.7683363" lon="34.4281262">
        <ele>64</ele>
        <time>2026-09-16T12:09:33Z</time>
        <hdop>3.2</hdop>
        <extensions>
          <osmand:speed>2.5</osmand:speed>
        </extensions>
      </trkpt>
      <trkpt lat="61.7683741" lon="34.4280793">
        <ele>64</ele>
        <time>2026-09-16T12:09:35Z</time>
        <hdop>3.9</hdop>
        <extensions>
          <osmand:speed>2.4</osmand:speed>
        </extensions>
      </trkpt>
      <trkpt lat="61.7684016" lon="34.4280439">
        <ele>64</ele>
        <time>2026-09-16T12:09:36Z</time>
        <hdop>4.3</hdop>
        <extensions>
          <osmand:speed>3.4</osmand:speed>
        </extensions>
      </trkpt>
      <trkpt lat="61.7684603" lon="34.4279451">
        <ele>64</ele>
        <time>2026-09-16T12:09:38Z</time>
        <hdop>4.5</hdop>
        <extensions>
          <osmand:speed>4</osmand:speed>
        </extensions>
      </trkpt>
      <trkpt lat="61.768518" lon="34.4278371">
        <ele>64</ele>
        <time>2026-09-16T12:09:40Z</time>
        <hdop>4.5</hdop>
        <extensions>
          <osmand:speed>3.6</osmand:speed>
        </extensions>
      </trkpt>
      <trkpt lat="61.7685664" lon="34.4277323">
        <ele>64.4</ele>
        <time>2026-09-16T12:09:42Z</time>
        <hdop>4.4</hdop>
        <extensions>
          <osmand:speed>3.8</osmand:speed>
        </extensions>
      </trkpt>
      <trkpt lat="61.7685911" lon="34.4276746">
        <ele>64.4</ele>
        <time>2026-09-16T12:09:43Z</time>
        <hdop>4.2</hdop>
        <extensions>
          <osmand:speed>3.8</osmand:speed>
        </extensions>
      </trkpt>
      <trkpt lat="61.7686141" lon="34.4276223">
        <ele>64.4</ele>
        <time>2026-09-16T12:09:44Z</time>
        <hdop>4.2</hdop>
        <extensions>
          <osmand:speed>3.4</osmand:speed>
        </extensions>
      </trkpt>
      <trkpt lat="61.7686635" lon="34.427521">
        <ele>64.4</ele>
        <time>2026-09-16T12:09:46Z</time>
        <hdop>3.9</hdop>
        <extensions>
          <osmand:speed>4</osmand:speed>
        </extensions>
      </trkpt>
      <trkpt lat="61.7687178" lon="34.4274131">
        <ele>64.4</ele>
        <time>2026-09-16T12:09:48Z</time>
        <hdop>3.9</hdop>
        <extensions>
          <osmand:speed>3.9</osmand:speed>
        </extensions>
      </trkpt>
      <trkpt lat="61.7687612" lon="34.4273096">
        <ele>64.4</ele>
        <time>2026-09-16T12:09:50Z</time>
        <hdop>3.6</hdop>
        <extensions>
          <osmand:speed>3.6</osmand:speed>
        </extensions>
      </trkpt>
      <trkpt lat="61.7687816" lon="34.4272487">
        <ele>64.4</ele>
        <time>2026-09-16T12:09:51Z</time>
        <hdop>3.2</hdop>
        <extensions>
          <osmand:speed>3.9</osmand:speed>
        </extensions>
      </trkpt>
      <trkpt lat="61.7688269" lon="34.4271291">
        <ele>64.4</ele>
        <time>2026-09-16T12:09:53Z</time>
        <hdop>3.2</hdop>
        <extensions>
          <osmand:speed>4.3</osmand:speed>
        </extensions>
      </trkpt>
      <trkpt lat="61.7688808" lon="34.4270181">
        <ele>64.4</ele>
        <time>2026-09-16T12:09:55Z</time>
        <hdop>3.2</hdop>
        <extensions>
          <osmand:speed>4</osmand:speed>
        </extensions>
      </trkpt>
      <trkpt lat="61.7689277" lon="34.4269172">
        <ele>64.4</ele>
        <time>2026-09-16T12:09:57Z</time>
        <hdop>3.2</hdop>
        <extensions>
          <osmand:speed>3.4</osmand:speed>
        </extensions>
      </trkpt>
      <trkpt lat="61.7689468" lon="34.4268658">
        <ele>64.4</ele>
        <time>2026-09-16T12:09:58Z</time>
        <hdop>3.2</hdop>
        <extensions>
          <osmand:speed>3.4</osmand:speed>
        </extensions>
      </trkpt>
      <trkpt lat="61.7689894" lon="34.4267748">
        <ele>64.4</ele>
        <time>2026-09-16T12:10:00Z</time>
        <hdop>3.2</hdop>
        <extensions>
          <osmand:speed>2.9</osmand:speed>
        </extensions>
      </trkpt>
      <trkpt lat="61.76902" lon="34.42672">
        <ele>64.4</ele>
        <time>2026-09-16T12:10:02Z</time>
        <hdop>3.2</hdop>
        <extensions>
          <osmand:speed>0.7</osmand:speed>
        </extensions>
      </trkpt>
      <trkpt lat="61.7690455" lon="34.4267037">
        <ele>65.5</ele>
        <time>2026-09-16T12:10:17Z</time>
        <hdop>3.6</hdop>
        <extensions>
          <osmand:speed>2.3</osmand:speed>
        </extensions>
      </trkpt>
      <trkpt lat="61.7690771" lon="34.4266319">
        <ele>65.5</ele>
        <time>2026-09-16T12:10:19Z</time>
        <hdop>3.5</hdop>
        <extensions>
          <osmand:speed>1.8</osmand:speed>
        </extensions>
      </trkpt>
      <trkpt lat="61.769095" lon="34.4265961">
        <ele>65.5</ele>
        <time>2026-09-16T12:10:20Z</time>
        <hdop>3.5</hdop>
        <extensions>
          <osmand:speed>3.1</osmand:speed>
        </extensions>
      </trkpt>
      <trkpt lat="61.7691412" lon="34.4265147">
        <ele>65.5</ele>
        <time>2026-09-16T12:10:22Z</time>
        <hdop>3.4</hdop>
        <extensions>
          <osmand:speed>3.2</osmand:speed>
        </extensions>
      </trkpt>
      <trkpt lat="61.7691656" lon="34.4264739">
        <ele>65.5</ele>
        <time>2026-09-16T12:10:23Z</time>
        <hdop>3.4</hdop>
        <extensions>
          <osmand:speed>3.3</osmand:speed>
        </extensions>
      </trkpt>
      <trkpt lat="61.7692196" lon="34.4263841">
        <ele>65.5</ele>
        <time>2026-09-16T12:10:25Z</time>
        <hdop>3.4</hdop>
        <extensions>
          <osmand:speed>3.8</osmand:speed>
        </extensions>
      </trkpt>
      <trkpt lat="61.7692742" lon="34.4262922">
        <ele>65.5</ele>
        <time>2026-09-16T12:10:27Z</time>
        <hdop>3.2</hdop>
        <extensions>
          <osmand:speed>3.3</osmand:speed>
        </extensions>
      </trkpt>
      <trkpt lat="61.7693145" lon="34.4262034">
        <ele>65.5</ele>
        <time>2026-09-16T12:10:29Z</time>
        <hdop>3.2</hdop>
        <extensions>
          <osmand:speed>3</osmand:speed>
        </extensions>
      </trkpt>
      <trkpt lat="61.7693448" lon="34.426097">
        <ele>65.5</ele>
        <time>2026-09-16T12:10:31Z</time>
        <hdop>3.2</hdop>
        <extensions>
          <osmand:speed>3</osmand:speed>
        </extensions>
      </trkpt>
      <trkpt lat="61.769369" lon="34.4259864">
        <ele>65.5</ele>
        <time>2026-09-16T12:10:33Z</time>
        <hdop>3.4</hdop>
        <extensions>
          <osmand:speed>2.9</osmand:speed>
        </extensions>
      </trkpt>
      <trkpt lat="61.7694128" lon="34.425891">
        <ele>65.5</ele>
        <time>2026-09-16T12:10:35Z</time>
        <hdop>4.3</hdop>
        <extensions>
          <osmand:speed>3.2</osmand:speed>
        </extensions>
      </trkpt>
      <trkpt lat="61.76948" lon="34.4257955">
        <ele>65.5</ele>
        <time>2026-09-16T12:10:37Z</time>
        <hdop>4.8</hdop>
        <extensions>
          <osmand:speed>3.1</osmand:speed>
        </extensions>
      </trkpt>
      <trkpt lat="61.7695086" lon="34.4257522">
        <ele>65.5</ele>
        <time>2026-09-16T12:10:38Z</time>
        <hdop>5</hdop>
        <extensions>
          <osmand:speed>3.1</osmand:speed>
        </extensions>
      </trkpt>
      <trkpt lat="61.7695608" lon="34.4256544">
        <ele>65.5</ele>
        <time>2026-09-16T12:10:40Z</time>
        <hdop>5</hdop>
        <extensions>
          <osmand:speed>4.2</osmand:speed>
        </extensions>
      </trkpt>
      <trkpt lat="61.7696253" lon="34.4255494">
        <ele>65.5</ele>
        <time>2026-09-16T12:10:42Z</time>
        <hdop>5.4</hdop>
        <extensions>
          <osmand:speed>4.4</osmand:speed>
        </extensions>
      </trkpt>
      <trkpt lat="61.7696828" lon="34.42546">
        <ele>65.5</ele>
        <time>2026-09-16T12:10:44Z</time>
        <hdop>5.4</hdop>
        <extensions>
          <osmand:speed>3.7</osmand:speed>
        </extensions>
      </trkpt>
      <trkpt lat="61.7697475" lon="34.4253432">
        <ele>65.5</ele>
        <time>2026-09-16T12:10:46Z</time>
        <hdop>4.9</hdop>
        <extensions>
          <osmand:speed>4.3</osmand:speed>
        </extensions>
      </trkpt>
      <trkpt lat="61.7697802" lon="34.425283">
        <ele>65.5</ele>
        <time>2026-09-16T12:10:47Z</time>
        <hdop>4.9</hdop>
        <extensions>
          <osmand:speed>4.2</osmand:speed>
        </extensions>
      </trkpt>
      <trkpt lat="61.7698671" lon="34.4251285">
        <ele>65.5</ele>
        <time>2026-09-16T12:10:49Z</time>
        <hdop>4.5</hdop>
        <extensions>
          <osmand:speed>4.3</osmand:speed>
        </extensions>
      </trkpt>
      <trkpt lat="61.7699218" lon="34.4250195">
        <ele>65.5</ele>
        <time>2026-09-16T12:10:51Z</time>
        <hdop>4.2</hdop>
        <extensions>
          <osmand:speed>4.2</osmand:speed>
        </extensions>
      </trkpt>
      <trkpt lat="61.7699684" lon="34.4249508">
        <ele>65.5</ele>
        <time>2026-09-16T12:10:53Z</time>
        <hdop>3.4</hdop>
        <extensions>
          <osmand:speed>3.8</osmand:speed>
        </extensions>
      </trkpt>
      <trkpt lat="61.7699846" lon="34.4249204">
        <ele>65.4</ele>
        <time>2026-09-16T12:10:54Z</time>
        <hdop>3.2</hdop>
        <extensions>
          <osmand:speed>3.6</osmand:speed>
        </extensions>
      </trkpt>
      <trkpt lat="61.7699774" lon="34.4248257">
        <ele>65.4</ele>
        <time>2026-09-16T12:10:56Z</time>
        <hdop>3.2</hdop>
        <extensions>
          <osmand:speed>2.6</osmand:speed>
        </extensions>
      </trkpt>
      <trkpt lat="61.7699564" lon="34.424763">
        <ele>65.4</ele>
        <time>2026-09-16T12:10:58Z</time>
        <hdop>3.2</hdop>
        <extensions>
          <osmand:speed>1.8</osmand:speed>
        </extensions>
      </trkpt>
      <trkpt lat="61.7699391" lon="34.42473">
        <ele>65.4</ele>
        <time>2026-09-16T12:11:00Z</time>
        <hdop>3.2</hdop>
        <extensions>
          <osmand:speed>1.1</osmand:speed>
        </extensions>
      </trkpt>
      <trkpt lat="61.7699262" lon="34.4246756">
        <ele>65.4</ele>
        <time>2026-09-16T12:11:02Z</time>
        <hdop>3.2</hdop>
        <extensions>
          <osmand:speed>2</osmand:speed>
        </extensions>
      </trkpt>
      <trkpt lat="61.7699193" lon="34.4246397">
        <ele>65.5</ele>
        <time>2026-09-16T12:11:03Z</time>
        <hdop>3.8</hdop>
        <extensions>
          <osmand:speed>2</osmand:speed>
        </extensions>
      </trkpt>
      <trkpt lat="61.7699119" lon="34.4245726">
        <ele>65.5</ele>
        <time>2026-09-16T12:11:05Z</time>
        <hdop>3.8</hdop>
        <extensions>
          <osmand:speed>1.8</osmand:speed>
        </extensions>
      </trkpt>
      <trkpt lat="61.7699104" lon="34.4245335">
        <ele>65.5</ele>
        <time>2026-09-16T12:11:06Z</time>
        <hdop>3.9</hdop>
        <extensions>
          <osmand:speed>1.9</osmand:speed>
        </extensions>
      </trkpt>
      <trkpt lat="61.7699077" lon="34.4244645">
        <ele>65.5</ele>
        <time>2026-09-16T12:11:08Z</time>
        <hdop>3.2</hdop>
        <extensions>
          <osmand:speed>1.9</osmand:speed>
        </extensions>
      </trkpt>
      <trkpt lat="61.7699127" lon="34.424419">
        <ele>65.5</ele>
        <time>2026-09-16T12:11:10Z</time>
        <hdop>3.2</hdop>
        <extensions>
          <osmand:speed>1.3</osmand:speed>
        </extensions>
      </trkpt>
      <trkpt lat="61.7699326" lon="34.4243919">
        <ele>65.5</ele>
        <time>2026-09-16T12:11:12Z</time>
        <hdop>3.2</hdop>
        <extensions>
          <osmand:speed>1.1</osmand:speed>
        </extensions>
      </trkpt>
      <trkpt lat="61.7699601" lon="34.4243801">
        <ele>65.4</ele>
        <time>2026-09-16T12:11:14Z</time>
        <hdop>4.2</hdop>
        <extensions>
          <osmand:speed>1.8</osmand:speed>
        </extensions>
      </trkpt>
      <trkpt lat="61.7699863" lon="34.4243543">
        <ele>65.4</ele>
        <time>2026-09-16T12:11:16Z</time>
        <hdop>4.6</hdop>
        <extensions>
          <osmand:speed>1.4</osmand:speed>
        </extensions>
      </trkpt>
      <trkpt lat="61.7700032" lon="34.4243055">
        <ele>65.4</ele>
        <time>2026-09-16T12:11:18Z</time>
        <hdop>4.5</hdop>
        <extensions>
          <osmand:speed>1.6</osmand:speed>
        </extensions>
      </trkpt>
      <trkpt lat="61.7700142" lon="34.4242723">
        <ele>65.3</ele>
        <time>2026-09-16T12:11:19Z</time>
        <hdop>4.7</hdop>
      </trkpt>
      <trkpt lat="61.7700518" lon="34.4242118">
        <ele>65.3</ele>
        <time>2026-09-16T12:11:21Z</time>
        <hdop>4.8</hdop>
        <extensions>
          <osmand:speed>2.8</osmand:speed>
        </extensions>
      </trkpt>
      <trkpt lat="61.7700987" lon="34.4241665">
        <ele>65.3</ele>
        <time>2026-09-16T12:11:23Z</time>
        <hdop>5.1</hdop>
        <extensions>
          <osmand:speed>2.3</osmand:speed>
        </extensions>
      </trkpt>
      <trkpt lat="61.7701403" lon="34.4241329">
        <ele>65.3</ele>
        <time>2026-09-16T12:11:25Z</time>
        <hdop>5</hdop>
        <extensions>
          <osmand:speed>2.2</osmand:speed>
        </extensions>
      </trkpt>
      <trkpt lat="61.7701596" lon="34.4241212">
        <ele>65.3</ele>
        <time>2026-09-16T12:11:26Z</time>
        <hdop>5</hdop>
        <extensions>
          <osmand:speed>1.9</osmand:speed>
        </extensions>
      </trkpt>
      <trkpt lat="61.7701784" lon="34.4241086">
        <ele>65.3</ele>
        <time>2026-09-16T12:11:27Z</time>
        <hdop>4.7</hdop>
        <extensions>
          <osmand:speed>2.1</osmand:speed>
        </extensions>
      </trkpt>
      <trkpt lat="61.770233" lon="34.4240532">
        <ele>65.3</ele>
        <time>2026-09-16T12:11:29Z</time>
        <hdop>4.5</hdop>
        <extensions>
          <osmand:speed>3.3</osmand:speed>
        </extensions>
      </trkpt>
      <trkpt lat="61.7702609" lon="34.4240203">
        <ele>65.3</ele>
        <time>2026-09-16T12:11:30Z</time>
        <hdop>4.3</hdop>
        <extensions>
          <osmand:speed>3.2</osmand:speed>
        </extensions>
      </trkpt>
      <trkpt lat="61.7702878" lon="34.4239924">
        <ele>65.3</ele>
        <time>2026-09-16T12:11:31Z</time>
        <hdop>4.3</hdop>
        <extensions>
          <osmand:speed>2.7</osmand:speed>
        </extensions>
      </trkpt>
      <trkpt lat="61.7703224" lon="34.4239563">
        <ele>65.3</ele>
        <time>2026-09-16T12:11:33Z</time>
        <hdop>4.5</hdop>
        <extensions>
          <osmand:speed>1.6</osmand:speed>
        </extensions>
      </trkpt>
      <trkpt lat="61.7703494" lon="34.4239538">
        <ele>65.3</ele>
        <time>2026-09-16T12:11:35Z</time>
        <hdop>4.8</hdop>
        <extensions>
          <osmand:speed>1.3</osmand:speed>
        </extensions>
      </trkpt>
      <trkpt lat="61.7703853" lon="34.4239221">
        <ele>65.3</ele>
        <time>2026-09-16T12:11:37Z</time>
        <hdop>5.5</hdop>
        <extensions>
          <osmand:speed>3.1</osmand:speed>
        </extensions>
      </trkpt>
      <trkpt lat="61.7704109" lon="34.4238285">
        <ele>65.3</ele>
        <time>2026-09-16T12:11:39Z</time>
        <hdop>6.6</hdop>
        <extensions>
          <osmand:speed>2.3</osmand:speed>
        </extensions>
      </trkpt>
      <trkpt lat="61.7704135" lon="34.423778">
        <ele>65.3</ele>
        <time>2026-09-16T12:11:40Z</time>
        <hdop>6.9</hdop>
        <extensions>
          <osmand:speed>2.4</osmand:speed>
        </extensions>
      </trkpt>
      <trkpt lat="61.770414" lon="34.423726">
        <ele>65.3</ele>
        <time>2026-09-16T12:11:41Z</time>
        <hdop>7</hdop>
        <extensions>
          <osmand:speed>2.4</osmand:speed>
        </extensions>
      </trkpt>
      <trkpt lat="61.770411" lon="34.4236188">
        <ele>65.3</ele>
        <time>2026-09-16T12:11:43Z</time>
        <hdop>8</hdop>
        <extensions>
          <osmand:speed>2.2</osmand:speed>
        </extensions>
      </trkpt>
      <trkpt lat="61.7704014" lon="34.4235042">
        <ele>65.3</ele>
        <time>2026-09-16T12:11:45Z</time>
        <hdop>8.2</hdop>
        <extensions>
          <osmand:speed>2</osmand:speed>
        </extensions>
      </trkpt>
      <trkpt lat="61.7703928" lon="34.423401">
        <ele>65.3</ele>
        <time>2026-09-16T12:11:47Z</time>
        <hdop>8.8</hdop>
        <extensions>
          <osmand:speed>1.3</osmand:speed>
        </extensions>
      </trkpt>
      <trkpt lat="61.7703963" lon="34.4233496">
        <ele>65.3</ele>
        <time>2026-09-16T12:11:48Z</time>
        <hdop>8.8</hdop>
        <extensions>
          <osmand:speed>2.2</osmand:speed>
        </extensions>
      </trkpt>
      <trkpt lat="61.7704134" lon="34.423238">
        <ele>65.3</ele>
        <time>2026-09-16T12:11:50Z</time>
        <hdop>8.9</hdop>
        <extensions>
          <osmand:speed>2.7</osmand:speed>
        </extensions>
      </trkpt>
      <trkpt lat="61.7704184" lon="34.4231745">
        <ele>65.3</ele>
        <time>2026-09-16T12:11:52Z</time>
        <hdop>9.8</hdop>
      </trkpt>
      <trkpt lat="61.7704346" lon="34.423065">
        <ele>65.3</ele>
        <time>2026-09-16T12:11:53Z</time>
        <hdop>10.3</hdop>
        <extensions>
          <osmand:speed>1.8</osmand:speed>
        </extensions>
      </trkpt>
      <trkpt lat="61.7704573" lon="34.4229783">
        <ele>65.3</ele>
        <time>2026-09-16T12:11:55Z</time>
        <hdop>11.8</hdop>
        <extensions>
          <osmand:speed>2.3</osmand:speed>
        </extensions>
      </trkpt>
      <trkpt lat="61.7704687" lon="34.4228456">
        <ele>65.3</ele>
        <time>2026-09-16T12:11:57Z</time>
        <hdop>12</hdop>
        <extensions>
          <osmand:speed>2.6</osmand:speed>
        </extensions>
      </trkpt>
      <trkpt lat="61.7704668" lon="34.4227852">
        <ele>65.3</ele>
        <time>2026-09-16T12:11:58Z</time>
        <hdop>12.7</hdop>
        <extensions>
          <osmand:speed>2.6</osmand:speed>
        </extensions>
      </trkpt>
      <trkpt lat="61.7704639" lon="34.4227222">
        <ele>65.1</ele>
        <time>2026-09-16T12:11:59Z</time>
        <hdop>13.7</hdop>
        <extensions>
          <osmand:speed>2.1</osmand:speed>
        </extensions>
      </trkpt>
      <trkpt lat="61.7704651" lon="34.4226496">
        <ele>65.1</ele>
        <time>2026-09-16T12:12:00Z</time>
        <hdop>13.1</hdop>
        <extensions>
          <osmand:speed>2.9</osmand:speed>
        </extensions>
      </trkpt>
      <trkpt lat="61.7704846" lon="34.4225021">
        <ele>65.1</ele>
        <time>2026-09-16T12:12:02Z</time>
        <hdop>12.1</hdop>
        <extensions>
          <osmand:speed>3.2</osmand:speed>
        </extensions>
      </trkpt>
      <trkpt lat="61.7705014" lon="34.4224383">
        <ele>65.1</ele>
        <time>2026-09-16T12:12:03Z</time>
        <hdop>11.2</hdop>
        <extensions>
          <osmand:speed>2.9</osmand:speed>
        </extensions>
      </trkpt>
      <trkpt lat="61.770541" lon="34.4223515">
        <ele>65.1</ele>
        <time>2026-09-16T12:12:05Z</time>
        <hdop>9.3</hdop>
        <extensions>
          <osmand:speed>2.7</osmand:speed>
        </extensions>
      </trkpt>
      <trkpt lat="61.770588" lon="34.4222951">
        <ele>65.1</ele>
        <time>2026-09-16T12:12:07Z</time>
        <hdop>8.6</hdop>
        <extensions>
          <osmand:speed>2.3</osmand:speed>
        </extensions>
      </trkpt>
      <trkpt lat="61.7706125" lon="34.4222661">
        <ele>65.3</ele>
        <time>2026-09-16T12:12:09Z</time>
        <hdop>8.9</hdop>
      </trkpt>
      <trkpt lat="61.7706552" lon="34.4221791">
        <ele>65.3</ele>
        <time>2026-09-16T12:12:10Z</time>
        <hdop>8.5</hdop>
        <extensions>
          <osmand:speed>2.8</osmand:speed>
        </extensions>
      </trkpt>
      <trkpt lat="61.7706917" lon="34.4220345">
        <ele>65.3</ele>
        <time>2026-09-16T12:12:12Z</time>
        <hdop>8.2</hdop>
        <extensions>
          <osmand:speed>4.5</osmand:speed>
        </extensions>
      </trkpt>
      <trkpt lat="61.7707446" lon="34.4218342">
        <ele>65.3</ele>
        <time>2026-09-16T12:12:14Z</time>
        <hdop>6.4</hdop>
        <extensions>
          <osmand:speed>4.6</osmand:speed>
        </extensions>
      </trkpt>
      <trkpt lat="61.770775" lon="34.4216752">
        <ele>65.3</ele>
        <time>2026-09-16T12:12:16Z</time>
        <hdop>5.5</hdop>
        <extensions>
          <osmand:speed>3</osmand:speed>
        </extensions>
      </trkpt>
      <trkpt lat="61.7707842" lon="34.421607">
        <ele>65.3</ele>
        <time>2026-09-16T12:12:17Z</time>
        <hdop>4.7</hdop>
        <extensions>
          <osmand:speed>2.9</osmand:speed>
        </extensions>
      </trkpt>
      <trkpt lat="61.7707954" lon="34.4214779">
        <ele>65.3</ele>
        <time>2026-09-16T12:12:19Z</time>
        <hdop>3.9</hdop>
        <extensions>
          <osmand:speed>3.3</osmand:speed>
        </extensions>
      </trkpt>
      <trkpt lat="61.7707985" lon="34.4214158">
        <ele>65.3</ele>
        <time>2026-09-16T12:12:20Z</time>
        <hdop>3.6</hdop>
        <extensions>
          <osmand:speed>2.3</osmand:speed>
        </extensions>
      </trkpt>
      <trkpt lat="61.7707998" lon="34.4213645">
        <ele>65.3</ele>
        <time>2026-09-16T12:12:21Z</time>
        <hdop>3.4</hdop>
        <extensions>
          <osmand:speed>1.7</osmand:speed>
        </extensions>
      </trkpt>
      <trkpt lat="61.7707942" lon="34.4212749">
        <ele>65.3</ele>
        <time>2026-09-16T12:12:23Z</time>
        <hdop>3.6</hdop>
      </trkpt>
      <trkpt lat="61.7708041" lon="34.4212388">
        <ele>74.5</ele>
        <time>2026-09-16T12:12:30Z</time>
        <hdop>3.2</hdop>
      </trkpt>
      <trkpt lat="61.7708056" lon="34.4211856">
        <ele>65.3</ele>
        <time>2026-09-16T12:12:47Z</time>
        <hdop>3.2</hdop>
        <extensions>
          <osmand:speed>1.5</osmand:speed>
        </extensions>
      </trkpt>
      <trkpt lat="61.770808" lon="34.4211193">
        <ele>65.3</ele>
        <time>2026-09-16T12:12:49Z</time>
        <hdop>3.4</hdop>
        <extensions>
          <osmand:speed>2.1</osmand:speed>
        </extensions>
      </trkpt>
      <trkpt lat="61.7708047" lon="34.4210108">
        <ele>65.3</ele>
        <time>2026-09-16T12:12:51Z</time>
        <hdop>3.9</hdop>
        <extensions>
          <osmand:speed>3.3</osmand:speed>
        </extensions>
      </trkpt>
      <trkpt lat="61.7707984" lon="34.4209445">
        <ele>65.3</ele>
        <time>2026-09-16T12:12:52Z</time>
        <hdop>4.3</hdop>
        <extensions>
          <osmand:speed>2.7</osmand:speed>
        </extensions>
      </trkpt>
      <trkpt lat="61.7707832" lon="34.4208169">
        <ele>65.3</ele>
        <time>2026-09-16T12:12:54Z</time>
        <hdop>5.2</hdop>
        <extensions>
          <osmand:speed>3.1</osmand:speed>
        </extensions>
      </trkpt>
      <trkpt lat="61.7707664" lon="34.420696">
        <ele>65.3</ele>
        <time>2026-09-16T12:12:56Z</time>
        <hdop>5.8</hdop>
        <extensions>
          <osmand:speed>2.9</osmand:speed>
        </extensions>
      </trkpt>
      <trkpt lat="61.7707499" lon="34.4205887">
        <ele>65.3</ele>
        <time>2026-09-16T12:12:58Z</time>
        <hdop>6</hdop>
        <extensions>
          <osmand:speed>2</osmand:speed>
        </extensions>
      </trkpt>
      <trkpt lat="61.7707458" lon="34.4205399">
        <ele>65.3</ele>
        <time>2026-09-16T12:12:59Z</time>
        <hdop>6</hdop>
        <extensions>
          <osmand:speed>2.1</osmand:speed>
        </extensions>
      </trkpt>
      <trkpt lat="61.7707421" lon="34.4204913">
        <ele>65.3</ele>
        <time>2026-09-16T12:13:00Z</time>
        <hdop>6.2</hdop>
        <extensions>
          <osmand:speed>2.1</osmand:speed>
        </extensions>
      </trkpt>
      <trkpt lat="61.770741" lon="34.4204392">
        <ele>65.3</ele>
        <time>2026-09-16T12:13:01Z</time>
        <hdop>6.3</hdop>
        <extensions>
          <osmand:speed>2.3</osmand:speed>
        </extensions>
      </trkpt>
      <trkpt lat="61.7707441" lon="34.4203993">
        <ele>65.3</ele>
        <time>2026-09-16T12:13:02Z</time>
        <hdop>6.2</hdop>
        <extensions>
          <osmand:speed>1.6</osmand:speed>
        </extensions>
      </trkpt>
      <trkpt lat="61.770735" lon="34.4203274">
        <ele>65.3</ele>
        <time>2026-09-16T12:13:04Z</time>
        <hdop>6.1</hdop>
        <extensions>
          <osmand:speed>1.2</osmand:speed>
        </extensions>
      </trkpt>
      <trkpt lat="61.770724" lon="34.4202895">
        <ele>65.3</ele>
        <time>2026-09-16T12:13:06Z</time>
        <hdop>6.1</hdop>
        <extensions>
          <osmand:speed>0.4</osmand:speed>
        </extensions>
      </trkpt>
      <trkpt lat="61.7707017" lon="34.4202679">
        <ele>65.3</ele>
        <time>2026-09-16T12:13:08Z</time>
        <hdop>6.1</hdop>
      </trkpt>
      <trkpt lat="61.7706966" lon="34.4202239">
        <ele>65.3</ele>
        <time>2026-09-16T12:13:13Z</time>
        <hdop>6.1</hdop>
      </trkpt>
      <trkpt lat="61.7706979" lon="34.4201715">
        <ele>65.3</ele>
        <time>2026-09-16T12:13:17Z</time>
        <hdop>5.4</hdop>
      </trkpt>
      <trkpt lat="61.7706904" lon="34.4201269">
        <ele>65.3</ele>
        <time>2026-09-16T12:13:24Z</time>
        <hdop>4.1</hdop>
        <extensions>
          <osmand:speed>1.5</osmand:speed>
        </extensions>
      </trkpt>
      <trkpt lat="61.7706609" lon="34.4201158">
        <ele>65.3</ele>
        <time>2026-09-16T12:13:26Z</time>
        <hdop>3.9</hdop>
        <extensions>
          <osmand:speed>2.1</osmand:speed>
        </extensions>
      </trkpt>
      <trkpt lat="61.7706429" lon="34.420132">
        <ele>65.3</ele>
        <time>2026-09-16T12:13:27Z</time>
        <hdop>3.6</hdop>
        <extensions>
          <osmand:speed>2.2</osmand:speed>
        </extensions>
      </trkpt>
      <trkpt lat="61.7706088" lon="34.4201872">
        <ele>65.3</ele>
        <time>2026-09-16T12:13:29Z</time>
        <hdop>3.4</hdop>
        <extensions>
          <osmand:speed>2.5</osmand:speed>
        </extensions>
      </trkpt>
      <trkpt lat="61.7705919" lon="34.4202105">
        <ele>60.5</ele>
        <time>2026-09-16T12:13:30Z</time>
        <hdop>3.4</hdop>
        <extensions>
          <osmand:speed>2.2</osmand:speed>
        </extensions>
      </trkpt>
      <trkpt lat="61.7705588" lon="34.4202069">
        <ele>65.3</ele>
        <time>2026-09-16T12:13:32Z</time>
        <hdop>3.2</hdop>
        <extensions>
          <osmand:speed>1.8</osmand:speed>
        </extensions>
      </trkpt>
      <trkpt lat="61.7705293" lon="34.4201717">
        <ele>61.5</ele>
        <time>2026-09-16T12:13:34Z</time>
        <hdop>3.2</hdop>
        <extensions>
          <osmand:speed>1.8</osmand:speed>
        </extensions>
      </trkpt>
      <trkpt lat="61.7705062" lon="34.4202003">
        <ele>65.3</ele>
        <time>2026-09-16T12:13:36Z</time>
        <hdop>3.2</hdop>
        <extensions>
          <osmand:speed>2.2</osmand:speed>
        </extensions>
      </trkpt>
      <trkpt lat="61.7704946" lon="34.4202836">
        <ele>64.5</ele>
        <time>2026-09-16T12:13:38Z</time>
        <hdop>3.2</hdop>
        <extensions>
          <osmand:speed>2.4</osmand:speed>
        </extensions>
      </trkpt>
      <trkpt lat="61.7704899" lon="34.4203871">
        <ele>62.5</ele>
        <time>2026-09-16T12:13:40Z</time>
        <hdop>4.1</hdop>
        <extensions>
          <osmand:speed>2.8</osmand:speed>
        </extensions>
      </trkpt>
      <trkpt lat="61.7704886" lon="34.4204301">
        <ele>62.5</ele>
        <time>2026-09-16T12:13:41Z</time>
        <hdop>4.1</hdop>
        <extensions>
          <osmand:speed>1.8</osmand:speed>
        </extensions>
      </trkpt>
      <trkpt lat="61.7704851" lon="34.4205034">
        <ele>63.5</ele>
        <time>2026-09-16T12:13:43Z</time>
        <hdop>4.5</hdop>
        <extensions>
          <osmand:speed>2.4</osmand:speed>
        </extensions>
      </trkpt>
      <trkpt lat="61.7704905" lon="34.4205416">
        <ele>63.5</ele>
        <time>2026-09-16T12:13:45Z</time>
        <hdop>4.1</hdop>
        <extensions>
          <osmand:speed>1.4</osmand:speed>
        </extensions>
      </trkpt>
      <trkpt lat="61.770501" lon="34.4206166">
        <ele>61.5</ele>
        <time>2026-09-16T12:13:47Z</time>
        <hdop>3.9</hdop>
        <extensions>
          <osmand:speed>2.4</osmand:speed>
        </extensions>
      </trkpt>
      <trkpt lat="61.7704846" lon="34.4207098">
        <ele>62.5</ele>
        <time>2026-09-16T12:13:49Z</time>
        <hdop>3.4</hdop>
        <extensions>
          <osmand:speed>2.8</osmand:speed>
        </extensions>
      </trkpt>
      <trkpt lat="61.770456" lon="34.4207904">
        <ele>61.5</ele>
        <time>2026-09-16T12:13:51Z</time>
        <hdop>3.4</hdop>
        <extensions>
          <osmand:speed>2.8</osmand:speed>
        </extensions>
      </trkpt>
      <trkpt lat="61.7704382" lon="34.4208348">
        <ele>61.5</ele>
        <time>2026-09-16T12:13:52Z</time>
        <hdop>3.4</hdop>
        <extensions>
          <osmand:speed>2.9</osmand:speed>
        </extensions>
      </trkpt>
      <trkpt lat="61.7704013" lon="34.420919">
        <ele>61.5</ele>
        <time>2026-09-16T12:13:54Z</time>
        <hdop>3.6</hdop>
        <extensions>
          <osmand:speed>2.8</osmand:speed>
        </extensions>
      </trkpt>
      <trkpt lat="61.770383" lon="34.4209563">
        <ele>61.5</ele>
        <time>2026-09-16T12:13:55Z</time>
        <hdop>3.6</hdop>
        <extensions>
          <osmand:speed>2.8</osmand:speed>
        </extensions>
      </trkpt>
      <trkpt lat="61.7703417" lon="34.421022">
        <ele>61.5</ele>
        <time>2026-09-16T12:13:57Z</time>
        <hdop>3.9</hdop>
        <extensions>
          <osmand:speed>2.4</osmand:speed>
        </extensions>
      </trkpt>
      <trkpt lat="61.7703057" lon="34.4210745">
        <ele>60.5</ele>
        <time>2026-09-16T12:13:59Z</time>
        <hdop>4.5</hdop>
        <extensions>
          <osmand:speed>2.8</osmand:speed>
        </extensions>
      </trkpt>
      <trkpt lat="61.7702804" lon="34.4211194">
        <ele>62.5</ele>
        <time>2026-09-16T12:14:00Z</time>
        <hdop>5.4</hdop>
        <extensions>
          <osmand:speed>3.9</osmand:speed>
        </extensions>
      </trkpt>
      <trkpt lat="61.7702614" lon="34.4211552">
        <ele>63.5</ele>
        <time>2026-09-16T12:14:01Z</time>
        <hdop>5.4</hdop>
        <extensions>
          <osmand:speed>2.4</osmand:speed>
        </extensions>
      </trkpt>
      <trkpt lat="61.7702266" lon="34.421203">
        <ele>68.5</ele>
        <time>2026-09-16T12:14:03Z</time>
        <hdop>5</hdop>
        <extensions>
          <osmand:speed>2.3</osmand:speed>
        </extensions>
      </trkpt>
      <trkpt lat="61.7701814" lon="34.4212443">
        <ele>68.5</ele>
        <time>2026-09-16T12:14:05Z</time>
        <hdop>3.9</hdop>
        <extensions>
          <osmand:speed>2.7</osmand:speed>
        </extensions>
      </trkpt>
      <trkpt lat="61.7701469" lon="34.4212957">
        <ele>68.5</ele>
        <time>2026-09-16T12:14:07Z</time>
        <hdop>3.4</hdop>
        <extensions>
          <osmand:speed>1.7</osmand:speed>
        </extensions>
      </trkpt>
      <trkpt lat="61.7701222" lon="34.4213401">
        <ele>67.5</ele>
        <time>2026-09-16T12:14:09Z</time>
        <hdop>3.2</hdop>
        <extensions>
          <osmand:speed>1.8</osmand:speed>
        </extensions>
      </trkpt>
      <trkpt lat="61.7700881" lon="34.4213681">
        <ele>96.4</ele>
        <time>2026-09-16T12:14:11Z</time>
        <hdop>4.1</hdop>
        <extensions>
          <osmand:speed>1.7</osmand:speed>
        </extensions>
      </trkpt>
      <trkpt lat="61.7700602" lon="34.421397">
        <ele>66.5</ele>
        <time>2026-09-16T12:14:13Z</time>
        <hdop>4</hdop>
        <extensions>
          <osmand:speed>1.5</osmand:speed>
        </extensions>
      </trkpt>
      <trkpt lat="61.7700581" lon="34.4214481">
        <ele>96.4</ele>
        <time>2026-09-16T12:14:15Z</time>
        <hdop>3.2</hdop>
        <extensions>
          <osmand:speed>1.5</osmand:speed>
        </extensions>
      </trkpt>
      <trkpt lat="61.7700901" lon="34.4215006">
        <ele>96.4</ele>
        <time>2026-09-16T12:14:17Z</time>
        <hdop>3.2</hdop>
        <extensions>
          <osmand:speed>1.8</osmand:speed>
        </extensions>
      </trkpt>
      <trkpt lat="61.770108" lon="34.4215102">
        <ele>96.4</ele>
        <time>2026-09-16T12:14:18Z</time>
        <hdop>3.4</hdop>
        <extensions>
          <osmand:speed>1</osmand:speed>
        </extensions>
      </trkpt>
      <trkpt lat="61.7701469" lon="34.4214839">
        <ele>96.4</ele>
        <time>2026-09-16T12:14:20Z</time>
        <hdop>3.9</hdop>
        <extensions>
          <osmand:speed>1.9</osmand:speed>
        </extensions>
      </trkpt>
      <trkpt lat="61.7701729" lon="34.4214063">
        <ele>96.4</ele>
        <time>2026-09-16T12:14:22Z</time>
        <hdop>4.2</hdop>
        <extensions>
          <osmand:speed>2.3</osmand:speed>
        </extensions>
      </trkpt>
      <trkpt lat="61.7701768" lon="34.4213644">
        <ele>96.4</ele>
        <time>2026-09-16T12:14:23Z</time>
        <hdop>4.4</hdop>
        <extensions>
          <osmand:speed>2.1</osmand:speed>
        </extensions>
      </trkpt>
      <trkpt lat="61.7701738" lon="34.4212794">
        <ele>96.4</ele>
        <time>2026-09-16T12:14:25Z</time>
        <hdop>4.7</hdop>
        <extensions>
          <osmand:speed>2.2</osmand:speed>
        </extensions>
      </trkpt>
      <trkpt lat="61.7701798" lon="34.4212435">
        <ele>96.4</ele>
        <time>2026-09-16T12:14:26Z</time>
        <hdop>4.7</hdop>
        <extensions>
          <osmand:speed>2.1</osmand:speed>
        </extensions>
      </trkpt>
      <trkpt lat="61.7701926" lon="34.4212159">
        <ele>96.4</ele>
        <time>2026-09-16T12:14:27Z</time>
        <hdop>4.7</hdop>
        <extensions>
          <osmand:speed>1.8</osmand:speed>
        </extensions>
      </trkpt>
      <trkpt lat="61.7702363" lon="34.4211677">
        <ele>96.4</ele>
        <time>2026-09-16T12:14:29Z</time>
        <hdop>4.5</hdop>
        <extensions>
          <osmand:speed>2.3</osmand:speed>
        </extensions>
      </trkpt>
      <trkpt lat="61.7702585" lon="34.4211416">
        <ele>57.5</ele>
        <time>2026-09-16T12:14:31Z</time>
        <hdop>4.7</hdop>
      </trkpt>
      <trkpt lat="61.7702721" lon="34.421101">
        <ele>56.5</ele>
        <time>2026-09-16T12:14:32Z</time>
        <hdop>4.7</hdop>
        <extensions>
          <osmand:speed>1.2</osmand:speed>
        </extensions>
      </trkpt>
      <trkpt lat="61.7702602" lon="34.4210206">
        <ele>53.5</ele>
        <time>2026-09-16T12:14:34Z</time>
        <hdop>4.9</hdop>
        <extensions>
          <osmand:speed>1.7</osmand:speed>
        </extensions>
      </trkpt>
      <trkpt lat="61.7702646" lon="34.4209778">
        <ele>54.5</ele>
        <time>2026-09-16T12:14:35Z</time>
        <hdop>5.2</hdop>
        <extensions>
          <osmand:speed>2.2</osmand:speed>
        </extensions>
      </trkpt>
      <trkpt lat="61.7703013" lon="34.4208823">
        <ele>96.4</ele>
        <time>2026-09-16T12:14:37Z</time>
        <hdop>5.4</hdop>
        <extensions>
          <osmand:speed>2.9</osmand:speed>
        </extensions>
      </trkpt>
      <trkpt lat="61.7703191" lon="34.4208333">
        <ele>54.5</ele>
        <time>2026-09-16T12:14:38Z</time>
        <hdop>5.4</hdop>
        <extensions>
          <osmand:speed>2.5</osmand:speed>
        </extensions>
      </trkpt>
      <trkpt lat="61.7703311" lon="34.4207873">
        <ele>70.5</ele>
        <time>2026-09-16T12:14:39Z</time>
        <hdop>5.1</hdop>
        <extensions>
          <osmand:speed>2</osmand:speed>
        </extensions>
      </trkpt>
      <trkpt lat="61.7703382" lon="34.4207493">
        <ele>66.5</ele>
        <time>2026-09-16T12:14:41Z</time>
        <hdop>5.5</hdop>
      </trkpt>
      <trkpt lat="61.7703525" lon="34.4206739">
        <ele>62.5</ele>
        <time>2026-09-16T12:14:42Z</time>
        <hdop>5.1</hdop>
        <extensions>
          <osmand:speed>2.3</osmand:speed>
        </extensions>
      </trkpt>
      <trkpt lat="61.770358" lon="34.4205974">
        <ele>56.5</ele>
        <time>2026-09-16T12:14:44Z</time>
        <hdop>5.2</hdop>
        <extensions>
          <osmand:speed>2.2</osmand:speed>
        </extensions>
      </trkpt>
      <trkpt lat="61.7703717" lon="34.4205391">
        <ele>53.5</ele>
        <time>2026-09-16T12:14:46Z</time>
        <hdop>4.5</hdop>
        <extensions>
          <osmand:speed>1</osmand:speed>
        </extensions>
      </trkpt>
      <trkpt lat="61.770394" lon="34.4204965">
        <ele>53.5</ele>
        <time>2026-09-16T12:14:48Z</time>
        <hdop>3.9</hdop>
        <extensions>
          <osmand:speed>1.9</osmand:speed>
        </extensions>
      </trkpt>
      <trkpt lat="61.7704264" lon="34.4204327">
        <ele>52.5</ele>
        <time>2026-09-16T12:14:50Z</time>
        <hdop>3.4</hdop>
        <extensions>
          <osmand:speed>2.6</osmand:speed>
        </extensions>
      </trkpt>
      <trkpt lat="61.7704539" lon="34.4203364">
        <ele>53.5</ele>
        <time>2026-09-16T12:14:52Z</time>
        <hdop>4.1</hdop>
        <extensions>
          <osmand:speed>2.9</osmand:speed>
        </extensions>
      </trkpt>
      <trkpt lat="61.7704676" lon="34.4202848">
        <ele>53.5</ele>
        <time>2026-09-16T12:14:53Z</time>
        <hdop>4</hdop>
        <extensions>
          <osmand:speed>2.9</osmand:speed>
        </extensions>
      </trkpt>
      <trkpt lat="61.7704827" lon="34.4202258">
        <ele>55.5</ele>
        <time>2026-09-16T12:14:54Z</time>
        <hdop>4</hdop>
        <extensions>
          <osmand:speed>3.4</osmand:speed>
        </extensions>
      </trkpt>
      <trkpt lat="61.7704983" lon="34.4201621">
        <ele>55.5</ele>
        <time>2026-09-16T12:14:55Z</time>
        <hdop>4.1</hdop>
        <extensions>
          <osmand:speed>3.5</osmand:speed>
        </extensions>
      </trkpt>
      <trkpt lat="61.7705234" lon="34.4200524">
        <ele>57.5</ele>
        <time>2026-09-16T12:14:57Z</time>
        <hdop>3.2</hdop>
        <extensions>
          <osmand:speed>3.1</osmand:speed>
        </extensions>
      </trkpt>
      <trkpt lat="61.7705356" lon="34.4200002">
        <ele>57.5</ele>
        <time>2026-09-16T12:14:58Z</time>
        <hdop>3.2</hdop>
        <extensions>
          <osmand:speed>2.9</osmand:speed>
        </extensions>
      </trkpt>
      <trkpt lat="61.770549" lon="34.419924">
        <ele>58.5</ele>
        <time>2026-09-16T12:15:00Z</time>
        <hdop>3.2</hdop>
        <extensions>
          <osmand:speed>1.2</osmand:speed>
        </extensions>
      </trkpt>
      <trkpt lat="61.7705503" lon="34.4198647">
        <ele>55.5</ele>
        <time>2026-09-16T12:15:03Z</time>
        <hdop>3.9</hdop>
        <extensions>
          <osmand:speed>1.6</osmand:speed>
        </extensions>
      </trkpt>
      <trkpt lat="61.7705218" lon="34.419833">
        <ele>56.5</ele>
        <time>2026-09-16T12:15:05Z</time>
        <hdop>4</hdop>
        <extensions>
          <osmand:speed>1.7</osmand:speed>
        </extensions>
      </trkpt>
      <trkpt lat="61.7704869" lon="34.4198179">
        <ele>56.5</ele>
        <time>2026-09-16T12:15:07Z</time>
        <hdop>3.4</hdop>
        <extensions>
          <osmand:speed>2</osmand:speed>
        </extensions>
      </trkpt>
      <trkpt lat="61.7704493" lon="34.4197833">
        <ele>55.5</ele>
        <time>2026-09-16T12:15:09Z</time>
        <hdop>3.2</hdop>
        <extensions>
          <osmand:speed>2.4</osmand:speed>
        </extensions>
      </trkpt>
      <trkpt lat="61.7704146" lon="34.4197464">
        <ele>55.5</ele>
        <time>2026-09-16T12:15:11Z</time>
        <hdop>3.2</hdop>
        <extensions>
          <osmand:speed>1.8</osmand:speed>
        </extensions>
      </trkpt>
      <trkpt lat="61.7703845" lon="34.4197127">
        <ele>54.5</ele>
        <time>2026-09-16T12:15:13Z</time>
        <hdop>3.2</hdop>
        <extensions>
          <osmand:speed>1.6</osmand:speed>
        </extensions>
      </trkpt>
      <trkpt lat="61.7703655" lon="34.4196952">
        <ele>56.5</ele>
        <time>2026-09-16T12:15:15Z</time>
        <hdop>3.2</hdop>
        <extensions>
          <osmand:speed>0.5</osmand:speed>
        </extensions>
      </trkpt>
      <trkpt lat="61.770358" lon="34.4196342">
        <ele>56.5</ele>
        <time>2026-09-16T12:15:24Z</time>
        <hdop>3.6</hdop>
        <extensions>
          <osmand:speed>2.1</osmand:speed>
        </extensions>
      </trkpt>
      <trkpt lat="61.7703565" lon="34.4195902">
        <ele>55.5</ele>
        <time>2026-09-16T12:15:25Z</time>
        <hdop>4</hdop>
        <extensions>
          <osmand:speed>2.2</osmand:speed>
        </extensions>
      </trkpt>
      <trkpt lat="61.7703694" lon="34.4195101">
        <ele>55.5</ele>
        <time>2026-09-16T12:15:27Z</time>
        <hdop>4.3</hdop>
        <extensions>
          <osmand:speed>1.9</osmand:speed>
        </extensions>
      </trkpt>
      <trkpt lat="61.7703919" lon="34.4194191">
        <ele>55.5</ele>
        <time>2026-09-16T12:15:29Z</time>
        <hdop>4</hdop>
        <extensions>
          <osmand:speed>3.2</osmand:speed>
        </extensions>
      </trkpt>
      <trkpt lat="61.7703983" lon="34.4193582">
        <ele>55.5</ele>
        <time>2026-09-16T12:15:30Z</time>
        <hdop>3.8</hdop>
        <extensions>
          <osmand:speed>2.9</osmand:speed>
        </extensions>
      </trkpt>
      <trkpt lat="61.7704058" lon="34.4192447">
        <ele>55.5</ele>
        <time>2026-09-16T12:15:32Z</time>
        <hdop>3.9</hdop>
        <extensions>
          <osmand:speed>2.7</osmand:speed>
        </extensions>
      </trkpt>
      <trkpt lat="61.7704142" lon="34.4191515">
        <ele>55.5</ele>
        <time>2026-09-16T12:15:34Z</time>
        <hdop>4.6</hdop>
        <extensions>
          <osmand:speed>2.2</osmand:speed>
        </extensions>
      </trkpt>
      <trkpt lat="61.7704178" lon="34.4191113">
        <ele>55.5</ele>
        <time>2026-09-16T12:15:35Z</time>
        <hdop>4.6</hdop>
        <extensions>
          <osmand:speed>2.2</osmand:speed>
        </extensions>
      </trkpt>
      <trkpt lat="61.7704235" lon="34.4190314">
        <ele>56.5</ele>
        <time>2026-09-16T12:15:37Z</time>
        <hdop>4.6</hdop>
        <extensions>
          <osmand:speed>2</osmand:speed>
        </extensions>
      </trkpt>
      <trkpt lat="61.7704224" lon="34.4189898">
        <ele>56.5</ele>
        <time>2026-09-16T12:15:38Z</time>
        <hdop>4.3</hdop>
        <extensions>
          <osmand:speed>2</osmand:speed>
        </extensions>
      </trkpt>
      <trkpt lat="61.7704118" lon="34.4189326">
        <ele>56.5</ele>
        <time>2026-09-16T12:15:40Z</time>
        <hdop>4.3</hdop>
        <extensions>
          <osmand:speed>1.8</osmand:speed>
        </extensions>
      </trkpt>
      <trkpt lat="61.7703916" lon="34.418865">
        <ele>56.5</ele>
        <time>2026-09-16T12:15:42Z</time>
        <hdop>4.3</hdop>
        <extensions>
          <osmand:speed>3</osmand:speed>
        </extensions>
      </trkpt>
      <trkpt lat="61.7703783" lon="34.4188128">
        <ele>55.5</ele>
        <time>2026-09-16T12:15:43Z</time>
        <hdop>4.3</hdop>
        <extensions>
          <osmand:speed>2.7</osmand:speed>
        </extensions>
      </trkpt>
      <trkpt lat="61.7703532" lon="34.4187148">
        <ele>54.5</ele>
        <time>2026-09-16T12:15:45Z</time>
        <hdop>4.3</hdop>
        <extensions>
          <osmand:speed>1.8</osmand:speed>
        </extensions>
      </trkpt>
      <trkpt lat="61.7703396" lon="34.4186725">
        <ele>53.5</ele>
        <time>2026-09-16T12:15:47Z</time>
        <hdop>4.1</hdop>
        <extensions>
          <osmand:speed>0.6</osmand:speed>
        </extensions>
      </trkpt>
      <trkpt lat="61.7703299" lon="34.4186271">
        <ele>53.5</ele>
        <time>2026-09-16T12:15:51Z</time>
        <hdop>3.4</hdop>
        <extensions>
          <osmand:speed>1.1</osmand:speed>
        </extensions>
      </trkpt>
      <trkpt lat="61.770321" lon="34.4185793">
        <ele>53.5</ele>
        <time>2026-09-16T12:15:53Z</time>
        <hdop>3.6</hdop>
        <extensions>
          <osmand:speed>1.7</osmand:speed>
        </extensions>
      </trkpt>
      <trkpt lat="61.7703071" lon="34.4185424">
        <ele>51.5</ele>
        <time>2026-09-16T12:15:55Z</time>
        <hdop>3.6</hdop>
      </trkpt>
      <trkpt lat="61.7702888" lon="34.4184928">
        <ele>54.5</ele>
        <time>2026-09-16T12:16:02Z</time>
        <hdop>3.6</hdop>
        <extensions>
          <osmand:speed>1.1</osmand:speed>
        </extensions>
      </trkpt>
      <trkpt lat="61.7702798" lon="34.418452">
        <ele>55.5</ele>
        <time>2026-09-16T12:16:04Z</time>
        <hdop>4.5</hdop>
        <extensions>
          <osmand:speed>0.8</osmand:speed>
        </extensions>
      </trkpt>
      <trkpt lat="61.7702684" lon="34.4184187">
        <ele>55.5</ele>
        <time>2026-09-16T12:16:06Z</time>
        <hdop>4.9</hdop>
        <extensions>
          <osmand:speed>0.4</osmand:speed>
        </extensions>
      </trkpt>
      <trkpt lat="61.770257" lon="34.4183826">
        <ele>56.5</ele>
        <time>2026-09-16T12:16:08Z</time>
        <hdop>4.5</hdop>
        <extensions>
          <osmand:speed>1</osmand:speed>
        </extensions>
      </trkpt>
      <trkpt lat="61.7702455" lon="34.4183366">
        <ele>56.5</ele>
        <time>2026-09-16T12:16:10Z</time>
        <hdop>4.8</hdop>
      </trkpt>
      <trkpt lat="61.7702264" lon="34.4183388">
        <ele>57.5</ele>
        <time>2026-09-16T12:16:22Z</time>
        <hdop>3</hdop>
        <extensions>
          <osmand:speed>0.1</osmand:speed>
        </extensions>
      </trkpt>
      <trkpt lat="61.7702153" lon="34.4183081">
        <ele>96.4</ele>
        <time>2026-09-16T12:16:44Z</time>
        <hdop>3</hdop>
        <extensions>
          <osmand:speed>0.1</osmand:speed>
        </extensions>
      </trkpt>
      <trkpt lat="61.7701986" lon="34.4182923">
        <ele>54.5</ele>
        <time>2026-09-16T12:17:06Z</time>
        <hdop>3</hdop>
        <extensions>
          <osmand:speed>0.1</osmand:speed>
        </extensions>
      </trkpt>
      <trkpt lat="61.7701917" lon="34.4182553">
        <ele>55.5</ele>
        <time>2026-09-16T12:17:23Z</time>
        <hdop>3</hdop>
        <extensions>
          <osmand:speed>0.3</osmand:speed>
        </extensions>
      </trkpt>
      <trkpt lat="61.770185" lon="34.4182907">
        <ele>55.5</ele>
        <time>2026-09-16T12:17:59Z</time>
        <hdop>3</hdop>
        <extensions>
          <osmand:speed>0.1</osmand:speed>
        </extensions>
      </trkpt>
      <trkpt lat="61.7702021" lon="34.4182777">
        <ele>54.5</ele>
        <time>2026-09-16T12:18:24Z</time>
        <hdop>3</hdop>
        <extensions>
          <osmand:speed>0.1</osmand:speed>
        </extensions>
      </trkpt>
      <trkpt lat="61.7702175" lon="34.4182579">
        <ele>96.4</ele>
        <time>2026-09-16T12:18:57Z</time>
        <hdop>3</hdop>
        <extensions>
          <osmand:speed>0.1</osmand:speed>
        </extensions>
      </trkpt>
      <trkpt lat="61.7702006" lon="34.4182742">
        <ele>58.5</ele>
        <time>2026-09-16T12:20:05Z</time>
        <hdop>3</hdop>
        <extensions>
          <osmand:speed>0.1</osmand:speed>
        </extensions>
      </trkpt>
      <trkpt lat="61.7701836" lon="34.4182868">
        <ele>60.5</ele>
        <time>2026-09-16T12:20:38Z</time>
        <hdop>3</hdop>
        <extensions>
          <osmand:speed>0.1</osmand:speed>
        </extensions>
      </trkpt>
      <trkpt lat="61.7702078" lon="34.4205258">
        <ele>0</ele>
        <time>2026-09-16T12:23:28Z</time>
        <hdop>100</hdop>
      </trkpt>
      <trkpt lat="61.7701946" lon="34.4182925">
        <ele>58.5</ele>
        <time>2026-09-16T12:23:29Z</time>
        <hdop>3</hdop>
        <extensions>
          <osmand:speed>0.1</osmand:speed>
        </extensions>
      </trkpt>
      <trkpt lat="61.770216" lon="34.4182891">
        <ele>56.5</ele>
        <time>2026-09-16T12:24:19Z</time>
        <hdop>3.2</hdop>
      </trkpt>
      <trkpt lat="61.7702363" lon="34.4182808">
        <ele>56.5</ele>
        <time>2026-09-16T12:24:33Z</time>
        <hdop>5.1</hdop>
        <extensions>
          <osmand:speed>1.1</osmand:speed>
        </extensions>
      </trkpt>
      <trkpt lat="61.770262" lon="34.4183062">
        <ele>57.5</ele>
        <time>2026-09-16T12:24:35Z</time>
        <hdop>5.1</hdop>
        <extensions>
          <osmand:speed>1</osmand:speed>
        </extensions>
      </trkpt>
      <trkpt lat="61.770279" lon="34.4183393">
        <ele>55.5</ele>
        <time>2026-09-16T12:24:37Z</time>
        <hdop>8.1</hdop>
        <extensions>
          <osmand:speed>0.7</osmand:speed>
        </extensions>
      </trkpt>
      <trkpt lat="61.7702778" lon="34.4183948">
        <ele>55.5</ele>
        <time>2026-09-16T12:24:39Z</time>
        <hdop>6.8</hdop>
        <extensions>
          <osmand:speed>1.1</osmand:speed>
        </extensions>
      </trkpt>
      <trkpt lat="61.7702918" lon="34.4184261">
        <ele>54.5</ele>
        <time>2026-09-16T12:24:42Z</time>
        <hdop>5.5</hdop>
        <extensions>
          <osmand:speed>1.1</osmand:speed>
        </extensions>
      </trkpt>
      <trkpt lat="61.7703064" lon="34.4184559">
        <ele>56.5</ele>
        <time>2026-09-16T12:24:44Z</time>
        <hdop>3</hdop>
        <extensions>
          <osmand:speed>1.2</osmand:speed>
        </extensions>
      </trkpt>
      <trkpt lat="61.7703162" lon="34.4184881">
        <ele>56.5</ele>
        <time>2026-09-16T12:24:45Z</time>
        <hdop>3</hdop>
        <extensions>
          <osmand:speed>1.2</osmand:speed>
        </extensions>
      </trkpt>
      <trkpt lat="61.7703293" lon="34.418519">
        <ele>57.5</ele>
        <time>2026-09-16T12:24:47Z</time>
        <hdop>3</hdop>
        <extensions>
          <osmand:speed>1.1</osmand:speed>
        </extensions>
      </trkpt>
      <trkpt lat="61.7703416" lon="34.4185523">
        <ele>59.5</ele>
        <time>2026-09-16T12:24:49Z</time>
        <hdop>3</hdop>
        <extensions>
          <osmand:speed>1.2</osmand:speed>
        </extensions>
      </trkpt>
      <trkpt lat="61.7703524" lon="34.4185915">
        <ele>60.5</ele>
        <time>2026-09-16T12:24:51Z</time>
        <hdop>3</hdop>
        <extensions>
          <osmand:speed>1.2</osmand:speed>
        </extensions>
      </trkpt>
      <trkpt lat="61.7703643" lon="34.4186261">
        <ele>61.5</ele>
        <time>2026-09-16T12:24:53Z</time>
        <hdop>3</hdop>
        <extensions>
          <osmand:speed>1.1</osmand:speed>
        </extensions>
      </trkpt>
      <trkpt lat="61.7703737" lon="34.4186606">
        <ele>60.5</ele>
        <time>2026-09-16T12:24:55Z</time>
        <hdop>3</hdop>
        <extensions>
          <osmand:speed>0.9</osmand:speed>
        </extensions>
      </trkpt>
      <trkpt lat="61.7703819" lon="34.4186993">
        <ele>60.5</ele>
        <time>2026-09-16T12:24:57Z</time>
        <hdop>3</hdop>
        <extensions>
          <osmand:speed>1.1</osmand:speed>
        </extensions>
      </trkpt>
      <trkpt lat="61.7703878" lon="34.4187422">
        <ele>59.5</ele>
        <time>2026-09-16T12:24:59Z</time>
        <hdop>3</hdop>
        <extensions>
          <osmand:speed>1.2</osmand:speed>
        </extensions>
      </trkpt>
      <trkpt lat="61.7703894" lon="34.4187947">
        <ele>60.5</ele>
        <time>2026-09-16T12:25:02Z</time>
        <hdop>3</hdop>
        <extensions>
          <osmand:speed>1.1</osmand:speed>
        </extensions>
      </trkpt>
      <trkpt lat="61.7703943" lon="34.418836">
        <ele>59.5</ele>
        <time>2026-09-16T12:25:05Z</time>
        <hdop>3</hdop>
        <extensions>
          <osmand:speed>1.2</osmand:speed>
        </extensions>
      </trkpt>
      <trkpt lat="61.7704115" lon="34.4188614">
        <ele>61.5</ele>
        <time>2026-09-16T12:25:06Z</time>
        <hdop>3</hdop>
        <extensions>
          <osmand:speed>1.1</osmand:speed>
        </extensions>
      </trkpt>
      <trkpt lat="61.7704074" lon="34.4188991">
        <ele>57.5</ele>
        <time>2026-09-16T12:25:11Z</time>
        <hdop>3</hdop>
        <extensions>
          <osmand:speed>0.8</osmand:speed>
        </extensions>
      </trkpt>
      <trkpt lat="61.7704117" lon="34.4189398">
        <ele>58.5</ele>
        <time>2026-09-16T12:25:24Z</time>
        <hdop>3</hdop>
        <extensions>
          <osmand:speed>0.5</osmand:speed>
        </extensions>
      </trkpt>
      <trkpt lat="61.7703924" lon="34.4190819">
        <ele>59.5</ele>
        <time>2026-09-16T12:25:26Z</time>
        <hdop>3</hdop>
        <extensions>
          <osmand:speed>3</osmand:speed>
        </extensions>
      </trkpt>
      <trkpt lat="61.7703815" lon="34.4191539">
        <ele>59.5</ele>
        <time>2026-09-16T12:25:27Z</time>
        <hdop>3.1</hdop>
        <extensions>
          <osmand:speed>3.4</osmand:speed>
        </extensions>
      </trkpt>
      <trkpt lat="61.7703753" lon="34.4192298">
        <ele>61.5</ele>
        <time>2026-09-16T12:25:28Z</time>
        <hdop>3.4</hdop>
        <extensions>
          <osmand:speed>3.3</osmand:speed>
        </extensions>
      </trkpt>
      <trkpt lat="61.7703632" lon="34.4193312">
        <ele>65.5</ele>
        <time>2026-09-16T12:25:30Z</time>
        <hdop>3.5</hdop>
        <extensions>
          <osmand:speed>1.8</osmand:speed>
        </extensions>
      </trkpt>
      <trkpt lat="61.7703431" lon="34.4194281">
        <ele>66.5</ele>
        <time>2026-09-16T12:25:32Z</time>
        <hdop>3.6</hdop>
        <extensions>
          <osmand:speed>2.4</osmand:speed>
        </extensions>
      </trkpt>
      <trkpt lat="61.7703359" lon="34.4194995">
        <ele>66.5</ele>
        <time>2026-09-16T12:25:34Z</time>
        <hdop>3.6</hdop>
        <extensions>
          <osmand:speed>0.7</osmand:speed>
        </extensions>
      </trkpt>
      <trkpt lat="61.7703568" lon="34.4195225">
        <ele>68.5</ele>
        <time>2026-09-16T12:25:37Z</time>
        <hdop>4.9</hdop>
        <extensions>
          <osmand:speed>0.4</osmand:speed>
        </extensions>
      </trkpt>
      <trkpt lat="61.7703729" lon="34.4195528">
        <ele>66.5</ele>
        <time>2026-09-16T12:25:41Z</time>
        <hdop>6.4</hdop>
        <extensions>
          <osmand:speed>0.3</osmand:speed>
        </extensions>
      </trkpt>
      <trkpt lat="61.7703829" lon="34.4195908">
        <ele>67.5</ele>
        <time>2026-09-16T12:25:47Z</time>
        <hdop>4.1</hdop>
        <extensions>
          <osmand:speed>1.5</osmand:speed>
        </extensions>
      </trkpt>
      <trkpt lat="61.7704087" lon="34.4196436">
        <ele>66.5</ele>
        <time>2026-09-16T12:25:49Z</time>
        <hdop>3.7</hdop>
        <extensions>
          <osmand:speed>2</osmand:speed>
        </extensions>
      </trkpt>
      <trkpt lat="61.7704368" lon="34.4196871">
        <ele>63.5</ele>
        <time>2026-09-16T12:25:51Z</time>
        <hdop>3.5</hdop>
        <extensions>
          <osmand:speed>1.5</osmand:speed>
        </extensions>
      </trkpt>
      <trkpt lat="61.7704619" lon="34.4196969">
        <ele>68.5</ele>
        <time>2026-09-16T12:25:53Z</time>
        <hdop>3.4</hdop>
        <extensions>
          <osmand:speed>1.6</osmand:speed>
        </extensions>
      </trkpt>
      <trkpt lat="61.7704943" lon="34.4197058">
        <ele>68.5</ele>
        <time>2026-09-16T12:25:55Z</time>
        <hdop>4.9</hdop>
        <extensions>
          <osmand:speed>2.1</osmand:speed>
        </extensions>
      </trkpt>
      <trkpt lat="61.7705141" lon="34.4197167">
        <ele>68.5</ele>
        <time>2026-09-16T12:25:56Z</time>
        <hdop>4.9</hdop>
        <extensions>
          <osmand:speed>2</osmand:speed>
        </extensions>
      </trkpt>
      <trkpt lat="61.7705439" lon="34.4197538">
        <ele>68.5</ele>
        <time>2026-09-16T12:25:58Z</time>
        <hdop>4.8</hdop>
        <extensions>
          <osmand:speed>1.5</osmand:speed>
        </extensions>
      </trkpt>
      <trkpt lat="61.7705604" lon="34.4198019">
        <ele>68.5</ele>
        <time>2026-09-16T12:26:00Z</time>
        <hdop>3.4</hdop>
        <extensions>
          <osmand:speed>1.2</osmand:speed>
        </extensions>
      </trkpt>
      <trkpt lat="61.7705603" lon="34.4198765">
        <ele>68.5</ele>
        <time>2026-09-16T12:26:02Z</time>
        <hdop>3.2</hdop>
        <extensions>
          <osmand:speed>1.7</osmand:speed>
        </extensions>
      </trkpt>
      <trkpt lat="61.7705535" lon="34.4199238">
        <ele>68.5</ele>
        <time>2026-09-16T12:26:03Z</time>
        <hdop>3.2</hdop>
        <extensions>
          <osmand:speed>2.5</osmand:speed>
        </extensions>
      </trkpt>
      <trkpt lat="61.7705411" lon="34.4200159">
        <ele>68.5</ele>
        <time>2026-09-16T12:26:05Z</time>
        <hdop>3.4</hdop>
        <extensions>
          <osmand:speed>2</osmand:speed>
        </extensions>
      </trkpt>
      <trkpt lat="61.770561" lon="34.4200518">
        <ele>68.5</ele>
        <time>2026-09-16T12:26:07Z</time>
        <hdop>3.4</hdop>
        <extensions>
          <osmand:speed>1.1</osmand:speed>
        </extensions>
      </trkpt>
      <trkpt lat="61.7705865" lon="34.4200537">
        <ele>68.5</ele>
        <time>2026-09-16T12:26:09Z</time>
        <hdop>3.3</hdop>
        <extensions>
          <osmand:speed>0.8</osmand:speed>
        </extensions>
      </trkpt>
      <trkpt lat="61.7706105" lon="34.4200662">
        <ele>68.5</ele>
        <time>2026-09-16T12:26:11Z</time>
        <hdop>3.2</hdop>
        <extensions>
          <osmand:speed>1.2</osmand:speed>
        </extensions>
      </trkpt>
      <trkpt lat="61.7706377" lon="34.4200957">
        <ele>67.5</ele>
        <time>2026-09-16T12:26:13Z</time>
        <hdop>3.9</hdop>
        <extensions>
          <osmand:speed>1.4</osmand:speed>
        </extensions>
      </trkpt>
      <trkpt lat="61.7706019" lon="34.4200619">
        <ele>60.5</ele>
        <time>2026-09-16T12:26:45Z</time>
        <hdop>3.2</hdop>
        <extensions>
          <osmand:speed>2</osmand:speed>
        </extensions>
      </trkpt>
      <trkpt lat="61.7705586" lon="34.4200404">
        <ele>59.5</ele>
        <time>2026-09-16T12:26:47Z</time>
        <hdop>3.2</hdop>
        <extensions>
          <osmand:speed>2.2</osmand:speed>
        </extensions>
      </trkpt>
      <trkpt lat="61.7705309" lon="34.4199926">
        <ele>59.5</ele>
        <time>2026-09-16T12:26:49Z</time>
        <hdop>3.2</hdop>
        <extensions>
          <osmand:speed>1</osmand:speed>
        </extensions>
      </trkpt>
      <trkpt lat="61.7705318" lon="34.4199395">
        <ele>58.5</ele>
        <time>2026-09-16T12:26:51Z</time>
        <hdop>3.4</hdop>
        <extensions>
          <osmand:speed>1.4</osmand:speed>
        </extensions>
      </trkpt>
      <trkpt lat="61.770536" lon="34.4198995">
        <ele>57.5</ele>
        <time>2026-09-16T12:26:52Z</time>
        <hdop>3.4</hdop>
        <extensions>
          <osmand:speed>2.2</osmand:speed>
        </extensions>
      </trkpt>
      <trkpt lat="61.7705368" lon="34.4198471">
        <ele>56.5</ele>
        <time>2026-09-16T12:26:53Z</time>
        <hdop>3.4</hdop>
        <extensions>
          <osmand:speed>2.7</osmand:speed>
        </extensions>
      </trkpt>
      <trkpt lat="61.7705119" lon="34.4197669">
        <ele>55.5</ele>
        <time>2026-09-16T12:26:55Z</time>
        <hdop>3.4</hdop>
        <extensions>
          <osmand:speed>2.5</osmand:speed>
        </extensions>
      </trkpt>
      <trkpt lat="61.7704889" lon="34.4197457">
        <ele>56.5</ele>
        <time>2026-09-16T12:26:56Z</time>
        <hdop>3.2</hdop>
        <extensions>
          <osmand:speed>2.7</osmand:speed>
        </extensions>
      </trkpt>
      <trkpt lat="61.7704659" lon="34.4197373">
        <ele>57.5</ele>
        <time>2026-09-16T12:26:57Z</time>
        <hdop>3.2</hdop>
        <extensions>
          <osmand:speed>2.3</osmand:speed>
        </extensions>
      </trkpt>
      <trkpt lat="61.7704449" lon="34.419723">
        <ele>56.5</ele>
        <time>2026-09-16T12:26:58Z</time>
        <hdop>3.2</hdop>
        <extensions>
          <osmand:speed>2.4</osmand:speed>
        </extensions>
      </trkpt>
      <trkpt lat="61.7704137" lon="34.4196798">
        <ele>56.5</ele>
        <time>2026-09-16T12:27:00Z</time>
        <hdop>3.2</hdop>
        <extensions>
          <osmand:speed>1.8</osmand:speed>
        </extensions>
      </trkpt>
      <trkpt lat="61.7703928" lon="34.4196304">
        <ele>55.5</ele>
        <time>2026-09-16T12:27:02Z</time>
        <hdop>3.9</hdop>
        <extensions>
          <osmand:speed>1.2</osmand:speed>
        </extensions>
      </trkpt>
      <trkpt lat="61.7703692" lon="34.4196026">
        <ele>57.5</ele>
        <time>2026-09-16T12:27:04Z</time>
        <hdop>4.3</hdop>
        <extensions>
          <osmand:speed>1.8</osmand:speed>
        </extensions>
      </trkpt>
      <trkpt lat="61.7703412" lon="34.419572">
        <ele>55.5</ele>
        <time>2026-09-16T12:27:06Z</time>
        <hdop>4.6</hdop>
        <extensions>
          <osmand:speed>1.6</osmand:speed>
        </extensions>
      </trkpt>
      <trkpt lat="61.7703232" lon="34.4195201">
        <ele>54.5</ele>
        <time>2026-09-16T12:27:08Z</time>
        <hdop>4.1</hdop>
        <extensions>
          <osmand:speed>1.2</osmand:speed>
        </extensions>
      </trkpt>
      <trkpt lat="61.7703215" lon="34.4194502">
        <ele>53.5</ele>
        <time>2026-09-16T12:27:10Z</time>
        <hdop>3.9</hdop>
        <extensions>
          <osmand:speed>2.3</osmand:speed>
        </extensions>
      </trkpt>
      <trkpt lat="61.7703288" lon="34.4194042">
        <ele>54.5</ele>
        <time>2026-09-16T12:27:11Z</time>
        <hdop>3.6</hdop>
        <extensions>
          <osmand:speed>2.1</osmand:speed>
        </extensions>
      </trkpt>
      <trkpt lat="61.7703489" lon="34.4193093">
        <ele>53.5</ele>
        <time>2026-09-16T12:27:13Z</time>
        <hdop>3.4</hdop>
        <extensions>
          <osmand:speed>2.4</osmand:speed>
        </extensions>
      </trkpt>
      <trkpt lat="61.7703571" lon="34.4192691">
        <ele>53.5</ele>
        <time>2026-09-16T12:27:14Z</time>
        <hdop>3.2</hdop>
        <extensions>
          <osmand:speed>2.1</osmand:speed>
        </extensions>
      </trkpt>
      <trkpt lat="61.7703705" lon="34.419212">
        <ele>54.5</ele>
        <time>2026-09-16T12:27:16Z</time>
        <hdop>3.4</hdop>
        <extensions>
          <osmand:speed>1.8</osmand:speed>
        </extensions>
      </trkpt>
      <trkpt lat="61.7703801" lon="34.4191632">
        <ele>54.5</ele>
        <time>2026-09-16T12:27:18Z</time>
        <hdop>4.1</hdop>
        <extensions>
          <osmand:speed>1.5</osmand:speed>
        </extensions>
      </trkpt>
      <trkpt lat="61.770387" lon="34.4190968">
        <ele>53.5</ele>
        <time>2026-09-16T12:27:20Z</time>
        <hdop>4.6</hdop>
        <extensions>
          <osmand:speed>1.4</osmand:speed>
        </extensions>
      </trkpt>
      <trkpt lat="61.7703925" lon="34.4190264">
        <ele>53.5</ele>
        <time>2026-09-16T12:27:22Z</time>
        <hdop>5.2</hdop>
        <extensions>
          <osmand:speed>1.9</osmand:speed>
        </extensions>
      </trkpt>
      <trkpt lat="61.7703919" lon="34.4189639">
        <ele>55.5</ele>
        <time>2026-09-16T12:27:24Z</time>
        <hdop>5</hdop>
        <extensions>
          <osmand:speed>1.2</osmand:speed>
        </extensions>
      </trkpt>
      <trkpt lat="61.7703871" lon="34.4188906">
        <ele>55.5</ele>
        <time>2026-09-16T12:27:26Z</time>
        <hdop>4.9</hdop>
        <extensions>
          <osmand:speed>1.8</osmand:speed>
        </extensions>
      </trkpt>
      <trkpt lat="61.7703797" lon="34.4188293">
        <ele>56.5</ele>
        <time>2026-09-16T12:27:28Z</time>
        <hdop>4.9</hdop>
        <extensions>
          <osmand:speed>0.5</osmand:speed>
        </extensions>
      </trkpt>
      <trkpt lat="61.7703783" lon="34.4187888">
        <ele>55.5</ele>
        <time>2026-09-16T12:27:33Z</time>
        <hdop>4.5</hdop>
      </trkpt>
      <trkpt lat="61.7703699" lon="34.4187328">
        <ele>55.5</ele>
        <time>2026-09-16T12:27:36Z</time>
        <hdop>4.1</hdop>
      </trkpt>
      <trkpt lat="61.7703777" lon="34.4186968">
        <ele>55.5</ele>
        <time>2026-09-16T12:27:39Z</time>
        <hdop>3.6</hdop>
      </trkpt>
      <trkpt lat="61.7703894" lon="34.418652">
        <ele>56.5</ele>
        <time>2026-09-16T12:27:47Z</time>
        <hdop>3.9</hdop>
        <extensions>
          <osmand:speed>0.8</osmand:speed>
        </extensions>
      </trkpt>
      <trkpt lat="61.7703932" lon="34.4186052">
        <ele>56.5</ele>
        <time>2026-09-16T12:27:49Z</time>
        <hdop>3.9</hdop>
        <extensions>
          <osmand:speed>0.7</osmand:speed>
        </extensions>
      </trkpt>
      <trkpt lat="61.7703988" lon="34.4185515">
        <ele>57.5</ele>
        <time>2026-09-16T12:27:51Z</time>
        <hdop>3.8</hdop>
        <extensions>
          <osmand:speed>1.2</osmand:speed>
        </extensions>
      </trkpt>
      <trkpt lat="61.7703984" lon="34.4184699">
        <ele>56.5</ele>
        <time>2026-09-16T12:27:53Z</time>
        <hdop>4.1</hdop>
        <extensions>
          <osmand:speed>2.3</osmand:speed>
        </extensions>
      </trkpt>
      <trkpt lat="61.7704009" lon="34.4183865">
        <ele>56.5</ele>
        <time>2026-09-16T12:27:55Z</time>
        <hdop>4.3</hdop>
        <extensions>
          <osmand:speed>1</osmand:speed>
        </extensions>
      </trkpt>
      <trkpt lat="61.7704079" lon="34.4183416">
        <ele>57.5</ele>
        <time>2026-09-16T12:27:57Z</time>
        <hdop>4.8</hdop>
        <extensions>
          <osmand:speed>1.2</osmand:speed>
        </extensions>
      </trkpt>
      <trkpt lat="61.7704177" lon="34.4183078">
        <ele>56.5</ele>
        <time>2026-09-16T12:27:59Z</time>
        <hdop>5.4</hdop>
        <extensions>
          <osmand:speed>0.5</osmand:speed>
        </extensions>
      </trkpt>
      <trkpt lat="61.7704346" lon="34.4182562">
        <ele>56.5</ele>
        <time>2026-09-16T12:28:02Z</time>
        <hdop>5.6</hdop>
        <extensions>
          <osmand:speed>1.1</osmand:speed>
        </extensions>
      </trkpt>
      <trkpt lat="61.77045" lon="34.4182038">
        <ele>73.5</ele>
        <time>2026-09-16T12:28:04Z</time>
        <hdop>5.7</hdop>
        <extensions>
          <osmand:speed>1</osmand:speed>
        </extensions>
      </trkpt>
      <trkpt lat="61.7704621" lon="34.4181602">
        <ele>67.5</ele>
        <time>2026-09-16T12:28:06Z</time>
        <hdop>6.1</hdop>
        <extensions>
          <osmand:speed>0.7</osmand:speed>
        </extensions>
      </trkpt>
      <trkpt lat="61.7704685" lon="34.4181161">
        <ele>61.5</ele>
        <time>2026-09-16T12:28:08Z</time>
        <hdop>6.3</hdop>
        <extensions>
          <osmand:speed>1</osmand:speed>
        </extensions>
      </trkpt>
      <trkpt lat="61.7704771" lon="34.4180658">
        <ele>59.5</ele>
        <time>2026-09-16T12:28:10Z</time>
        <hdop>6.4</hdop>
        <extensions>
          <osmand:speed>0.7</osmand:speed>
        </extensions>
      </trkpt>
      <trkpt lat="61.7704707" lon="34.4180159">
        <ele>57.5</ele>
        <time>2026-09-16T12:28:11Z</time>
        <hdop>5.9</hdop>
      </trkpt>
      <trkpt lat="61.7704831" lon="34.4179647">
        <ele>54.5</ele>
        <time>2026-09-16T12:28:16Z</time>
        <hdop>3.2</hdop>
      </trkpt>
      <trkpt lat="61.7704887" lon="34.4179241">
        <ele>55.5</ele>
        <time>2026-09-16T12:28:23Z</time>
        <hdop>3.2</hdop>
        <extensions>
          <osmand:speed>1.1</osmand:speed>
        </extensions>
      </trkpt>
      <trkpt lat="61.7705044" lon="34.4178769">
        <ele>55.5</ele>
        <time>2026-09-16T12:28:25Z</time>
        <hdop>3.2</hdop>
        <extensions>
          <osmand:speed>1.3</osmand:speed>
        </extensions>
      </trkpt>
      <trkpt lat="61.7705194" lon="34.4178312">
        <ele>53.5</ele>
        <time>2026-09-16T12:28:27Z</time>
        <hdop>3.4</hdop>
        <extensions>
          <osmand:speed>0.9</osmand:speed>
        </extensions>
      </trkpt>
      <trkpt lat="61.7705347" lon="34.4177992">
        <ele>51.5</ele>
        <time>2026-09-16T12:28:29Z</time>
        <hdop>3.9</hdop>
        <extensions>
          <osmand:speed>0.7</osmand:speed>
        </extensions>
      </trkpt>
      <trkpt lat="61.7705471" lon="34.4177597">
        <ele>54.5</ele>
        <time>2026-09-16T12:28:31Z</time>
        <hdop>3.9</hdop>
        <extensions>
          <osmand:speed>0.4</osmand:speed>
        </extensions>
      </trkpt>
      <trkpt lat="61.770561" lon="34.4177173">
        <ele>53.5</ele>
        <time>2026-09-16T12:28:33Z</time>
        <hdop>3.9</hdop>
        <extensions>
          <osmand:speed>0.7</osmand:speed>
        </extensions>
      </trkpt>
      <trkpt lat="61.770579" lon="34.4176856">
        <ele>56.5</ele>
        <time>2026-09-16T12:28:35Z</time>
        <hdop>3.9</hdop>
        <extensions>
          <osmand:speed>0.4</osmand:speed>
        </extensions>
      </trkpt>
      <trkpt lat="61.7706011" lon="34.4176378">
        <ele>56.5</ele>
        <time>2026-09-16T12:28:37Z</time>
        <hdop>4.1</hdop>
        <extensions>
          <osmand:speed>1.5</osmand:speed>
        </extensions>
      </trkpt>
      <trkpt lat="61.770615" lon="34.4175839">
        <ele>56.5</ele>
        <time>2026-09-16T12:28:39Z</time>
        <hdop>4.3</hdop>
        <extensions>
          <osmand:speed>0.7</osmand:speed>
        </extensions>
      </trkpt>
      <trkpt lat="61.7706257" lon="34.4175437">
        <ele>58.5</ele>
        <time>2026-09-16T12:28:42Z</time>
        <hdop>4.3</hdop>
        <extensions>
          <osmand:speed>0.8</osmand:speed>
        </extensions>
      </trkpt>
      <trkpt lat="61.7706418" lon="34.4175196">
        <ele>59.5</ele>
        <time>2026-09-16T12:28:44Z</time>
        <hdop>4.3</hdop>
        <extensions>
          <osmand:speed>0.6</osmand:speed>
        </extensions>
      </trkpt>
      <trkpt lat="61.7706573" lon="34.4174796">
        <ele>60.5</ele>
        <time>2026-09-16T12:28:46Z</time>
        <hdop>4.3</hdop>
        <extensions>
          <osmand:speed>1.3</osmand:speed>
        </extensions>
      </trkpt>
      <trkpt lat="61.7706683" lon="34.4174427">
        <ele>59.5</ele>
        <time>2026-09-16T12:28:48Z</time>
        <hdop>4.3</hdop>
        <extensions>
          <osmand:speed>1</osmand:speed>
        </extensions>
      </trkpt>
      <trkpt lat="61.7706824" lon="34.4173945">
        <ele>69.5</ele>
        <time>2026-09-16T12:28:54Z</time>
        <hdop>5.6</hdop>
        <extensions>
          <osmand:speed>0.7</osmand:speed>
        </extensions>
      </trkpt>
      <trkpt lat="61.7706908" lon="34.4173433">
        <ele>64.5</ele>
        <time>2026-09-16T12:28:57Z</time>
        <hdop>5.5</hdop>
        <extensions>
          <osmand:speed>0.7</osmand:speed>
        </extensions>
      </trkpt>
      <trkpt lat="61.7706973" lon="34.4173014">
        <ele>61.5</ele>
        <time>2026-09-16T12:28:59Z</time>
        <hdop>5.1</hdop>
        <extensions>
          <osmand:speed>0.7</osmand:speed>
        </extensions>
      </trkpt>
      <trkpt lat="61.7707067" lon="34.4172649">
        <ele>60.5</ele>
        <time>2026-09-16T12:29:03Z</time>
        <hdop>4.5</hdop>
        <extensions>
          <osmand:speed>0.8</osmand:speed>
        </extensions>
      </trkpt>
      <trkpt lat="61.7707" lon="34.4171775">
        <ele>56.5</ele>
        <time>2026-09-16T12:29:08Z</time>
        <hdop>4.3</hdop>
        <extensions>
          <osmand:speed>1</osmand:speed>
        </extensions>
      </trkpt>
      <trkpt lat="61.7706854" lon="34.4171175">
        <ele>57.5</ele>
        <time>2026-09-16T12:29:09Z</time>
        <hdop>4.3</hdop>
        <extensions>
          <osmand:speed>0.7</osmand:speed>
        </extensions>
      </trkpt>
      <trkpt lat="61.7706902" lon="34.4170782">
        <ele>59.5</ele>
        <time>2026-09-16T12:29:12Z</time>
        <hdop>4.1</hdop>
        <extensions>
          <osmand:speed>0.8</osmand:speed>
        </extensions>
      </trkpt>
      <trkpt lat="61.7706881" lon="34.4170261">
        <ele>57.5</ele>
        <time>2026-09-16T12:29:15Z</time>
        <hdop>3.9</hdop>
        <extensions>
          <osmand:speed>0.9</osmand:speed>
        </extensions>
      </trkpt>
      <trkpt lat="61.7706949" lon="34.4169873">
        <ele>57.5</ele>
        <time>2026-09-16T12:29:17Z</time>
        <hdop>3.4</hdop>
        <extensions>
          <osmand:speed>0.9</osmand:speed>
        </extensions>
      </trkpt>
      <trkpt lat="61.7706901" lon="34.4169506">
        <ele>55.5</ele>
        <time>2026-09-16T12:29:20Z</time>
        <hdop>3.1</hdop>
        <extensions>
          <osmand:speed>0.9</osmand:speed>
        </extensions>
      </trkpt>
      <trkpt lat="61.7707082" lon="34.4169517">
        <ele>61.5</ele>
        <time>2026-09-16T12:29:27Z</time>
        <hdop>3</hdop>
        <extensions>
          <osmand:speed>0.1</osmand:speed>
        </extensions>
      </trkpt>
      <trkpt lat="61.7707174" lon="34.4169112">
        <ele>57.5</ele>
        <time>2026-09-16T12:29:33Z</time>
        <hdop>3</hdop>
        <extensions>
          <osmand:speed>0.5</osmand:speed>
        </extensions>
      </trkpt>
      <trkpt lat="61.7707204" lon="34.4168576">
        <ele>57.5</ele>
        <time>2026-09-16T12:29:34Z</time>
        <hdop>3</hdop>
        <extensions>
          <osmand:speed>1</osmand:speed>
        </extensions>
      </trkpt>
      <trkpt lat="61.7707211" lon="34.4168005">
        <ele>58.5</ele>
        <time>2026-09-16T12:29:35Z</time>
        <hdop>3</hdop>
        <extensions>
          <osmand:speed>1.6</osmand:speed>
        </extensions>
      </trkpt>
      <trkpt lat="61.7707535" lon="34.4166534">
        <ele>57.5</ele>
        <time>2026-09-16T12:29:37Z</time>
        <hdop>3.3</hdop>
        <extensions>
          <osmand:speed>2.1</osmand:speed>
        </extensions>
      </trkpt>
      <trkpt lat="61.7707575" lon="34.4166068">
        <ele>57.5</ele>
        <time>2026-09-16T12:29:38Z</time>
        <hdop>3.6</hdop>
        <extensions>
          <osmand:speed>2.2</osmand:speed>
        </extensions>
      </trkpt>
      <trkpt lat="61.7707625" lon="34.4165625">
        <ele>59.5</ele>
        <time>2026-09-16T12:29:39Z</time>
        <hdop>4</hdop>
        <extensions>
          <osmand:speed>2.1</osmand:speed>
        </extensions>
      </trkpt>
      <trkpt lat="61.7707697" lon="34.4164792">
        <ele>59.5</ele>
        <time>2026-09-16T12:29:41Z</time>
        <hdop>5</hdop>
        <extensions>
          <osmand:speed>2</osmand:speed>
        </extensions>
      </trkpt>
      <trkpt lat="61.7707799" lon="34.4164176">
        <ele>59.5</ele>
        <time>2026-09-16T12:29:43Z</time>
        <hdop>5.6</hdop>
        <extensions>
          <osmand:speed>1.4</osmand:speed>
        </extensions>
      </trkpt>
      <trkpt lat="61.770796" lon="34.4163669">
        <ele>58.5</ele>
        <time>2026-09-16T12:29:45Z</time>
        <hdop>5.6</hdop>
        <extensions>
          <osmand:speed>1.4</osmand:speed>
        </extensions>
      </trkpt>
      <trkpt lat="61.7708074" lon="34.4162983">
        <ele>59.5</ele>
        <time>2026-09-16T12:29:47Z</time>
        <hdop>5.1</hdop>
        <extensions>
          <osmand:speed>1.8</osmand:speed>
        </extensions>
      </trkpt>
      <trkpt lat="61.770814" lon="34.4162551">
        <ele>60.5</ele>
        <time>2026-09-16T12:29:48Z</time>
        <hdop>4.8</hdop>
        <extensions>
          <osmand:speed>2</osmand:speed>
        </extensions>
      </trkpt>
      <trkpt lat="61.7708294" lon="34.4161584">
        <ele>61.5</ele>
        <time>2026-09-16T12:29:50Z</time>
        <hdop>4.1</hdop>
        <extensions>
          <osmand:speed>2.2</osmand:speed>
        </extensions>
      </trkpt>
      <trkpt lat="61.7708355" lon="34.4161184">
        <ele>60.5</ele>
        <time>2026-09-16T12:29:51Z</time>
        <hdop>3.8</hdop>
        <extensions>
          <osmand:speed>1.6</osmand:speed>
        </extensions>
      </trkpt>
      <trkpt lat="61.7708424" lon="34.4160382">
        <ele>60.5</ele>
        <time>2026-09-16T12:29:53Z</time>
        <hdop>3.2</hdop>
        <extensions>
          <osmand:speed>1.8</osmand:speed>
        </extensions>
      </trkpt>
      <trkpt lat="61.7708456" lon="34.4159931">
        <ele>61.5</ele>
        <time>2026-09-16T12:29:54Z</time>
        <hdop>3.2</hdop>
        <extensions>
          <osmand:speed>2</osmand:speed>
        </extensions>
      </trkpt>
      <trkpt lat="61.7708508" lon="34.4159515">
        <ele>61.5</ele>
        <time>2026-09-16T12:29:55Z</time>
        <hdop>3.2</hdop>
        <extensions>
          <osmand:speed>1.5</osmand:speed>
        </extensions>
      </trkpt>
      <trkpt lat="61.7708592" lon="34.4159134">
        <ele>62.5</ele>
        <time>2026-09-16T12:29:56Z</time>
        <hdop>3.2</hdop>
        <extensions>
          <osmand:speed>1.8</osmand:speed>
        </extensions>
      </trkpt>
      <trkpt lat="61.7708726" lon="34.4158569">
        <ele>61.5</ele>
        <time>2026-09-16T12:29:58Z</time>
        <hdop>3.6</hdop>
        <extensions>
          <osmand:speed>1.1</osmand:speed>
        </extensions>
      </trkpt>
      <trkpt lat="61.7708866" lon="34.415823">
        <ele>61.5</ele>
        <time>2026-09-16T12:30:00Z</time>
        <hdop>4.3</hdop>
        <extensions>
          <osmand:speed>0.3</osmand:speed>
        </extensions>
      </trkpt>
      <trkpt lat="61.7708979" lon="34.4157863">
        <ele>63.5</ele>
        <time>2026-09-16T12:30:02Z</time>
        <hdop>5.4</hdop>
        <extensions>
          <osmand:speed>1.1</osmand:speed>
        </extensions>
      </trkpt>
      <trkpt lat="61.770923" lon="34.4157523">
        <ele>64.5</ele>
        <time>2026-09-16T12:30:04Z</time>
        <hdop>5.8</hdop>
      </trkpt>
      <trkpt lat="61.7709395" lon="34.4157212">
        <ele>65.5</ele>
        <time>2026-09-16T12:30:07Z</time>
        <hdop>5.7</hdop>
      </trkpt>
      <trkpt lat="61.7709485" lon="34.4156846">
        <ele>67.5</ele>
        <time>2026-09-16T12:30:10Z</time>
        <hdop>5.4</hdop>
        <extensions>
          <osmand:speed>1.2</osmand:speed>
        </extensions>
      </trkpt>
      <trkpt lat="61.7709577" lon="34.4156325">
        <ele>66.5</ele>
        <time>2026-09-16T12:30:12Z</time>
        <hdop>5.4</hdop>
        <extensions>
          <osmand:speed>0.8</osmand:speed>
        </extensions>
      </trkpt>
      <trkpt lat="61.7709674" lon="34.4155625">
        <ele>67.5</ele>
        <time>2026-09-16T12:30:14Z</time>
        <hdop>4.9</hdop>
        <extensions>
          <osmand:speed>1.6</osmand:speed>
        </extensions>
      </trkpt>
      <trkpt lat="61.7709769" lon="34.4154995">
        <ele>67.5</ele>
        <time>2026-09-16T12:30:16Z</time>
        <hdop>4.6</hdop>
        <extensions>
          <osmand:speed>0.8</osmand:speed>
        </extensions>
      </trkpt>
      <trkpt lat="61.7709861" lon="34.4154555">
        <ele>77.5</ele>
        <time>2026-09-16T12:30:19Z</time>
        <hdop>4.5</hdop>
      </trkpt>
      <trkpt lat="61.7709877" lon="34.4153954">
        <ele>74.5</ele>
        <time>2026-09-16T12:30:22Z</time>
        <hdop>4.6</hdop>
        <extensions>
          <osmand:speed>0.8</osmand:speed>
        </extensions>
      </trkpt>
      <trkpt lat="61.7709921" lon="34.415328">
        <ele>72.5</ele>
        <time>2026-09-16T12:30:24Z</time>
        <hdop>4.5</hdop>
        <extensions>
          <osmand:speed>1.1</osmand:speed>
        </extensions>
      </trkpt>
      <trkpt lat="61.7710028" lon="34.4152737">
        <ele>71.5</ele>
        <time>2026-09-16T12:30:26Z</time>
        <hdop>4.6</hdop>
        <extensions>
          <osmand:speed>0.7</osmand:speed>
        </extensions>
      </trkpt>
      <trkpt lat="61.7710165" lon="34.4152142">
        <ele>71.5</ele>
        <time>2026-09-16T12:30:28Z</time>
        <hdop>5.1</hdop>
        <extensions>
          <osmand:speed>0.7</osmand:speed>
        </extensions>
      </trkpt>
      <trkpt lat="61.7710305" lon="34.4151794">
        <ele>76.5</ele>
        <time>2026-09-16T12:30:30Z</time>
        <hdop>6</hdop>
        <extensions>
          <osmand:speed>0.4</osmand:speed>
        </extensions>
      </trkpt>
      <trkpt lat="61.7710137" lon="34.4151516">
        <ele>76.5</ele>
        <time>2026-09-16T12:30:31Z</time>
        <hdop>5.6</hdop>
        <extensions>
          <osmand:speed>1.1</osmand:speed>
        </extensions>
      </trkpt>
      <trkpt lat="61.7710224" lon="34.4151121">
        <ele>74.5</ele>
        <time>2026-09-16T12:30:33Z</time>
        <hdop>4.6</hdop>
        <extensions>
          <osmand:speed>1</osmand:speed>
        </extensions>
      </trkpt>
      <trkpt lat="61.7710356" lon="34.4150848">
        <ele>73.5</ele>
        <time>2026-09-16T12:30:36Z</time>
        <hdop>3.6</hdop>
        <extensions>
          <osmand:speed>0.8</osmand:speed>
        </extensions>
      </trkpt>
      <trkpt lat="61.7710466" lon="34.4150547">
        <ele>74.5</ele>
        <time>2026-09-16T12:30:38Z</time>
        <hdop>3.5</hdop>
        <extensions>
          <osmand:speed>0.6</osmand:speed>
        </extensions>
      </trkpt>
      <trkpt lat="61.7710501" lon="34.415013">
        <ele>72.5</ele>
        <time>2026-09-16T12:30:41Z</time>
        <hdop>3.2</hdop>
        <extensions>
          <osmand:speed>0.8</osmand:speed>
        </extensions>
      </trkpt>
      <trkpt lat="61.7710486" lon="34.4149677">
        <ele>74.5</ele>
        <time>2026-09-16T12:30:43Z</time>
        <hdop>3</hdop>
        <extensions>
          <osmand:speed>0.8</osmand:speed>
        </extensions>
      </trkpt>
      <trkpt lat="61.7710475" lon="34.4149183">
        <ele>72.5</ele>
        <time>2026-09-16T12:30:45Z</time>
        <hdop>3</hdop>
        <extensions>
          <osmand:speed>0.7</osmand:speed>
        </extensions>
      </trkpt>
      <trkpt lat="61.7710502" lon="34.414879">
        <ele>72.5</ele>
        <time>2026-09-16T12:30:47Z</time>
        <hdop>3</hdop>
        <extensions>
          <osmand:speed>0.8</osmand:speed>
        </extensions>
      </trkpt>
      <trkpt lat="61.7710325" lon="34.4148598">
        <ele>71.5</ele>
        <time>2026-09-16T12:30:57Z</time>
        <hdop>3</hdop>
        <extensions>
          <osmand:speed>0.5</osmand:speed>
        </extensions>
      </trkpt>
      <trkpt lat="61.7710151" lon="34.41485">
        <ele>69.5</ele>
        <time>2026-09-16T12:30:59Z</time>
        <hdop>3</hdop>
        <extensions>
          <osmand:speed>0.9</osmand:speed>
        </extensions>
      </trkpt>
      <trkpt lat="61.7709962" lon="34.4148485">
        <ele>68.5</ele>
        <time>2026-09-16T12:31:00Z</time>
        <hdop>3</hdop>
        <extensions>
          <osmand:speed>1</osmand:speed>
        </extensions>
      </trkpt>
      <trkpt lat="61.770978" lon="34.4148447">
        <ele>69.5</ele>
        <time>2026-09-16T12:31:02Z</time>
        <hdop>3</hdop>
        <extensions>
          <osmand:speed>1</osmand:speed>
        </extensions>
      </trkpt>
      <trkpt lat="61.7709581" lon="34.414833">
        <ele>69.5</ele>
        <time>2026-09-16T12:31:04Z</time>
        <hdop>3</hdop>
        <extensions>
          <osmand:speed>1.1</osmand:speed>
        </extensions>
      </trkpt>
      <trkpt lat="61.7709411" lon="34.4148167">
        <ele>68.5</ele>
        <time>2026-09-16T12:31:07Z</time>
        <hdop>3</hdop>
        <extensions>
          <osmand:speed>1</osmand:speed>
        </extensions>
      </trkpt>
      <trkpt lat="61.7709281" lon="34.4147784">
        <ele>67.5</ele>
        <time>2026-09-16T12:31:11Z</time>
        <hdop>3</hdop>
        <extensions>
          <osmand:speed>0.7</osmand:speed>
        </extensions>
      </trkpt>
      <trkpt lat="61.7709163" lon="34.4147461">
        <ele>69.5</ele>
        <time>2026-09-16T12:31:13Z</time>
        <hdop>3</hdop>
        <extensions>
          <osmand:speed>0.5</osmand:speed>
        </extensions>
      </trkpt>
      <trkpt lat="61.7709049" lon="34.414716">
        <ele>70.5</ele>
        <time>2026-09-16T12:31:21Z</time>
        <hdop>3</hdop>
        <extensions>
          <osmand:speed>0.1</osmand:speed>
        </extensions>
      </trkpt>
      <trkpt lat="61.7708864" lon="34.4146922">
        <ele>71.5</ele>
        <time>2026-09-16T12:31:35Z</time>
        <hdop>3</hdop>
        <extensions>
          <osmand:speed>0.6</osmand:speed>
        </extensions>
      </trkpt>
      <trkpt lat="61.7708712" lon="34.4146711">
        <ele>70.5</ele>
        <time>2026-09-16T12:31:42Z</time>
        <hdop>3</hdop>
        <extensions>
          <osmand:speed>0.4</osmand:speed>
        </extensions>
      </trkpt>
      <trkpt lat="61.7708499" lon="34.4146544">
        <ele>70.5</ele>
        <time>2026-09-16T12:31:44Z</time>
        <hdop>3</hdop>
        <extensions>
          <osmand:speed>1.1</osmand:speed>
        </extensions>
      </trkpt>
      <trkpt lat="61.7708344" lon="34.4146299">
        <ele>69.5</ele>
        <time>2026-09-16T12:31:45Z</time>
        <hdop>3</hdop>
        <extensions>
          <osmand:speed>1</osmand:speed>
        </extensions>
      </trkpt>
      <trkpt lat="61.7708166" lon="34.4146015">
        <ele>70.5</ele>
        <time>2026-09-16T12:31:47Z</time>
        <hdop>3</hdop>
        <extensions>
          <osmand:speed>1</osmand:speed>
        </extensions>
      </trkpt>
      <trkpt lat="61.7707978" lon="34.4145737">
        <ele>71.5</ele>
        <time>2026-09-16T12:31:49Z</time>
        <hdop>3</hdop>
        <extensions>
          <osmand:speed>1</osmand:speed>
        </extensions>
      </trkpt>
      <trkpt lat="61.7707835" lon="34.4145435">
        <ele>71.5</ele>
        <time>2026-09-16T12:31:51Z</time>
        <hdop>3</hdop>
        <extensions>
          <osmand:speed>0.7</osmand:speed>
        </extensions>
      </trkpt>
      <trkpt lat="61.7707648" lon="34.4145467">
        <ele>71.5</ele>
        <time>2026-09-16T12:32:07Z</time>
        <hdop>3</hdop>
        <extensions>
          <osmand:speed>0.2</osmand:speed>
        </extensions>
      </trkpt>
      <trkpt lat="61.7707448" lon="34.4145119">
        <ele>68.5</ele>
        <time>2026-09-16T12:32:09Z</time>
        <hdop>3</hdop>
        <extensions>
          <osmand:speed>0.9</osmand:speed>
        </extensions>
      </trkpt>
      <trkpt lat="61.7707319" lon="34.4144822">
        <ele>70.5</ele>
        <time>2026-09-16T12:32:10Z</time>
        <hdop>3</hdop>
        <extensions>
          <osmand:speed>1.1</osmand:speed>
        </extensions>
      </trkpt>
      <trkpt lat="61.7707161" lon="34.4144444">
        <ele>70.5</ele>
        <time>2026-09-16T12:32:12Z</time>
        <hdop>3</hdop>
        <extensions>
          <osmand:speed>1.3</osmand:speed>
        </extensions>
      </trkpt>
      <trkpt lat="61.7707075" lon="34.4143936">
        <ele>70.5</ele>
        <time>2026-09-16T12:32:13Z</time>
        <hdop>3.1</hdop>
        <extensions>
          <osmand:speed>1.5</osmand:speed>
        </extensions>
      </trkpt>
      <trkpt lat="61.7707075" lon="34.4143263">
        <ele>73.5</ele>
        <time>2026-09-16T12:32:14Z</time>
        <hdop>3.2</hdop>
        <extensions>
          <osmand:speed>1.7</osmand:speed>
        </extensions>
      </trkpt>
      <trkpt lat="61.7707141" lon="34.4142257">
        <ele>75.5</ele>
        <time>2026-09-16T12:32:15Z</time>
        <hdop>3.2</hdop>
        <extensions>
          <osmand:speed>1.8</osmand:speed>
        </extensions>
      </trkpt>
      <trkpt lat="61.7707216" lon="34.4141513">
        <ele>74.5</ele>
        <time>2026-09-16T12:32:17Z</time>
        <hdop>3.3</hdop>
        <extensions>
          <osmand:speed>1.7</osmand:speed>
        </extensions>
      </trkpt>
      <trkpt lat="61.7707398" lon="34.4140832">
        <ele>73.5</ele>
        <time>2026-09-16T12:32:19Z</time>
        <hdop>3.2</hdop>
        <extensions>
          <osmand:speed>2.1</osmand:speed>
        </extensions>
      </trkpt>
      <trkpt lat="61.7707493" lon="34.4140408">
        <ele>73.5</ele>
        <time>2026-09-16T12:32:20Z</time>
        <hdop>3.2</hdop>
        <extensions>
          <osmand:speed>2.3</osmand:speed>
        </extensions>
      </trkpt>
      <trkpt lat="61.770758" lon="34.4139914">
        <ele>72.5</ele>
        <time>2026-09-16T12:32:21Z</time>
        <hdop>3.2</hdop>
        <extensions>
          <osmand:speed>2.5</osmand:speed>
        </extensions>
      </trkpt>
      <trkpt lat="61.7707772" lon="34.413896">
        <ele>73.5</ele>
        <time>2026-09-16T12:32:23Z</time>
        <hdop>3.2</hdop>
        <extensions>
          <osmand:speed>2.3</osmand:speed>
        </extensions>
      </trkpt>
      <trkpt lat="61.770787" lon="34.4138516">
        <ele>73.5</ele>
        <time>2026-09-16T12:32:24Z</time>
        <hdop>3.2</hdop>
        <extensions>
          <osmand:speed>2.5</osmand:speed>
        </extensions>
      </trkpt>
      <trkpt lat="61.7708133" lon="34.413751">
        <ele>73.5</ele>
        <time>2026-09-16T12:32:26Z</time>
        <hdop>3.2</hdop>
        <extensions>
          <osmand:speed>2.7</osmand:speed>
        </extensions>
      </trkpt>
      <trkpt lat="61.7708416" lon="34.4136619">
        <ele>72.5</ele>
        <time>2026-09-16T12:32:28Z</time>
        <hdop>3.7</hdop>
        <extensions>
          <osmand:speed>2.6</osmand:speed>
        </extensions>
      </trkpt>
      <trkpt lat="61.770857" lon="34.4136203">
        <ele>73.5</ele>
        <time>2026-09-16T12:32:29Z</time>
        <hdop>3.7</hdop>
        <extensions>
          <osmand:speed>2.8</osmand:speed>
        </extensions>
      </trkpt>
      <trkpt lat="61.7708876" lon="34.4135365">
        <ele>71.5</ele>
        <time>2026-09-16T12:32:31Z</time>
        <hdop>3.7</hdop>
        <extensions>
          <osmand:speed>2.7</osmand:speed>
        </extensions>
      </trkpt>
      <trkpt lat="61.7709016" lon="34.4134923">
        <ele>72.5</ele>
        <time>2026-09-16T12:32:32Z</time>
        <hdop>3.2</hdop>
        <extensions>
          <osmand:speed>2.7</osmand:speed>
        </extensions>
      </trkpt>
      <trkpt lat="61.7709247" lon="34.413412">
        <ele>71.5</ele>
        <time>2026-09-16T12:32:34Z</time>
        <hdop>3.2</hdop>
        <extensions>
          <osmand:speed>2.6</osmand:speed>
        </extensions>
      </trkpt>
      <trkpt lat="61.7709486" lon="34.4133182">
        <ele>70.5</ele>
        <time>2026-09-16T12:32:36Z</time>
        <hdop>3.2</hdop>
        <extensions>
          <osmand:speed>2.8</osmand:speed>
        </extensions>
      </trkpt>
      <trkpt lat="61.7709612" lon="34.4132722">
        <ele>71.5</ele>
        <time>2026-09-16T12:32:37Z</time>
        <hdop>3.9</hdop>
        <extensions>
          <osmand:speed>2.7</osmand:speed>
        </extensions>
      </trkpt>
      <trkpt lat="61.7709713" lon="34.4132234">
        <ele>70.5</ele>
        <time>2026-09-16T12:32:38Z</time>
        <hdop>4</hdop>
        <extensions>
          <osmand:speed>2.7</osmand:speed>
        </extensions>
      </trkpt>
      <trkpt lat="61.770991" lon="34.4131287">
        <ele>71.5</ele>
        <time>2026-09-16T12:32:40Z</time>
        <hdop>4</hdop>
        <extensions>
          <osmand:speed>2.5</osmand:speed>
        </extensions>
      </trkpt>
      <trkpt lat="61.7709996" lon="34.4130692">
        <ele>71.5</ele>
        <time>2026-09-16T12:32:42Z</time>
        <hdop>3.2</hdop>
        <extensions>
          <osmand:speed>1.3</osmand:speed>
        </extensions>
      </trkpt>
      <trkpt lat="61.7710063" lon="34.4130187">
        <ele>74.5</ele>
        <time>2026-09-16T12:33:04Z</time>
        <hdop>3.2</hdop>
        <extensions>
          <osmand:speed>1.9</osmand:speed>
        </extensions>
      </trkpt>
      <trkpt lat="61.7710144" lon="34.4129821">
        <ele>75.5</ele>
        <time>2026-09-16T12:33:05Z</time>
        <hdop>3.2</hdop>
        <extensions>
          <osmand:speed>2.3</osmand:speed>
        </extensions>
      </trkpt>
      <trkpt lat="61.771021" lon="34.4129385">
        <ele>75.5</ele>
        <time>2026-09-16T12:33:06Z</time>
        <hdop>3.2</hdop>
        <extensions>
          <osmand:speed>2.4</osmand:speed>
        </extensions>
      </trkpt>
      <trkpt lat="61.7710322" lon="34.4128552">
        <ele>76.5</ele>
        <time>2026-09-16T12:33:08Z</time>
        <hdop>3.2</hdop>
        <extensions>
          <osmand:speed>2.2</osmand:speed>
        </extensions>
      </trkpt>
      <trkpt lat="61.771038" lon="34.4128125">
        <ele>76.5</ele>
        <time>2026-09-16T12:33:09Z</time>
        <hdop>3.2</hdop>
        <extensions>
          <osmand:speed>2.2</osmand:speed>
        </extensions>
      </trkpt>
      <trkpt lat="61.7710502" lon="34.4127451">
        <ele>77.5</ele>
        <time>2026-09-16T12:33:11Z</time>
        <hdop>3.2</hdop>
        <extensions>
          <osmand:speed>1.7</osmand:speed>
        </extensions>
      </trkpt>
      <trkpt lat="61.7710502" lon="34.4127044">
        <ele>77.5</ele>
        <time>2026-09-16T12:33:13Z</time>
        <hdop>3.2</hdop>
      </trkpt>
      <trkpt lat="61.7710686" lon="34.4126904">
        <ele>78.5</ele>
        <time>2026-09-16T12:33:23Z</time>
        <hdop>3.2</hdop>
      </trkpt>
      <trkpt lat="61.7710886" lon="34.4126649">
        <ele>76.5</ele>
        <time>2026-09-16T12:34:12Z</time>
        <hdop>3.2</hdop>
        <extensions>
          <osmand:speed>2.2</osmand:speed>
        </extensions>
      </trkpt>
      <trkpt lat="61.7711281" lon="34.4125939">
        <ele>76.5</ele>
        <time>2026-09-16T12:34:14Z</time>
        <hdop>3.2</hdop>
        <extensions>
          <osmand:speed>2.9</osmand:speed>
        </extensions>
      </trkpt>
      <trkpt lat="61.7711515" lon="34.4125528">
        <ele>76.5</ele>
        <time>2026-09-16T12:34:15Z</time>
        <hdop>3.2</hdop>
        <extensions>
          <osmand:speed>3.2</osmand:speed>
        </extensions>
      </trkpt>
      <trkpt lat="61.7711898" lon="34.4124804">
        <ele>78.5</ele>
        <time>2026-09-16T12:34:17Z</time>
        <hdop>3.2</hdop>
        <extensions>
          <osmand:speed>1.7</osmand:speed>
        </extensions>
      </trkpt>
      <trkpt lat="61.7712256" lon="34.4123966">
        <ele>78.5</ele>
        <time>2026-09-16T12:34:19Z</time>
        <hdop>3.2</hdop>
        <extensions>
          <osmand:speed>3.1</osmand:speed>
        </extensions>
      </trkpt>
      <trkpt lat="61.7712659" lon="34.4122934">
        <ele>78.5</ele>
        <time>2026-09-16T12:34:21Z</time>
        <hdop>3.2</hdop>
        <extensions>
          <osmand:speed>2.8</osmand:speed>
        </extensions>
      </trkpt>
      <trkpt lat="61.7712958" lon="34.412203">
        <ele>78.5</ele>
        <time>2026-09-16T12:34:23Z</time>
        <hdop>3.2</hdop>
        <extensions>
          <osmand:speed>2.6</osmand:speed>
        </extensions>
      </trkpt>
      <trkpt lat="61.771309" lon="34.4121607">
        <ele>79.5</ele>
        <time>2026-09-16T12:34:24Z</time>
        <hdop>3.2</hdop>
        <extensions>
          <osmand:speed>2.7</osmand:speed>
        </extensions>
      </trkpt>
      <trkpt lat="61.7713245" lon="34.4121161">
        <ele>79.5</ele>
        <time>2026-09-16T12:34:25Z</time>
        <hdop>3.2</hdop>
        <extensions>
          <osmand:speed>3</osmand:speed>
        </extensions>
      </trkpt>
      <trkpt lat="61.771357" lon="34.412013">
        <ele>79.5</ele>
        <time>2026-09-16T12:34:27Z</time>
        <hdop>3.2</hdop>
        <extensions>
          <osmand:speed>3.4</osmand:speed>
        </extensions>
      </trkpt>
      <trkpt lat="61.771373" lon="34.411957">
        <ele>79.5</ele>
        <time>2026-09-16T12:34:28Z</time>
        <hdop>3.7</hdop>
        <extensions>
          <osmand:speed>3.6</osmand:speed>
        </extensions>
      </trkpt>
      <trkpt lat="61.7713877" lon="34.4119068">
        <ele>80.5</ele>
        <time>2026-09-16T12:34:29Z</time>
        <hdop>3.8</hdop>
        <extensions>
          <osmand:speed>2.9</osmand:speed>
        </extensions>
      </trkpt>
      <trkpt lat="61.7714001" lon="34.4118608">
        <ele>80.5</ele>
        <time>2026-09-16T12:34:30Z</time>
        <hdop>3.7</hdop>
        <extensions>
          <osmand:speed>2.8</osmand:speed>
        </extensions>
      </trkpt>
      <trkpt lat="61.7714179" lon="34.411771">
        <ele>80.5</ele>
        <time>2026-09-16T12:34:32Z</time>
        <hdop>3.8</hdop>
        <extensions>
          <osmand:speed>2.7</osmand:speed>
        </extensions>
      </trkpt>
      <trkpt lat="61.7714328" lon="34.4116821">
        <ele>81.5</ele>
        <time>2026-09-16T12:34:34Z</time>
        <hdop>3.2</hdop>
        <extensions>
          <osmand:speed>2.4</osmand:speed>
        </extensions>
      </trkpt>
      <trkpt lat="61.7714432" lon="34.4116332">
        <ele>82.5</ele>
        <time>2026-09-16T12:34:35Z</time>
        <hdop>3.2</hdop>
        <extensions>
          <osmand:speed>3</osmand:speed>
        </extensions>
      </trkpt>
      <trkpt lat="61.7714668" lon="34.4115315">
        <ele>83.5</ele>
        <time>2026-09-16T12:34:37Z</time>
        <hdop>3.2</hdop>
        <extensions>
          <osmand:speed>2.8</osmand:speed>
        </extensions>
      </trkpt>
      <trkpt lat="61.7714947" lon="34.4114313">
        <ele>83.5</ele>
        <time>2026-09-16T12:34:39Z</time>
        <hdop>3.2</hdop>
        <extensions>
          <osmand:speed>2.9</osmand:speed>
        </extensions>
      </trkpt>
      <trkpt lat="61.7715203" lon="34.411339">
        <ele>84.5</ele>
        <time>2026-09-16T12:34:41Z</time>
        <hdop>3.2</hdop>
        <extensions>
          <osmand:speed>2.7</osmand:speed>
        </extensions>
      </trkpt>
      <trkpt lat="61.7715504" lon="34.4112558">
        <ele>84.5</ele>
        <time>2026-09-16T12:34:43Z</time>
        <hdop>3.2</hdop>
        <extensions>
          <osmand:speed>2.9</osmand:speed>
        </extensions>
      </trkpt>
      <trkpt lat="61.7715775" lon="34.4111817">
        <ele>85.5</ele>
        <time>2026-09-16T12:34:45Z</time>
        <hdop>3.2</hdop>
        <extensions>
          <osmand:speed>2.6</osmand:speed>
        </extensions>
      </trkpt>
      <trkpt lat="61.7715906" lon="34.411137">
        <ele>60.9</ele>
        <time>2026-09-16T12:34:46Z</time>
        <hdop>3.2</hdop>
        <extensions>
          <osmand:speed>2.8</osmand:speed>
        </extensions>
      </trkpt>
      <trkpt lat="61.7716105" lon="34.4110547">
        <ele>60.9</ele>
        <time>2026-09-16T12:34:48Z</time>
        <hdop>3.2</hdop>
        <extensions>
          <osmand:speed>2.4</osmand:speed>
        </extensions>
      </trkpt>
      <trkpt lat="61.7716199" lon="34.4110093">
        <ele>60.9</ele>
        <time>2026-09-16T12:34:49Z</time>
        <hdop>3.2</hdop>
        <extensions>
          <osmand:speed>2.7</osmand:speed>
        </extensions>
      </trkpt>
      <trkpt lat="61.7716252" lon="34.4109031">
        <ele>60.9</ele>
        <time>2026-09-16T12:34:51Z</time>
        <hdop>3.2</hdop>
        <extensions>
          <osmand:speed>3</osmand:speed>
        </extensions>
      </trkpt>
      <trkpt lat="61.771619" lon="34.4108528">
        <ele>60.9</ele>
        <time>2026-09-16T12:34:52Z</time>
        <hdop>3.2</hdop>
        <extensions>
          <osmand:speed>2.6</osmand:speed>
        </extensions>
      </trkpt>
      <trkpt lat="61.7715977" lon="34.4107795">
        <ele>60.9</ele>
        <time>2026-09-16T12:34:54Z</time>
        <hdop>3.2</hdop>
        <extensions>
          <osmand:speed>1.3</osmand:speed>
        </extensions>
      </trkpt>
      <trkpt lat="61.7715755" lon="34.4107478">
        <ele>88.5</ele>
        <time>2026-09-16T12:34:56Z</time>
        <hdop>3.5</hdop>
        <extensions>
          <osmand:speed>0.9</osmand:speed>
        </extensions>
      </trkpt>
      <trkpt lat="61.771548" lon="34.4107122">
        <ele>88.5</ele>
        <time>2026-09-16T12:34:58Z</time>
        <hdop>3.5</hdop>
        <extensions>
          <osmand:speed>1.1</osmand:speed>
        </extensions>
      </trkpt>
      <trkpt lat="61.7715263" lon="34.4106943">
        <ele>88.5</ele>
        <time>2026-09-16T12:35:00Z</time>
        <hdop>3.5</hdop>
        <extensions>
          <osmand:speed>0.5</osmand:speed>
        </extensions>
      </trkpt>
      <trkpt lat="61.7715008" lon="34.4106845">
        <ele>87.5</ele>
        <time>2026-09-16T12:35:02Z</time>
        <hdop>3.2</hdop>
        <extensions>
          <osmand:speed>1.2</osmand:speed>
        </extensions>
      </trkpt>
      <trkpt lat="61.7714758" lon="34.4106842">
        <ele>88.5</ele>
        <time>2026-09-16T12:35:04Z</time>
        <hdop>3.3</hdop>
        <extensions>
          <osmand:speed>1</osmand:speed>
        </extensions>
      </trkpt>
      <trkpt lat="61.7714537" lon="34.4106699">
        <ele>85.5</ele>
        <time>2026-09-16T12:35:06Z</time>
        <hdop>3.3</hdop>
        <extensions>
          <osmand:speed>1</osmand:speed>
        </extensions>
      </trkpt>
      <trkpt lat="61.7714332" lon="34.4106541">
        <ele>91.4</ele>
        <time>2026-09-16T12:35:09Z</time>
        <hdop>3.8</hdop>
        <extensions>
          <osmand:speed>1.2</osmand:speed>
        </extensions>
      </trkpt>
      <trkpt lat="61.7714224" lon="34.4106151">
        <ele>91.4</ele>
        <time>2026-09-16T12:35:11Z</time>
        <hdop>4.2</hdop>
        <extensions>
          <osmand:speed>0.9</osmand:speed>
        </extensions>
      </trkpt>
      <trkpt lat="61.771407" lon="34.4105607">
        <ele>91.4</ele>
        <time>2026-09-16T12:35:13Z</time>
        <hdop>4.6</hdop>
        <extensions>
          <osmand:speed>1.6</osmand:speed>
        </extensions>
      </trkpt>
      <trkpt lat="61.7713887" lon="34.4105328">
        <ele>91.4</ele>
        <time>2026-09-16T12:35:16Z</time>
        <hdop>4.7</hdop>
        <extensions>
          <osmand:speed>0.6</osmand:speed>
        </extensions>
      </trkpt>
      <trkpt lat="61.7713701" lon="34.4105237">
        <ele>91.4</ele>
        <time>2026-09-16T12:35:18Z</time>
        <hdop>5.1</hdop>
        <extensions>
          <osmand:speed>1.1</osmand:speed>
        </extensions>
      </trkpt>
      <trkpt lat="61.7713445" lon="34.4104929">
        <ele>91.4</ele>
        <time>2026-09-16T12:35:20Z</time>
        <hdop>5.5</hdop>
        <extensions>
          <osmand:speed>0.7</osmand:speed>
        </extensions>
      </trkpt>
      <trkpt lat="61.7713212" lon="34.4104251">
        <ele>91.4</ele>
        <time>2026-09-16T12:35:22Z</time>
        <hdop>5.8</hdop>
        <extensions>
          <osmand:speed>1.3</osmand:speed>
        </extensions>
      </trkpt>
      <trkpt lat="61.7713002" lon="34.4103772">
        <ele>92.3</ele>
        <time>2026-09-16T12:35:23Z</time>
        <hdop>6</hdop>
        <extensions>
          <osmand:speed>1.4</osmand:speed>
        </extensions>
      </trkpt>
      <trkpt lat="61.7712837" lon="34.4103492">
        <ele>92.3</ele>
        <time>2026-09-16T12:35:24Z</time>
        <hdop>6.2</hdop>
        <extensions>
          <osmand:speed>1.3</osmand:speed>
        </extensions>
      </trkpt>
      <trkpt lat="61.7712665" lon="34.4103259">
        <ele>92.3</ele>
        <time>2026-09-16T12:35:26Z</time>
        <hdop>6.3</hdop>
        <extensions>
          <osmand:speed>1.3</osmand:speed>
        </extensions>
      </trkpt>
      <trkpt lat="61.7712544" lon="34.4102954">
        <ele>92.3</ele>
        <time>2026-09-16T12:35:28Z</time>
        <hdop>6.3</hdop>
        <extensions>
          <osmand:speed>1.3</osmand:speed>
        </extensions>
      </trkpt>
      <trkpt lat="61.7712451" lon="34.4102568">
        <ele>91.6</ele>
        <time>2026-09-16T12:35:30Z</time>
        <hdop>6.3</hdop>
        <extensions>
          <osmand:speed>1.4</osmand:speed>
        </extensions>
      </trkpt>
      <trkpt lat="61.7712388" lon="34.4102193">
        <ele>91.6</ele>
        <time>2026-09-16T12:35:31Z</time>
        <hdop>6.2</hdop>
        <extensions>
          <osmand:speed>1.2</osmand:speed>
        </extensions>
      </trkpt>
      <trkpt lat="61.7712249" lon="34.4101904">
        <ele>91.6</ele>
        <time>2026-09-16T12:35:33Z</time>
        <hdop>6.4</hdop>
        <extensions>
          <osmand:speed>1.3</osmand:speed>
        </extensions>
      </trkpt>
      <trkpt lat="61.7712036" lon="34.4102032">
        <ele>91.6</ele>
        <time>2026-09-16T12:35:36Z</time>
        <hdop>6.3</hdop>
        <extensions>
          <osmand:speed>1.1</osmand:speed>
        </extensions>
      </trkpt>
      <trkpt lat="61.7711844" lon="34.4102157">
        <ele>91.6</ele>
        <time>2026-09-16T12:35:43Z</time>
        <hdop>4.7</hdop>
        <extensions>
          <osmand:speed>1</osmand:speed>
        </extensions>
      </trkpt>
      <trkpt lat="61.7711595" lon="34.4102212">
        <ele>91.6</ele>
        <time>2026-09-16T12:35:44Z</time>
        <hdop>4.6</hdop>
        <extensions>
          <osmand:speed>1.4</osmand:speed>
        </extensions>
      </trkpt>
      <trkpt lat="61.7711409" lon="34.4102178">
        <ele>91.6</ele>
        <time>2026-09-16T12:35:46Z</time>
        <hdop>4.8</hdop>
        <extensions>
          <osmand:speed>1.2</osmand:speed>
        </extensions>
      </trkpt>
      <trkpt lat="61.7711275" lon="34.4101875">
        <ele>91.6</ele>
        <time>2026-09-16T12:35:47Z</time>
        <hdop>5</hdop>
        <extensions>
          <osmand:speed>1.6</osmand:speed>
        </extensions>
      </trkpt>
      <trkpt lat="61.7711119" lon="34.4101572">
        <ele>91.6</ele>
        <time>2026-09-16T12:35:48Z</time>
        <hdop>5.2</hdop>
        <extensions>
          <osmand:speed>1.7</osmand:speed>
        </extensions>
      </trkpt>
      <trkpt lat="61.7710499" lon="34.4100073">
        <ele>91.6</ele>
        <time>2026-09-16T12:35:50Z</time>
        <hdop>5</hdop>
        <extensions>
          <osmand:speed>2</osmand:speed>
        </extensions>
      </trkpt>
      <trkpt lat="61.7710304" lon="34.4099835">
        <ele>92.2</ele>
        <time>2026-09-16T12:35:51Z</time>
        <hdop>4.9</hdop>
        <extensions>
          <osmand:speed>1.9</osmand:speed>
        </extensions>
      </trkpt>
      <trkpt lat="61.7709967" lon="34.4099402">
        <ele>92.2</ele>
        <time>2026-09-16T12:35:53Z</time>
        <hdop>4.4</hdop>
        <extensions>
          <osmand:speed>1.6</osmand:speed>
        </extensions>
      </trkpt>
      <trkpt lat="61.7709825" lon="34.4099164">
        <ele>92.2</ele>
        <time>2026-09-16T12:35:54Z</time>
        <hdop>4.5</hdop>
        <extensions>
          <osmand:speed>1.7</osmand:speed>
        </extensions>
      </trkpt>
      <trkpt lat="61.7709498" lon="34.4098577">
        <ele>92.2</ele>
        <time>2026-09-16T12:35:56Z</time>
        <hdop>4.1</hdop>
        <extensions>
          <osmand:speed>2.3</osmand:speed>
        </extensions>
      </trkpt>
      <trkpt lat="61.7709372" lon="34.4098289">
        <ele>92.2</ele>
        <time>2026-09-16T12:35:57Z</time>
        <hdop>4.1</hdop>
        <extensions>
          <osmand:speed>1.5</osmand:speed>
        </extensions>
      </trkpt>
      <trkpt lat="61.770949" lon="34.4097706">
        <ele>92.2</ele>
        <time>2026-09-16T12:36:00Z</time>
        <hdop>3.4</hdop>
        <extensions>
          <osmand:speed>2.1</osmand:speed>
        </extensions>
      </trkpt>
      <trkpt lat="61.7709653" lon="34.4096627">
        <ele>92.2</ele>
        <time>2026-09-16T12:36:02Z</time>
        <hdop>3.2</hdop>
        <extensions>
          <osmand:speed>2.2</osmand:speed>
        </extensions>
      </trkpt>
      <trkpt lat="61.7709785" lon="34.4096143">
        <ele>92.2</ele>
        <time>2026-09-16T12:36:03Z</time>
        <hdop>3.2</hdop>
        <extensions>
          <osmand:speed>2.2</osmand:speed>
        </extensions>
      </trkpt>
      <trkpt lat="61.7710017" lon="34.4095076">
        <ele>92.2</ele>
        <time>2026-09-16T12:36:05Z</time>
        <hdop>3.2</hdop>
        <extensions>
          <osmand:speed>2.4</osmand:speed>
        </extensions>
      </trkpt>
      <trkpt lat="61.7710109" lon="34.4094528">
        <ele>92.2</ele>
        <time>2026-09-16T12:36:06Z</time>
        <hdop>3.2</hdop>
        <extensions>
          <osmand:speed>2.6</osmand:speed>
        </extensions>
      </trkpt>
      <trkpt lat="61.7710266" lon="34.4093336">
        <ele>92.2</ele>
        <time>2026-09-16T12:36:08Z</time>
        <hdop>3.2</hdop>
        <extensions>
          <osmand:speed>2.9</osmand:speed>
        </extensions>
      </trkpt>
      <trkpt lat="61.7710339" lon="34.409285">
        <ele>92.3</ele>
        <time>2026-09-16T12:36:09Z</time>
        <hdop>3.2</hdop>
        <extensions>
          <osmand:speed>1.9</osmand:speed>
        </extensions>
      </trkpt>
      <trkpt lat="61.7710546" lon="34.4091932">
        <ele>92.3</ele>
        <time>2026-09-16T12:36:11Z</time>
        <hdop>3.2</hdop>
        <extensions>
          <osmand:speed>2.5</osmand:speed>
        </extensions>
      </trkpt>
      <trkpt lat="61.7710696" lon="34.4091506">
        <ele>92.3</ele>
        <time>2026-09-16T12:36:12Z</time>
        <hdop>3.2</hdop>
        <extensions>
          <osmand:speed>2.3</osmand:speed>
        </extensions>
      </trkpt>
      <trkpt lat="61.7710987" lon="34.4090763">
        <ele>92.3</ele>
        <time>2026-09-16T12:36:14Z</time>
        <hdop>3.2</hdop>
        <extensions>
          <osmand:speed>1.7</osmand:speed>
        </extensions>
      </trkpt>
      <trkpt lat="61.7711124" lon="34.4090457">
        <ele>92.3</ele>
        <time>2026-09-16T12:36:15Z</time>
        <hdop>3.2</hdop>
        <extensions>
          <osmand:speed>2</osmand:speed>
        </extensions>
      </trkpt>
      <trkpt lat="61.7711387" lon="34.4089698">
        <ele>92.5</ele>
        <time>2026-09-16T12:36:17Z</time>
        <hdop>3.2</hdop>
        <extensions>
          <osmand:speed>2.6</osmand:speed>
        </extensions>
      </trkpt>
      <trkpt lat="61.7711489" lon="34.4089159">
        <ele>92.5</ele>
        <time>2026-09-16T12:36:18Z</time>
        <hdop>3.2</hdop>
        <extensions>
          <osmand:speed>2.6</osmand:speed>
        </extensions>
      </trkpt>
      <trkpt lat="61.7711626" lon="34.4088253">
        <ele>92.5</ele>
        <time>2026-09-16T12:36:20Z</time>
        <hdop>3.6</hdop>
        <extensions>
          <osmand:speed>2.5</osmand:speed>
        </extensions>
      </trkpt>
      <trkpt lat="61.7711655" lon="34.4087638">
        <ele>92.5</ele>
        <time>2026-09-16T12:36:21Z</time>
        <hdop>3.9</hdop>
        <extensions>
          <osmand:speed>2.8</osmand:speed>
        </extensions>
      </trkpt>
      <trkpt lat="61.7711642" lon="34.4086661">
        <ele>92.8</ele>
        <time>2026-09-16T12:36:23Z</time>
        <hdop>4.1</hdop>
        <extensions>
          <osmand:speed>2.2</osmand:speed>
        </extensions>
      </trkpt>
      <trkpt lat="61.7711657" lon="34.4086111">
        <ele>92.8</ele>
        <time>2026-09-16T12:36:24Z</time>
        <hdop>4.3</hdop>
        <extensions>
          <osmand:speed>2.9</osmand:speed>
        </extensions>
      </trkpt>
      <trkpt lat="61.7711706" lon="34.4085519">
        <ele>92.8</ele>
        <time>2026-09-16T12:36:25Z</time>
        <hdop>4.3</hdop>
        <extensions>
          <osmand:speed>2.7</osmand:speed>
        </extensions>
      </trkpt>
      <trkpt lat="61.771183" lon="34.4084465">
        <ele>92.8</ele>
        <time>2026-09-16T12:36:27Z</time>
        <hdop>4.3</hdop>
        <extensions>
          <osmand:speed>2.7</osmand:speed>
        </extensions>
      </trkpt>
      <trkpt lat="61.7711866" lon="34.4083944">
        <ele>92.8</ele>
        <time>2026-09-16T12:36:28Z</time>
        <hdop>4.3</hdop>
        <extensions>
          <osmand:speed>2.7</osmand:speed>
        </extensions>
      </trkpt>
      <trkpt lat="61.7711893" lon="34.4083001">
        <ele>92.8</ele>
        <time>2026-09-16T12:36:30Z</time>
        <hdop>5.1</hdop>
        <extensions>
          <osmand:speed>2.5</osmand:speed>
        </extensions>
      </trkpt>
      <trkpt lat="61.7711895" lon="34.4082564">
        <ele>92.8</ele>
        <time>2026-09-16T12:36:31Z</time>
        <hdop>5.3</hdop>
        <extensions>
          <osmand:speed>2.2</osmand:speed>
        </extensions>
      </trkpt>
      <trkpt lat="61.7711893" lon="34.4081743">
        <ele>92.8</ele>
        <time>2026-09-16T12:36:33Z</time>
        <hdop>5.3</hdop>
        <extensions>
          <osmand:speed>2.3</osmand:speed>
        </extensions>
      </trkpt>
      <trkpt lat="61.7711863" lon="34.4080876">
        <ele>92.8</ele>
        <time>2026-09-16T12:36:35Z</time>
        <hdop>3.9</hdop>
        <extensions>
          <osmand:speed>1.7</osmand:speed>
        </extensions>
      </trkpt>
      <trkpt lat="61.7711759" lon="34.4080106">
        <ele>92.8</ele>
        <time>2026-09-16T12:36:37Z</time>
        <hdop>3.4</hdop>
        <extensions>
          <osmand:speed>1.8</osmand:speed>
        </extensions>
      </trkpt>
      <trkpt lat="61.7711366" lon="34.4079625">
        <ele>92.8</ele>
        <time>2026-09-16T12:36:39Z</time>
        <hdop>3.2</hdop>
        <extensions>
          <osmand:speed>2</osmand:speed>
        </extensions>
      </trkpt>
      <trkpt lat="61.7711129" lon="34.4079486">
        <ele>92.8</ele>
        <time>2026-09-16T12:36:40Z</time>
        <hdop>3.2</hdop>
        <extensions>
          <osmand:speed>1.8</osmand:speed>
        </extensions>
      </trkpt>
      <trkpt lat="61.7710808" lon="34.4078986">
        <ele>92.8</ele>
        <time>2026-09-16T12:36:42Z</time>
        <hdop>3.2</hdop>
        <extensions>
          <osmand:speed>2.4</osmand:speed>
        </extensions>
      </trkpt>
      <trkpt lat="61.7710802" lon="34.4077654">
        <ele>92.8</ele>
        <time>2026-09-16T12:36:44Z</time>
        <hdop>3.2</hdop>
        <extensions>
          <osmand:speed>3.2</osmand:speed>
        </extensions>
      </trkpt>
      <trkpt lat="61.7710976" lon="34.4076278">
        <ele>92.8</ele>
        <time>2026-09-16T12:36:46Z</time>
        <hdop>3.2</hdop>
        <extensions>
          <osmand:speed>3.4</osmand:speed>
        </extensions>
      </trkpt>
      <trkpt lat="61.7711098" lon="34.407563">
        <ele>93</ele>
        <time>2026-09-16T12:36:47Z</time>
        <hdop>3.2</hdop>
        <extensions>
          <osmand:speed>3.2</osmand:speed>
        </extensions>
      </trkpt>
      <trkpt lat="61.7711357" lon="34.4074173">
        <ele>93</ele>
        <time>2026-09-16T12:36:49Z</time>
        <hdop>3.9</hdop>
        <extensions>
          <osmand:speed>3.3</osmand:speed>
        </extensions>
      </trkpt>
      <trkpt lat="61.7711482" lon="34.4073495">
        <ele>93</ele>
        <time>2026-09-16T12:36:50Z</time>
        <hdop>4.1</hdop>
        <extensions>
          <osmand:speed>3.2</osmand:speed>
        </extensions>
      </trkpt>
      <trkpt lat="61.7711619" lon="34.4072798">
        <ele>93</ele>
        <time>2026-09-16T12:36:52Z</time>
        <hdop>4.1</hdop>
      </trkpt>
      <trkpt lat="61.7711872" lon="34.4072863">
        <ele>93.2</ele>
        <time>2026-09-16T12:36:56Z</time>
        <hdop>3.6</hdop>
      </trkpt>
      <trkpt lat="61.7712056" lon="34.4072795">
        <ele>93.2</ele>
        <time>2026-09-16T12:37:01Z</time>
        <hdop>3.8</hdop>
      </trkpt>
      <trkpt lat="61.7712066" lon="34.4072273">
        <ele>93.2</ele>
        <time>2026-09-16T12:37:04Z</time>
        <hdop>4.6</hdop>
        <extensions>
          <osmand:speed>1.7</osmand:speed>
        </extensions>
      </trkpt>
      <trkpt lat="61.7712111" lon="34.4071312">
        <ele>93.2</ele>
        <time>2026-09-16T12:37:06Z</time>
        <hdop>4.9</hdop>
        <extensions>
          <osmand:speed>3.1</osmand:speed>
        </extensions>
      </trkpt>
      <trkpt lat="61.7712096" lon="34.4070695">
        <ele>93.2</ele>
        <time>2026-09-16T12:37:07Z</time>
        <hdop>4.9</hdop>
        <extensions>
          <osmand:speed>2.5</osmand:speed>
        </extensions>
      </trkpt>
      <trkpt lat="61.7712059" lon="34.4070207">
        <ele>93.2</ele>
        <time>2026-09-16T12:37:08Z</time>
        <hdop>4.7</hdop>
        <extensions>
          <osmand:speed>2</osmand:speed>
        </extensions>
      </trkpt>
      <trkpt lat="61.7711981" lon="34.4069737">
        <ele>93.2</ele>
        <time>2026-09-16T12:37:09Z</time>
        <hdop>4.5</hdop>
        <extensions>
          <osmand:speed>2.5</osmand:speed>
        </extensions>
      </trkpt>
      <trkpt lat="61.7711834" lon="34.4068998">
        <ele>93.2</ele>
        <time>2026-09-16T12:37:11Z</time>
        <hdop>3.7</hdop>
        <extensions>
          <osmand:speed>1.6</osmand:speed>
        </extensions>
      </trkpt>
      <trkpt lat="61.7711888" lon="34.4068392">
        <ele>93.2</ele>
        <time>2026-09-16T12:37:12Z</time>
        <hdop>3.2</hdop>
        <extensions>
          <osmand:speed>3.5</osmand:speed>
        </extensions>
      </trkpt>
      <trkpt lat="61.7712276" lon="34.4066787">
        <ele>93.2</ele>
        <time>2026-09-16T12:37:14Z</time>
        <hdop>3.2</hdop>
        <extensions>
          <osmand:speed>3.9</osmand:speed>
        </extensions>
      </trkpt>
      <trkpt lat="61.7712995" lon="34.4064308">
        <ele>93.2</ele>
        <time>2026-09-16T12:37:16Z</time>
        <hdop>3.2</hdop>
        <extensions>
          <osmand:speed>5.7</osmand:speed>
        </extensions>
      </trkpt>
      <trkpt lat="61.7713479" lon="34.4062281">
        <ele>93.2</ele>
        <time>2026-09-16T12:37:18Z</time>
        <hdop>3.2</hdop>
        <extensions>
          <osmand:speed>5.9</osmand:speed>
        </extensions>
      </trkpt>
      <trkpt lat="61.7713809" lon="34.4060485">
        <ele>93.2</ele>
        <time>2026-09-16T12:37:20Z</time>
        <hdop>3.2</hdop>
        <extensions>
          <osmand:speed>4.5</osmand:speed>
        </extensions>
      </trkpt>
      <trkpt lat="61.7713925" lon="34.405974">
        <ele>92.3</ele>
        <time>2026-09-16T12:37:22Z</time>
        <hdop>3.9</hdop>
      </trkpt>
      <trkpt lat="61.7714194" lon="34.4058114">
        <ele>92.3</ele>
        <time>2026-09-16T12:37:23Z</time>
        <hdop>3.9</hdop>
        <extensions>
          <osmand:speed>4.4</osmand:speed>
        </extensions>
      </trkpt>
      <trkpt lat="61.7714632" lon="34.4056516">
        <ele>92.3</ele>
        <time>2026-09-16T12:37:25Z</time>
        <hdop>3.8</hdop>
        <extensions>
          <osmand:speed>4.8</osmand:speed>
        </extensions>
      </trkpt>
      <trkpt lat="61.7714762" lon="34.4055634">
        <ele>92.3</ele>
        <time>2026-09-16T12:37:26Z</time>
        <hdop>3.9</hdop>
        <extensions>
          <osmand:speed>4.8</osmand:speed>
        </extensions>
      </trkpt>
      <trkpt lat="61.7715146" lon="34.4053686">
        <ele>92.3</ele>
        <time>2026-09-16T12:37:28Z</time>
        <hdop>3.2</hdop>
        <extensions>
          <osmand:speed>4.8</osmand:speed>
        </extensions>
      </trkpt>
      <trkpt lat="61.7715261" lon="34.4052941">
        <ele>91.1</ele>
        <time>2026-09-16T12:37:29Z</time>
        <hdop>3.6</hdop>
        <extensions>
          <osmand:speed>4.5</osmand:speed>
        </extensions>
      </trkpt>
      <trkpt lat="61.7715464" lon="34.4051255">
        <ele>91.1</ele>
        <time>2026-09-16T12:37:31Z</time>
        <hdop>3.5</hdop>
        <extensions>
          <osmand:speed>4.5</osmand:speed>
        </extensions>
      </trkpt>
      <trkpt lat="61.7715498" lon="34.4050617">
        <ele>91.1</ele>
        <time>2026-09-16T12:37:32Z</time>
        <hdop>3.6</hdop>
        <extensions>
          <osmand:speed>3.7</osmand:speed>
        </extensions>
      </trkpt>
      <trkpt lat="61.7715745" lon="34.4049087">
        <ele>91.1</ele>
        <time>2026-09-16T12:37:34Z</time>
        <hdop>3.2</hdop>
        <extensions>
          <osmand:speed>4.5</osmand:speed>
        </extensions>
      </trkpt>
      <trkpt lat="61.7715979" lon="34.4047497">
        <ele>90.4</ele>
        <time>2026-09-16T12:37:36Z</time>
        <hdop>3.3</hdop>
        <extensions>
          <osmand:speed>4.3</osmand:speed>
        </extensions>
      </trkpt>
      <trkpt lat="61.7716071" lon="34.4046139">
        <ele>90.4</ele>
        <time>2026-09-16T12:37:38Z</time>
        <hdop>3.3</hdop>
        <extensions>
          <osmand:speed>3.6</osmand:speed>
        </extensions>
      </trkpt>
      <trkpt lat="61.7716183" lon="34.4044845">
        <ele>90.4</ele>
        <time>2026-09-16T12:37:40Z</time>
        <hdop>3.3</hdop>
        <extensions>
          <osmand:speed>3.8</osmand:speed>
        </extensions>
      </trkpt>
      <trkpt lat="61.7716275" lon="34.4044118">
        <ele>90.4</ele>
        <time>2026-09-16T12:37:41Z</time>
        <hdop>3.2</hdop>
        <extensions>
          <osmand:speed>3.9</osmand:speed>
        </extensions>
      </trkpt>
      <trkpt lat="61.7716428" lon="34.4042657">
        <ele>90.2</ele>
        <time>2026-09-16T12:37:43Z</time>
        <hdop>3.2</hdop>
        <extensions>
          <osmand:speed>3.5</osmand:speed>
        </extensions>
      </trkpt>
      <trkpt lat="61.7716444" lon="34.4041965">
        <ele>90.2</ele>
        <time>2026-09-16T12:37:44Z</time>
        <hdop>3.2</hdop>
        <extensions>
          <osmand:speed>3.7</osmand:speed>
        </extensions>
      </trkpt>
      <trkpt lat="61.7716468" lon="34.4041205">
        <ele>90.2</ele>
        <time>2026-09-16T12:37:45Z</time>
        <hdop>3.2</hdop>
        <extensions>
          <osmand:speed>4.2</osmand:speed>
        </extensions>
      </trkpt>
      <trkpt lat="61.7716581" lon="34.4039672">
        <ele>90.2</ele>
        <time>2026-09-16T12:37:47Z</time>
        <hdop>3.2</hdop>
        <extensions>
          <osmand:speed>4</osmand:speed>
        </extensions>
      </trkpt>
      <trkpt lat="61.7716672" lon="34.403896">
        <ele>90.2</ele>
        <time>2026-09-16T12:37:48Z</time>
        <hdop>3.4</hdop>
        <extensions>
          <osmand:speed>4</osmand:speed>
        </extensions>
      </trkpt>
      <trkpt lat="61.7716753" lon="34.4038203">
        <ele>89.8</ele>
        <time>2026-09-16T12:37:49Z</time>
        <hdop>4</hdop>
        <extensions>
          <osmand:speed>4.1</osmand:speed>
        </extensions>
      </trkpt>
      <trkpt lat="61.7716868" lon="34.4037475">
        <ele>89.8</ele>
        <time>2026-09-16T12:37:50Z</time>
        <hdop>4</hdop>
        <extensions>
          <osmand:speed>4.1</osmand:speed>
        </extensions>
      </trkpt>
      <trkpt lat="61.7717036" lon="34.4035855">
        <ele>89.8</ele>
        <time>2026-09-16T12:37:52Z</time>
        <hdop>4.1</hdop>
        <extensions>
          <osmand:speed>4.8</osmand:speed>
        </extensions>
      </trkpt>
      <trkpt lat="61.771742" lon="34.4033839">
        <ele>89.8</ele>
        <time>2026-09-16T12:37:54Z</time>
        <hdop>3.2</hdop>
        <extensions>
          <osmand:speed>5.3</osmand:speed>
        </extensions>
      </trkpt>
      <trkpt lat="61.7717509" lon="34.4032752">
        <ele>89.8</ele>
        <time>2026-09-16T12:37:55Z</time>
        <hdop>3.2</hdop>
        <extensions>
          <osmand:speed>5.8</osmand:speed>
        </extensions>
      </trkpt>
      <trkpt lat="61.7717727" lon="34.4030471">
        <ele>89.8</ele>
        <time>2026-09-16T12:37:57Z</time>
        <hdop>3.2</hdop>
        <extensions>
          <osmand:speed>5.6</osmand:speed>
        </extensions>
      </trkpt>
      <trkpt lat="61.7717736" lon="34.4029436">
        <ele>89.8</ele>
        <time>2026-09-16T12:37:58Z</time>
        <hdop>3.2</hdop>
        <extensions>
          <osmand:speed>5.1</osmand:speed>
        </extensions>
      </trkpt>
      <trkpt lat="61.7717898" lon="34.402852">
        <ele>89.8</ele>
        <time>2026-09-16T12:37:59Z</time>
        <hdop>3.2</hdop>
        <extensions>
          <osmand:speed>5.3</osmand:speed>
        </extensions>
      </trkpt>
      <trkpt lat="61.7718218" lon="34.4026418">
        <ele>89.8</ele>
        <time>2026-09-16T12:38:01Z</time>
        <hdop>3.2</hdop>
        <extensions>
          <osmand:speed>5.1</osmand:speed>
        </extensions>
      </trkpt>
      <trkpt lat="61.7718271" lon="34.4025399">
        <ele>89.8</ele>
        <time>2026-09-16T12:38:02Z</time>
        <hdop>3.2</hdop>
        <extensions>
          <osmand:speed>5.1</osmand:speed>
        </extensions>
      </trkpt>
      <trkpt lat="61.7717981" lon="34.4023594">
        <ele>89.8</ele>
        <time>2026-09-16T12:38:04Z</time>
        <hdop>3.2</hdop>
        <extensions>
          <osmand:speed>4.5</osmand:speed>
        </extensions>
      </trkpt>
      <trkpt lat="61.7718145" lon="34.4022899">
        <ele>88</ele>
        <time>2026-09-16T12:38:05Z</time>
        <hdop>3.7</hdop>
        <extensions>
          <osmand:speed>4.3</osmand:speed>
        </extensions>
      </trkpt>
      <trkpt lat="61.7718198" lon="34.4022066">
        <ele>88</ele>
        <time>2026-09-16T12:38:06Z</time>
        <hdop>3.8</hdop>
        <extensions>
          <osmand:speed>4.9</osmand:speed>
        </extensions>
      </trkpt>
      <trkpt lat="61.771844" lon="34.4020666">
        <ele>88</ele>
        <time>2026-09-16T12:38:08Z</time>
        <hdop>3.7</hdop>
        <extensions>
          <osmand:speed>4.5</osmand:speed>
        </extensions>
      </trkpt>
      <trkpt lat="61.7718468" lon="34.4018808">
        <ele>88</ele>
        <time>2026-09-16T12:38:10Z</time>
        <hdop>3.2</hdop>
        <extensions>
          <osmand:speed>4.8</osmand:speed>
        </extensions>
      </trkpt>
      <trkpt lat="61.771846" lon="34.401697">
        <ele>88</ele>
        <time>2026-09-16T12:38:12Z</time>
        <hdop>3.2</hdop>
        <extensions>
          <osmand:speed>4.8</osmand:speed>
        </extensions>
      </trkpt>
      <trkpt lat="61.7718462" lon="34.4014932">
        <ele>88</ele>
        <time>2026-09-16T12:38:14Z</time>
        <hdop>3.4</hdop>
        <extensions>
          <osmand:speed>5</osmand:speed>
        </extensions>
      </trkpt>
      <trkpt lat="61.7718524" lon="34.4013907">
        <ele>88</ele>
        <time>2026-09-16T12:38:15Z</time>
        <hdop>3.4</hdop>
        <extensions>
          <osmand:speed>5.4</osmand:speed>
        </extensions>
      </trkpt>
      <trkpt lat="61.7718575" lon="34.4011724">
        <ele>88</ele>
        <time>2026-09-16T12:38:17Z</time>
        <hdop>3.4</hdop>
        <extensions>
          <osmand:speed>6</osmand:speed>
        </extensions>
      </trkpt>
      <trkpt lat="61.7718243" lon="34.4010576">
        <ele>88</ele>
        <time>2026-09-16T12:38:18Z</time>
        <hdop>3.2</hdop>
        <extensions>
          <osmand:speed>5.6</osmand:speed>
        </extensions>
      </trkpt>
      <trkpt lat="61.7718043" lon="34.4009767">
        <ele>88</ele>
        <time>2026-09-16T12:38:19Z</time>
        <hdop>3.2</hdop>
        <extensions>
          <osmand:speed>4.4</osmand:speed>
        </extensions>
      </trkpt>
      <trkpt lat="61.7717902" lon="34.4008996">
        <ele>87.8</ele>
        <time>2026-09-16T12:38:21Z</time>
        <hdop>4</hdop>
      </trkpt>
      <trkpt lat="61.7717843" lon="34.4008258">
        <ele>87.8</ele>
        <time>2026-09-16T12:38:22Z</time>
        <hdop>4</hdop>
        <extensions>
          <osmand:speed>2.2</osmand:speed>
        </extensions>
      </trkpt>
      <trkpt lat="61.7717595" lon="34.4007427">
        <ele>87.8</ele>
        <time>2026-09-16T12:38:24Z</time>
        <hdop>3.9</hdop>
        <extensions>
          <osmand:speed>1.9</osmand:speed>
        </extensions>
      </trkpt>
      <trkpt lat="61.7717529" lon="34.4006795">
        <ele>87.8</ele>
        <time>2026-09-16T12:38:26Z</time>
        <hdop>3.2</hdop>
        <extensions>
          <osmand:speed>2.2</osmand:speed>
        </extensions>
      </trkpt>
      <trkpt lat="61.7717484" lon="34.4005793">
        <ele>87.8</ele>
        <time>2026-09-16T12:38:28Z</time>
        <hdop>3.2</hdop>
        <extensions>
          <osmand:speed>2.3</osmand:speed>
        </extensions>
      </trkpt>
      <trkpt lat="61.7717479" lon="34.4005335">
        <ele>87.8</ele>
        <time>2026-09-16T12:38:29Z</time>
        <hdop>3.2</hdop>
        <extensions>
          <osmand:speed>2.3</osmand:speed>
        </extensions>
      </trkpt>
      <trkpt lat="61.7717468" lon="34.4004484">
        <ele>87.8</ele>
        <time>2026-09-16T12:38:31Z</time>
        <hdop>3.2</hdop>
        <extensions>
          <osmand:speed>2.6</osmand:speed>
        </extensions>
      </trkpt>
      <trkpt lat="61.7717442" lon="34.400352">
        <ele>86.9</ele>
        <time>2026-09-16T12:38:33Z</time>
        <hdop>3.3</hdop>
        <extensions>
          <osmand:speed>2.8</osmand:speed>
        </extensions>
      </trkpt>
      <trkpt lat="61.771746" lon="34.4003004">
        <ele>86.9</ele>
        <time>2026-09-16T12:38:34Z</time>
        <hdop>3.3</hdop>
        <extensions>
          <osmand:speed>3.1</osmand:speed>
        </extensions>
      </trkpt>
      <trkpt lat="61.7717478" lon="34.4001933">
        <ele>86.9</ele>
        <time>2026-09-16T12:38:36Z</time>
        <hdop>3.3</hdop>
        <extensions>
          <osmand:speed>2.9</osmand:speed>
        </extensions>
      </trkpt>
      <trkpt lat="61.7717489" lon="34.4001438">
        <ele>86.9</ele>
        <time>2026-09-16T12:38:37Z</time>
        <hdop>3.2</hdop>
        <extensions>
          <osmand:speed>2.7</osmand:speed>
        </extensions>
      </trkpt>
      <trkpt lat="61.7717509" lon="34.4000956">
        <ele>86.9</ele>
        <time>2026-09-16T12:38:38Z</time>
        <hdop>3.4</hdop>
        <extensions>
          <osmand:speed>2.7</osmand:speed>
        </extensions>
      </trkpt>
      <trkpt lat="61.7717534" lon="34.4000417">
        <ele>86.9</ele>
        <time>2026-09-16T12:38:39Z</time>
        <hdop>3.7</hdop>
        <extensions>
          <osmand:speed>3</osmand:speed>
        </extensions>
      </trkpt>
      <trkpt lat="61.7717546" lon="34.3999818">
        <ele>86.9</ele>
        <time>2026-09-16T12:38:40Z</time>
        <hdop>3.7</hdop>
        <extensions>
          <osmand:speed>3.2</osmand:speed>
        </extensions>
      </trkpt>
      <trkpt lat="61.771753" lon="34.3998553">
        <ele>86.9</ele>
        <time>2026-09-16T12:38:42Z</time>
        <hdop>3.6</hdop>
        <extensions>
          <osmand:speed>3.2</osmand:speed>
        </extensions>
      </trkpt>
      <trkpt lat="61.7717537" lon="34.3997923">
        <ele>86.9</ele>
        <time>2026-09-16T12:38:43Z</time>
        <hdop>3.6</hdop>
        <extensions>
          <osmand:speed>3.2</osmand:speed>
        </extensions>
      </trkpt>
      <trkpt lat="61.7717539" lon="34.3997287">
        <ele>86.9</ele>
        <time>2026-09-16T12:38:44Z</time>
        <hdop>3.2</hdop>
        <extensions>
          <osmand:speed>3.1</osmand:speed>
        </extensions>
      </trkpt>
      <trkpt lat="61.7717518" lon="34.3995947">
        <ele>86.7</ele>
        <time>2026-09-16T12:38:46Z</time>
        <hdop>3.2</hdop>
        <extensions>
          <osmand:speed>3.1</osmand:speed>
        </extensions>
      </trkpt>
      <trkpt lat="61.7717506" lon="34.3995272">
        <ele>86.7</ele>
        <time>2026-09-16T12:38:47Z</time>
        <hdop>3.2</hdop>
        <extensions>
          <osmand:speed>3.3</osmand:speed>
        </extensions>
      </trkpt>
      <trkpt lat="61.7717534" lon="34.3994021">
        <ele>86.7</ele>
        <time>2026-09-16T12:38:49Z</time>
        <hdop>3.2</hdop>
        <extensions>
          <osmand:speed>2.8</osmand:speed>
        </extensions>
      </trkpt>
      <trkpt lat="61.771763" lon="34.3992716">
        <ele>86.7</ele>
        <time>2026-09-16T12:38:51Z</time>
        <hdop>3.2</hdop>
        <extensions>
          <osmand:speed>3.4</osmand:speed>
        </extensions>
      </trkpt>
      <trkpt lat="61.7717687" lon="34.3992042">
        <ele>86.7</ele>
        <time>2026-09-16T12:38:52Z</time>
        <hdop>3.8</hdop>
        <extensions>
          <osmand:speed>3.2</osmand:speed>
        </extensions>
      </trkpt>
      <trkpt lat="61.771774" lon="34.399138">
        <ele>86.7</ele>
        <time>2026-09-16T12:38:53Z</time>
        <hdop>3.8</hdop>
        <extensions>
          <osmand:speed>3.3</osmand:speed>
        </extensions>
      </trkpt>
      <trkpt lat="61.7717795" lon="34.3989898">
        <ele>86.7</ele>
        <time>2026-09-16T12:38:55Z</time>
        <hdop>3.8</hdop>
        <extensions>
          <osmand:speed>3.9</osmand:speed>
        </extensions>
      </trkpt>
      <trkpt lat="61.7717802" lon="34.39883">
        <ele>86.7</ele>
        <time>2026-09-16T12:38:57Z</time>
        <hdop>3.2</hdop>
        <extensions>
          <osmand:speed>3.8</osmand:speed>
        </extensions>
      </trkpt>
      <trkpt lat="61.7717822" lon="34.3986849">
        <ele>86.7</ele>
        <time>2026-09-16T12:38:59Z</time>
        <hdop>3.2</hdop>
        <extensions>
          <osmand:speed>3.6</osmand:speed>
        </extensions>
      </trkpt>
      <trkpt lat="61.7717809" lon="34.3985404">
        <ele>86.7</ele>
        <time>2026-09-16T12:39:01Z</time>
        <hdop>3.2</hdop>
        <extensions>
          <osmand:speed>3.7</osmand:speed>
        </extensions>
      </trkpt>
      <trkpt lat="61.7717795" lon="34.398467">
        <ele>86.7</ele>
        <time>2026-09-16T12:39:02Z</time>
        <hdop>3.2</hdop>
        <extensions>
          <osmand:speed>3.8</osmand:speed>
        </extensions>
      </trkpt>
      <trkpt lat="61.7717805" lon="34.3983223">
        <ele>86.7</ele>
        <time>2026-09-16T12:39:04Z</time>
        <hdop>3.2</hdop>
        <extensions>
          <osmand:speed>3.9</osmand:speed>
        </extensions>
      </trkpt>
      <trkpt lat="61.7717819" lon="34.3982497">
        <ele>86.7</ele>
        <time>2026-09-16T12:39:05Z</time>
        <hdop>3.2</hdop>
        <extensions>
          <osmand:speed>3.8</osmand:speed>
        </extensions>
      </trkpt>
      <trkpt lat="61.7717868" lon="34.3980983">
        <ele>86.7</ele>
        <time>2026-09-16T12:39:07Z</time>
        <hdop>3.2</hdop>
        <extensions>
          <osmand:speed>4</osmand:speed>
        </extensions>
      </trkpt>
      <trkpt lat="61.7717906" lon="34.3979473">
        <ele>86.7</ele>
        <time>2026-09-16T12:39:09Z</time>
        <hdop>3.2</hdop>
        <extensions>
          <osmand:speed>3.7</osmand:speed>
        </extensions>
      </trkpt>
      <trkpt lat="61.7717915" lon="34.3978796">
        <ele>86.7</ele>
        <time>2026-09-16T12:39:10Z</time>
        <hdop>3.2</hdop>
        <extensions>
          <osmand:speed>3.5</osmand:speed>
        </extensions>
      </trkpt>
      <trkpt lat="61.7717918" lon="34.3978105">
        <ele>86.7</ele>
        <time>2026-09-16T12:39:11Z</time>
        <hdop>3.2</hdop>
        <extensions>
          <osmand:speed>3.8</osmand:speed>
        </extensions>
      </trkpt>
      <trkpt lat="61.7717938" lon="34.3976708">
        <ele>86.7</ele>
        <time>2026-09-16T12:39:13Z</time>
        <hdop>3.2</hdop>
        <extensions>
          <osmand:speed>3.9</osmand:speed>
        </extensions>
      </trkpt>
      <trkpt lat="61.7717958" lon="34.3976007">
        <ele>86.7</ele>
        <time>2026-09-16T12:39:14Z</time>
        <hdop>3.4</hdop>
        <extensions>
          <osmand:speed>3.8</osmand:speed>
        </extensions>
      </trkpt>
      <trkpt lat="61.7717975" lon="34.3974655">
        <ele>86.7</ele>
        <time>2026-09-16T12:39:16Z</time>
        <hdop>3.4</hdop>
        <extensions>
          <osmand:speed>3.8</osmand:speed>
        </extensions>
      </trkpt>
      <trkpt lat="61.7717978" lon="34.3973985">
        <ele>86.7</ele>
        <time>2026-09-16T12:39:17Z</time>
        <hdop>3.4</hdop>
        <extensions>
          <osmand:speed>3.7</osmand:speed>
        </extensions>
      </trkpt>
      <trkpt lat="61.7717948" lon="34.3972661">
        <ele>86.7</ele>
        <time>2026-09-16T12:39:19Z</time>
        <hdop>3.4</hdop>
        <extensions>
          <osmand:speed>3.5</osmand:speed>
        </extensions>
      </trkpt>
      <trkpt lat="61.7717887" lon="34.3971375">
        <ele>86.7</ele>
        <time>2026-09-16T12:39:21Z</time>
        <hdop>3.2</hdop>
        <extensions>
          <osmand:speed>3.7</osmand:speed>
        </extensions>
      </trkpt>
      <trkpt lat="61.7717823" lon="34.3969888">
        <ele>86.7</ele>
        <time>2026-09-16T12:39:23Z</time>
        <hdop>3.6</hdop>
        <extensions>
          <osmand:speed>4.1</osmand:speed>
        </extensions>
      </trkpt>
      <trkpt lat="61.7717807" lon="34.396863">
        <ele>86.7</ele>
        <time>2026-09-16T12:39:25Z</time>
        <hdop>3.9</hdop>
        <extensions>
          <osmand:speed>3</osmand:speed>
        </extensions>
      </trkpt>
      <trkpt lat="61.7717821" lon="34.3967984">
        <ele>86.6</ele>
        <time>2026-09-16T12:39:27Z</time>
        <hdop>4.9</hdop>
      </trkpt>
      <trkpt lat="61.7717904" lon="34.3966489">
        <ele>86.6</ele>
        <time>2026-09-16T12:39:28Z</time>
        <hdop>4.9</hdop>
        <extensions>
          <osmand:speed>3.6</osmand:speed>
        </extensions>
      </trkpt>
      <trkpt lat="61.7717833" lon="34.396501">
        <ele>86.6</ele>
        <time>2026-09-16T12:39:30Z</time>
        <hdop>4.8</hdop>
        <extensions>
          <osmand:speed>3.9</osmand:speed>
        </extensions>
      </trkpt>
      <trkpt lat="61.7717765" lon="34.3964262">
        <ele>86.6</ele>
        <time>2026-09-16T12:39:31Z</time>
        <hdop>4.9</hdop>
        <extensions>
          <osmand:speed>3.9</osmand:speed>
        </extensions>
      </trkpt>
      <trkpt lat="61.7717734" lon="34.3963586">
        <ele>86.6</ele>
        <time>2026-09-16T12:39:32Z</time>
        <hdop>4.3</hdop>
        <extensions>
          <osmand:speed>3.6</osmand:speed>
        </extensions>
      </trkpt>
      <trkpt lat="61.7717709" lon="34.3962214">
        <ele>86.6</ele>
        <time>2026-09-16T12:39:34Z</time>
        <hdop>4.3</hdop>
        <extensions>
          <osmand:speed>3.8</osmand:speed>
        </extensions>
      </trkpt>
      <trkpt lat="61.7717698" lon="34.3961497">
        <ele>86.6</ele>
        <time>2026-09-16T12:39:35Z</time>
        <hdop>4.5</hdop>
        <extensions>
          <osmand:speed>3.8</osmand:speed>
        </extensions>
      </trkpt>
      <trkpt lat="61.7717723" lon="34.3960781">
        <ele>86.6</ele>
        <time>2026-09-16T12:39:36Z</time>
        <hdop>4.7</hdop>
        <extensions>
          <osmand:speed>3.8</osmand:speed>
        </extensions>
      </trkpt>
      <trkpt lat="61.7717794" lon="34.3959356">
        <ele>86.6</ele>
        <time>2026-09-16T12:39:38Z</time>
        <hdop>5.1</hdop>
        <extensions>
          <osmand:speed>3.6</osmand:speed>
        </extensions>
      </trkpt>
      <trkpt lat="61.7717831" lon="34.3958033">
        <ele>86.6</ele>
        <time>2026-09-16T12:39:40Z</time>
        <hdop>5.2</hdop>
        <extensions>
          <osmand:speed>3.2</osmand:speed>
        </extensions>
      </trkpt>
      <trkpt lat="61.7717839" lon="34.3956847">
        <ele>86.6</ele>
        <time>2026-09-16T12:39:42Z</time>
        <hdop>5</hdop>
        <extensions>
          <osmand:speed>3.4</osmand:speed>
        </extensions>
      </trkpt>
      <trkpt lat="61.7717844" lon="34.3956236">
        <ele>86.6</ele>
        <time>2026-09-16T12:39:43Z</time>
        <hdop>4.8</hdop>
        <extensions>
          <osmand:speed>3.4</osmand:speed>
        </extensions>
      </trkpt>
      <trkpt lat="61.7717907" lon="34.3954849">
        <ele>86.7</ele>
        <time>2026-09-16T12:39:45Z</time>
        <hdop>4.5</hdop>
        <extensions>
          <osmand:speed>4.1</osmand:speed>
        </extensions>
      </trkpt>
      <trkpt lat="61.7718035" lon="34.3953326">
        <ele>86.7</ele>
        <time>2026-09-16T12:39:47Z</time>
        <hdop>4.3</hdop>
        <extensions>
          <osmand:speed>3.7</osmand:speed>
        </extensions>
      </trkpt>
      <trkpt lat="61.7718193" lon="34.3951975">
        <ele>86.7</ele>
        <time>2026-09-16T12:39:49Z</time>
        <hdop>4.3</hdop>
        <extensions>
          <osmand:speed>3.4</osmand:speed>
        </extensions>
      </trkpt>
      <trkpt lat="61.7718226" lon="34.3951329">
        <ele>91</ele>
        <time>2026-09-16T12:39:51Z</time>
        <hdop>5.2</hdop>
      </trkpt>
      <trkpt lat="61.7718238" lon="34.3950079">
        <ele>91</ele>
        <time>2026-09-16T12:39:52Z</time>
        <hdop>5.2</hdop>
        <extensions>
          <osmand:speed>3.6</osmand:speed>
        </extensions>
      </trkpt>
      <trkpt lat="61.771824" lon="34.3948869">
        <ele>91</ele>
        <time>2026-09-16T12:39:54Z</time>
        <hdop>5.2</hdop>
        <extensions>
          <osmand:speed>3.4</osmand:speed>
        </extensions>
      </trkpt>
      <trkpt lat="61.7718312" lon="34.3947692">
        <ele>91</ele>
        <time>2026-09-16T12:39:56Z</time>
        <hdop>4.7</hdop>
        <extensions>
          <osmand:speed>3.5</osmand:speed>
        </extensions>
      </trkpt>
      <trkpt lat="61.7718371" lon="34.3947021">
        <ele>91</ele>
        <time>2026-09-16T12:39:57Z</time>
        <hdop>4.8</hdop>
        <extensions>
          <osmand:speed>3.6</osmand:speed>
        </extensions>
      </trkpt>
      <trkpt lat="61.7718459" lon="34.3945692">
        <ele>91</ele>
        <time>2026-09-16T12:39:59Z</time>
        <hdop>5.5</hdop>
        <extensions>
          <osmand:speed>3.4</osmand:speed>
        </extensions>
      </trkpt>
      <trkpt lat="61.7718419" lon="34.3944334">
        <ele>91</ele>
        <time>2026-09-16T12:40:01Z</time>
        <hdop>5.4</hdop>
        <extensions>
          <osmand:speed>3.3</osmand:speed>
        </extensions>
      </trkpt>
      <trkpt lat="61.7718356" lon="34.3942975">
        <ele>91</ele>
        <time>2026-09-16T12:40:03Z</time>
        <hdop>4.1</hdop>
        <extensions>
          <osmand:speed>3.3</osmand:speed>
        </extensions>
      </trkpt>
      <trkpt lat="61.7718314" lon="34.3942321">
        <ele>91</ele>
        <time>2026-09-16T12:40:04Z</time>
        <hdop>4.1</hdop>
        <extensions>
          <osmand:speed>3.3</osmand:speed>
        </extensions>
      </trkpt>
      <trkpt lat="61.771828" lon="34.3941689">
        <ele>91</ele>
        <time>2026-09-16T12:40:05Z</time>
        <hdop>4.1</hdop>
        <extensions>
          <osmand:speed>3.2</osmand:speed>
        </extensions>
      </trkpt>
      <trkpt lat="61.7718231" lon="34.3940582">
        <ele>91</ele>
        <time>2026-09-16T12:40:07Z</time>
        <hdop>3.9</hdop>
        <extensions>
          <osmand:speed>2.9</osmand:speed>
        </extensions>
      </trkpt>
      <trkpt lat="61.7718213" lon="34.393931">
        <ele>91</ele>
        <time>2026-09-16T12:40:09Z</time>
        <hdop>4.1</hdop>
        <extensions>
          <osmand:speed>3.6</osmand:speed>
        </extensions>
      </trkpt>
      <trkpt lat="61.7718183" lon="34.3938684">
        <ele>91</ele>
        <time>2026-09-16T12:40:10Z</time>
        <hdop>4.1</hdop>
        <extensions>
          <osmand:speed>3.1</osmand:speed>
        </extensions>
      </trkpt>
      <trkpt lat="61.7718139" lon="34.3937406">
        <ele>91</ele>
        <time>2026-09-16T12:40:12Z</time>
        <hdop>4.1</hdop>
        <extensions>
          <osmand:speed>3.6</osmand:speed>
        </extensions>
      </trkpt>
      <trkpt lat="61.7718142" lon="34.3936781">
        <ele>91</ele>
        <time>2026-09-16T12:40:13Z</time>
        <hdop>4.3</hdop>
        <extensions>
          <osmand:speed>3.2</osmand:speed>
        </extensions>
      </trkpt>
      <trkpt lat="61.7718198" lon="34.3935656">
        <ele>91</ele>
        <time>2026-09-16T12:40:15Z</time>
        <hdop>4.3</hdop>
        <extensions>
          <osmand:speed>3</osmand:speed>
        </extensions>
      </trkpt>
      <trkpt lat="61.771823" lon="34.3935042">
        <ele>91</ele>
        <time>2026-09-16T12:40:16Z</time>
        <hdop>4.3</hdop>
        <extensions>
          <osmand:speed>3.3</osmand:speed>
        </extensions>
      </trkpt>
      <trkpt lat="61.7718287" lon="34.3934455">
        <ele>91</ele>
        <time>2026-09-16T12:40:17Z</time>
        <hdop>4.3</hdop>
        <extensions>
          <osmand:speed>2.9</osmand:speed>
        </extensions>
      </trkpt>
      <trkpt lat="61.7718438" lon="34.3933372">
        <ele>91</ele>
        <time>2026-09-16T12:40:19Z</time>
        <hdop>4.3</hdop>
        <extensions>
          <osmand:speed>3.4</osmand:speed>
        </extensions>
      </trkpt>
      <trkpt lat="61.7718538" lon="34.3932822">
        <ele>91</ele>
        <time>2026-09-16T12:40:20Z</time>
        <hdop>4.3</hdop>
        <extensions>
          <osmand:speed>3</osmand:speed>
        </extensions>
      </trkpt>
      <trkpt lat="61.7718987" lon="34.3931867">
        <ele>91</ele>
        <time>2026-09-16T12:40:22Z</time>
        <hdop>4.3</hdop>
        <extensions>
          <osmand:speed>3.9</osmand:speed>
        </extensions>
      </trkpt>
      <trkpt lat="61.7719299" lon="34.3931601">
        <ele>91</ele>
        <time>2026-09-16T12:40:23Z</time>
        <hdop>4.2</hdop>
        <extensions>
          <osmand:speed>3.5</osmand:speed>
        </extensions>
      </trkpt>
      <trkpt lat="61.7720028" lon="34.3931528">
        <ele>91</ele>
        <time>2026-09-16T12:40:25Z</time>
        <hdop>3.9</hdop>
        <extensions>
          <osmand:speed>3.9</osmand:speed>
        </extensions>
      </trkpt>
      <trkpt lat="61.7720822" lon="34.393161">
        <ele>91</ele>
        <time>2026-09-16T12:40:27Z</time>
        <hdop>3.6</hdop>
        <extensions>
          <osmand:speed>4.4</osmand:speed>
        </extensions>
      </trkpt>
      <trkpt lat="61.7721255" lon="34.3931603">
        <ele>91</ele>
        <time>2026-09-16T12:40:28Z</time>
        <hdop>3.9</hdop>
        <extensions>
          <osmand:speed>4.4</osmand:speed>
        </extensions>
      </trkpt>
      <trkpt lat="61.7722016" lon="34.3931661">
        <ele>91</ele>
        <time>2026-09-16T12:40:30Z</time>
        <hdop>4.7</hdop>
        <extensions>
          <osmand:speed>4.5</osmand:speed>
        </extensions>
      </trkpt>
      <trkpt lat="61.7722805" lon="34.3931517">
        <ele>91</ele>
        <time>2026-09-16T12:40:32Z</time>
        <hdop>5.2</hdop>
        <extensions>
          <osmand:speed>3.9</osmand:speed>
        </extensions>
      </trkpt>
      <trkpt lat="61.7723437" lon="34.3931233">
        <ele>91.4</ele>
        <time>2026-09-16T12:40:34Z</time>
        <hdop>5.7</hdop>
        <extensions>
          <osmand:speed>3.2</osmand:speed>
        </extensions>
      </trkpt>
      <trkpt lat="61.772371" lon="34.3931149">
        <ele>91.4</ele>
        <time>2026-09-16T12:40:35Z</time>
        <hdop>5.6</hdop>
        <extensions>
          <osmand:speed>2.9</osmand:speed>
        </extensions>
      </trkpt>
      <trkpt lat="61.7724388" lon="34.3931201">
        <ele>91.4</ele>
        <time>2026-09-16T12:40:37Z</time>
        <hdop>5.3</hdop>
        <extensions>
          <osmand:speed>3.8</osmand:speed>
        </extensions>
      </trkpt>
      <trkpt lat="61.7724787" lon="34.3931308">
        <ele>91.4</ele>
        <time>2026-09-16T12:40:38Z</time>
        <hdop>4.3</hdop>
        <extensions>
          <osmand:speed>4.1</osmand:speed>
        </extensions>
      </trkpt>
      <trkpt lat="61.772555" lon="34.3931468">
        <ele>91.4</ele>
        <time>2026-09-16T12:40:40Z</time>
        <hdop>4.3</hdop>
        <extensions>
          <osmand:speed>3.2</osmand:speed>
        </extensions>
      </trkpt>
      <trkpt lat="61.7725889" lon="34.3931469">
        <ele>91.4</ele>
        <time>2026-09-16T12:40:41Z</time>
        <hdop>4.3</hdop>
        <extensions>
          <osmand:speed>3.6</osmand:speed>
        </extensions>
      </trkpt>
      <trkpt lat="61.7726643" lon="34.3931408">
        <ele>91.4</ele>
        <time>2026-09-16T12:40:43Z</time>
        <hdop>4.3</hdop>
        <extensions>
          <osmand:speed>4.6</osmand:speed>
        </extensions>
      </trkpt>
      <trkpt lat="61.7727005" lon="34.3931481">
        <ele>88</ele>
        <time>2026-09-16T12:40:44Z</time>
        <hdop>4.3</hdop>
        <extensions>
          <osmand:speed>3.3</osmand:speed>
        </extensions>
      </trkpt>
      <trkpt lat="61.7727241" lon="34.3931636">
        <ele>88</ele>
        <time>2026-09-16T12:40:45Z</time>
        <hdop>4.3</hdop>
        <extensions>
          <osmand:speed>2.2</osmand:speed>
        </extensions>
      </trkpt>
      <trkpt lat="61.7727697" lon="34.3931982">
        <ele>88</ele>
        <time>2026-09-16T12:40:47Z</time>
        <hdop>4.3</hdop>
        <extensions>
          <osmand:speed>1.9</osmand:speed>
        </extensions>
      </trkpt>
      <trkpt lat="61.7727921" lon="34.3932422">
        <ele>88</ele>
        <time>2026-09-16T12:40:49Z</time>
        <hdop>4.5</hdop>
        <extensions>
          <osmand:speed>1.8</osmand:speed>
        </extensions>
      </trkpt>
      <trkpt lat="61.7728002" lon="34.3932954">
        <ele>88</ele>
        <time>2026-09-16T12:40:51Z</time>
        <hdop>5.5</hdop>
        <extensions>
          <osmand:speed>1.5</osmand:speed>
        </extensions>
      </trkpt>
      <trkpt lat="61.7728064" lon="34.3933504">
        <ele>81.3</ele>
        <time>2026-09-16T12:40:52Z</time>
        <hdop>7.5</hdop>
        <extensions>
          <osmand:speed>3.3</osmand:speed>
        </extensions>
      </trkpt>
      <trkpt lat="61.7728118" lon="34.3934205">
        <ele>81.3</ele>
        <time>2026-09-16T12:40:53Z</time>
        <hdop>8</hdop>
        <extensions>
          <osmand:speed>3.2</osmand:speed>
        </extensions>
      </trkpt>
      <trkpt lat="61.7728083" lon="34.3935485">
        <ele>81.3</ele>
        <time>2026-09-16T12:40:55Z</time>
        <hdop>8.7</hdop>
        <extensions>
          <osmand:speed>3.3</osmand:speed>
        </extensions>
      </trkpt>
      <trkpt lat="61.7728027" lon="34.3936249">
        <ele>81.3</ele>
        <time>2026-09-16T12:40:56Z</time>
        <hdop>8.7</hdop>
        <extensions>
          <osmand:speed>3.5</osmand:speed>
        </extensions>
      </trkpt>
      <trkpt lat="61.7727995" lon="34.3937027">
        <ele>81.3</ele>
        <time>2026-09-16T12:40:57Z</time>
        <hdop>8.1</hdop>
        <extensions>
          <osmand:speed>3</osmand:speed>
        </extensions>
      </trkpt>
      <trkpt lat="61.7727984" lon="34.3938598">
        <ele>81.3</ele>
        <time>2026-09-16T12:40:59Z</time>
        <hdop>7.9</hdop>
        <extensions>
          <osmand:speed>3.1</osmand:speed>
        </extensions>
      </trkpt>
      <trkpt lat="61.7727992" lon="34.3939416">
        <ele>81.5</ele>
        <time>2026-09-16T12:41:01Z</time>
        <hdop>7.8</hdop>
      </trkpt>
      <trkpt lat="61.7728183" lon="34.3940615">
        <ele>81.5</ele>
        <time>2026-09-16T12:41:02Z</time>
        <hdop>6.6</hdop>
        <extensions>
          <osmand:speed>2.1</osmand:speed>
        </extensions>
      </trkpt>
      <trkpt lat="61.7728545" lon="34.3940898">
        <ele>81.5</ele>
        <time>2026-09-16T12:41:04Z</time>
        <hdop>5.7</hdop>
        <extensions>
          <osmand:speed>0.7</osmand:speed>
        </extensions>
      </trkpt>
      <trkpt lat="61.7728817" lon="34.3940786">
        <ele>81.5</ele>
        <time>2026-09-16T12:41:06Z</time>
        <hdop>4.3</hdop>
      </trkpt>
      <trkpt lat="61.7729015" lon="34.3940559">
        <ele>87.4</ele>
        <time>2026-09-16T12:41:16Z</time>
        <hdop>3.8</hdop>
      </trkpt>
      <trkpt lat="61.7728808" lon="34.3940317">
        <ele>89.6</ele>
        <time>2026-09-16T12:41:23Z</time>
        <hdop>4.7</hdop>
        <extensions>
          <osmand:speed>0.4</osmand:speed>
        </extensions>
      </trkpt>
      <trkpt lat="61.7728696" lon="34.3940674">
        <ele>89.6</ele>
        <time>2026-09-16T12:41:31Z</time>
        <hdop>5.2</hdop>
        <extensions>
          <osmand:speed>0.6</osmand:speed>
        </extensions>
      </trkpt>
      <trkpt lat="61.7728905" lon="34.3940767">
        <ele>89.7</ele>
        <time>2026-09-16T12:41:35Z</time>
        <hdop>4.5</hdop>
        <extensions>
          <osmand:speed>0.6</osmand:speed>
        </extensions>
      </trkpt>
      <trkpt lat="61.7728822" lon="34.3940383">
        <ele>93.2</ele>
        <time>2026-09-16T12:41:40Z</time>
        <hdop>4.4</hdop>
        <extensions>
          <osmand:speed>0.2</osmand:speed>
        </extensions>
      </trkpt>
      <trkpt lat="61.7728647" lon="34.3940195">
        <ele>89.9</ele>
        <time>2026-09-16T12:42:36Z</time>
        <hdop>4.1</hdop>
        <extensions>
          <osmand:speed>0</osmand:speed>
        </extensions>
      </trkpt>
      <trkpt lat="61.7728821" lon="34.3940076">
        <ele>89.9</ele>
        <time>2026-09-16T12:43:30Z</time>
        <hdop>4.1</hdop>
        <extensions>
          <osmand:speed>0.4</osmand:speed>
        </extensions>
      </trkpt>
      <trkpt lat="61.7728602" lon="34.3940111">
        <ele>89.9</ele>
        <time>2026-09-16T12:44:27Z</time>
        <hdop>3.8</hdop>
        <extensions>
          <osmand:speed>1.1</osmand:speed>
        </extensions>
      </trkpt>
      <trkpt lat="61.7728496" lon="34.3939794">
        <ele>89.9</ele>
        <time>2026-09-16T12:44:29Z</time>
        <hdop>3.2</hdop>
        <extensions>
          <osmand:speed>1</osmand:speed>
        </extensions>
      </trkpt>
      <trkpt lat="61.7728469" lon="34.3939392">
        <ele>89.9</ele>
        <time>2026-09-16T12:44:31Z</time>
        <hdop>3.2</hdop>
        <extensions>
          <osmand:speed>1.2</osmand:speed>
        </extensions>
      </trkpt>
      <trkpt lat="61.7728461" lon="34.393896">
        <ele>89.9</ele>
        <time>2026-09-16T12:44:33Z</time>
        <hdop>3.2</hdop>
        <extensions>
          <osmand:speed>0.9</osmand:speed>
        </extensions>
      </trkpt>
      <trkpt lat="61.7728552" lon="34.3938415">
        <ele>89.9</ele>
        <time>2026-09-16T12:44:34Z</time>
        <hdop>3.7</hdop>
        <extensions>
          <osmand:speed>1.2</osmand:speed>
        </extensions>
      </trkpt>
      <trkpt lat="61.772864" lon="34.3938004">
        <ele>89.9</ele>
        <time>2026-09-16T12:44:36Z</time>
        <hdop>4.2</hdop>
        <extensions>
          <osmand:speed>1.3</osmand:speed>
        </extensions>
      </trkpt>
      <trkpt lat="61.7728679" lon="34.3937497">
        <ele>88.8</ele>
        <time>2026-09-16T12:44:38Z</time>
        <hdop>4.9</hdop>
        <extensions>
          <osmand:speed>1.3</osmand:speed>
        </extensions>
      </trkpt>
      <trkpt lat="61.7728784" lon="34.3937124">
        <ele>88.8</ele>
        <time>2026-09-16T12:44:40Z</time>
        <hdop>5.3</hdop>
        <extensions>
          <osmand:speed>1.4</osmand:speed>
        </extensions>
      </trkpt>
      <trkpt lat="61.7728873" lon="34.3936766">
        <ele>88.8</ele>
        <time>2026-09-16T12:44:41Z</time>
        <hdop>5.6</hdop>
        <extensions>
          <osmand:speed>1.4</osmand:speed>
        </extensions>
      </trkpt>
      <trkpt lat="61.7728922" lon="34.3936373">
        <ele>88.8</ele>
        <time>2026-09-16T12:44:45Z</time>
        <hdop>5.9</hdop>
        <extensions>
          <osmand:speed>0.8</osmand:speed>
        </extensions>
      </trkpt>
      <trkpt lat="61.7728856" lon="34.3935966">
        <ele>88.8</ele>
        <time>2026-09-16T12:44:47Z</time>
        <hdop>5.7</hdop>
        <extensions>
          <osmand:speed>1</osmand:speed>
        </extensions>
      </trkpt>
      <trkpt lat="61.7728943" lon="34.3935513">
        <ele>88.8</ele>
        <time>2026-09-16T12:44:49Z</time>
        <hdop>5.6</hdop>
        <extensions>
          <osmand:speed>1.3</osmand:speed>
        </extensions>
      </trkpt>
      <trkpt lat="61.7729124" lon="34.3935221">
        <ele>87.3</ele>
        <time>2026-09-16T12:44:50Z</time>
        <hdop>5.7</hdop>
        <extensions>
          <osmand:speed>1.4</osmand:speed>
        </extensions>
      </trkpt>
      <trkpt lat="61.7729208" lon="34.3934827">
        <ele>87.3</ele>
        <time>2026-09-16T12:44:52Z</time>
        <hdop>5.9</hdop>
        <extensions>
          <osmand:speed>1.4</osmand:speed>
        </extensions>
      </trkpt>
      <trkpt lat="61.7729293" lon="34.3934356">
        <ele>87.3</ele>
        <time>2026-09-16T12:44:54Z</time>
        <hdop>6</hdop>
        <extensions>
          <osmand:speed>1.4</osmand:speed>
        </extensions>
      </trkpt>
      <trkpt lat="61.7729399" lon="34.3934007">
        <ele>81.5</ele>
        <time>2026-09-16T12:44:55Z</time>
        <hdop>5.9</hdop>
        <extensions>
          <osmand:speed>1.5</osmand:speed>
        </extensions>
      </trkpt>
      <trkpt lat="61.7729675" lon="34.3933864">
        <ele>81.5</ele>
        <time>2026-09-16T12:44:57Z</time>
        <hdop>5.9</hdop>
        <extensions>
          <osmand:speed>1.5</osmand:speed>
        </extensions>
      </trkpt>
      <trkpt lat="61.7729667" lon="34.3933381">
        <ele>81.5</ele>
        <time>2026-09-16T12:44:58Z</time>
        <hdop>5.6</hdop>
        <extensions>
          <osmand:speed>1.4</osmand:speed>
        </extensions>
      </trkpt>
      <trkpt lat="61.7729724" lon="34.3932884">
        <ele>81.5</ele>
        <time>2026-09-16T12:45:00Z</time>
        <hdop>5.2</hdop>
        <extensions>
          <osmand:speed>1.5</osmand:speed>
        </extensions>
      </trkpt>
      <trkpt lat="61.7729805" lon="34.3932479">
        <ele>81.5</ele>
        <time>2026-09-16T12:45:01Z</time>
        <hdop>4.9</hdop>
        <extensions>
          <osmand:speed>1.4</osmand:speed>
        </extensions>
      </trkpt>
      <trkpt lat="61.7729963" lon="34.3932219">
        <ele>81.5</ele>
        <time>2026-09-16T12:45:03Z</time>
        <hdop>4.3</hdop>
        <extensions>
          <osmand:speed>1.3</osmand:speed>
        </extensions>
      </trkpt>
      <trkpt lat="61.7730196" lon="34.3932287">
        <ele>82.1</ele>
        <time>2026-09-16T12:45:05Z</time>
        <hdop>4.4</hdop>
        <extensions>
          <osmand:speed>1.2</osmand:speed>
        </extensions>
      </trkpt>
      <trkpt lat="61.7730403" lon="34.3932351">
        <ele>82.1</ele>
        <time>2026-09-16T12:45:07Z</time>
        <hdop>4.6</hdop>
        <extensions>
          <osmand:speed>1.3</osmand:speed>
        </extensions>
      </trkpt>
      <trkpt lat="61.7730593" lon="34.3932377">
        <ele>82.1</ele>
        <time>2026-09-16T12:45:09Z</time>
        <hdop>5</hdop>
        <extensions>
          <osmand:speed>1.5</osmand:speed>
        </extensions>
      </trkpt>
      <trkpt lat="61.7730787" lon="34.393253">
        <ele>81.5</ele>
        <time>2026-09-16T12:45:10Z</time>
        <hdop>5.2</hdop>
        <extensions>
          <osmand:speed>1.5</osmand:speed>
        </extensions>
      </trkpt>
      <trkpt lat="61.7730996" lon="34.3932643">
        <ele>81.5</ele>
        <time>2026-09-16T12:45:12Z</time>
        <hdop>5.2</hdop>
        <extensions>
          <osmand:speed>1.5</osmand:speed>
        </extensions>
      </trkpt>
      <trkpt lat="61.7731183" lon="34.3932438">
        <ele>81.5</ele>
        <time>2026-09-16T12:45:14Z</time>
        <hdop>5</hdop>
        <extensions>
          <osmand:speed>1.5</osmand:speed>
        </extensions>
      </trkpt>
      <trkpt lat="61.7731412" lon="34.3932329">
        <ele>81.5</ele>
        <time>2026-09-16T12:45:16Z</time>
        <hdop>4.8</hdop>
        <extensions>
          <osmand:speed>1.6</osmand:speed>
        </extensions>
      </trkpt>
      <trkpt lat="61.773163" lon="34.3932305">
        <ele>81.5</ele>
        <time>2026-09-16T12:45:17Z</time>
        <hdop>4.8</hdop>
        <extensions>
          <osmand:speed>1.6</osmand:speed>
        </extensions>
      </trkpt>
      <trkpt lat="61.7731805" lon="34.3932141">
        <ele>81.5</ele>
        <time>2026-09-16T12:45:18Z</time>
        <hdop>4.8</hdop>
        <extensions>
          <osmand:speed>1.7</osmand:speed>
        </extensions>
      </trkpt>
      <trkpt lat="61.7732017" lon="34.3931953">
        <ele>81.5</ele>
        <time>2026-09-16T12:45:20Z</time>
        <hdop>5</hdop>
        <extensions>
          <osmand:speed>1.6</osmand:speed>
        </extensions>
      </trkpt>
      <trkpt lat="61.7732217" lon="34.3931744">
        <ele>81.5</ele>
        <time>2026-09-16T12:45:21Z</time>
        <hdop>5</hdop>
        <extensions>
          <osmand:speed>1.6</osmand:speed>
        </extensions>
      </trkpt>
      <trkpt lat="61.7732381" lon="34.3931496">
        <ele>81.5</ele>
        <time>2026-09-16T12:45:22Z</time>
        <hdop>5.1</hdop>
        <extensions>
          <osmand:speed>1.5</osmand:speed>
        </extensions>
      </trkpt>
      <trkpt lat="61.7732558" lon="34.3931247">
        <ele>81.5</ele>
        <time>2026-09-16T12:45:24Z</time>
        <hdop>5.2</hdop>
        <extensions>
          <osmand:speed>1.6</osmand:speed>
        </extensions>
      </trkpt>
      <trkpt lat="61.7732744" lon="34.3931061">
        <ele>81.5</ele>
        <time>2026-09-16T12:45:25Z</time>
        <hdop>5.4</hdop>
        <extensions>
          <osmand:speed>1.5</osmand:speed>
        </extensions>
      </trkpt>
      <trkpt lat="61.7732941" lon="34.3931093">
        <ele>81.5</ele>
        <time>2026-09-16T12:45:28Z</time>
        <hdop>5.6</hdop>
        <extensions>
          <osmand:speed>1.4</osmand:speed>
        </extensions>
      </trkpt>
      <trkpt lat="61.7733028" lon="34.3931437">
        <ele>81.6</ele>
        <time>2026-09-16T12:45:29Z</time>
        <hdop>5.4</hdop>
        <extensions>
          <osmand:speed>1.4</osmand:speed>
        </extensions>
      </trkpt>
      <trkpt lat="61.7733105" lon="34.3931798">
        <ele>81.6</ele>
        <time>2026-09-16T12:45:31Z</time>
        <hdop>4.6</hdop>
        <extensions>
          <osmand:speed>1.1</osmand:speed>
        </extensions>
      </trkpt>
      <trkpt lat="61.7733233" lon="34.3932092">
        <ele>81.6</ele>
        <time>2026-09-16T12:45:36Z</time>
        <hdop>4.6</hdop>
        <extensions>
          <osmand:speed>0.7</osmand:speed>
        </extensions>
      </trkpt>
      <trkpt lat="61.7733351" lon="34.393248">
        <ele>81.6</ele>
        <time>2026-09-16T12:45:38Z</time>
        <hdop>5.3</hdop>
        <extensions>
          <osmand:speed>0.8</osmand:speed>
        </extensions>
      </trkpt>
      <trkpt lat="61.7733402" lon="34.3932882">
        <ele>81.6</ele>
        <time>2026-09-16T12:45:40Z</time>
        <hdop>6</hdop>
        <extensions>
          <osmand:speed>1</osmand:speed>
        </extensions>
      </trkpt>
      <trkpt lat="61.7733333" lon="34.3933483">
        <ele>81.6</ele>
        <time>2026-09-16T12:45:41Z</time>
        <hdop>6.6</hdop>
        <extensions>
          <osmand:speed>1.1</osmand:speed>
        </extensions>
      </trkpt>
      <trkpt lat="61.7733316" lon="34.3933962">
        <ele>81.6</ele>
        <time>2026-09-16T12:45:42Z</time>
        <hdop>7</hdop>
        <extensions>
          <osmand:speed>1.2</osmand:speed>
        </extensions>
      </trkpt>
      <trkpt lat="61.7733357" lon="34.393442">
        <ele>81.6</ele>
        <time>2026-09-16T12:45:44Z</time>
        <hdop>7.5</hdop>
        <extensions>
          <osmand:speed>1.3</osmand:speed>
        </extensions>
      </trkpt>
      <trkpt lat="61.7733408" lon="34.3934906">
        <ele>81.6</ele>
        <time>2026-09-16T12:45:46Z</time>
        <hdop>8.1</hdop>
        <extensions>
          <osmand:speed>1.3</osmand:speed>
        </extensions>
      </trkpt>
      <trkpt lat="61.7733577" lon="34.3934719">
        <ele>82</ele>
        <time>2026-09-16T12:45:50Z</time>
        <hdop>8.6</hdop>
        <extensions>
          <osmand:speed>1.1</osmand:speed>
        </extensions>
      </trkpt>
    </trkseg>
  </trk>
  <extensions>
    <osmand:points_groups>
      <group name="" />
    </osmand:points_groups>
  </extensions>
</gpx>